{
  "train_joint": [
    15.511805054311003,
    13.19661326890581,
    11.023007515039337,
    9.071861699993692,
    7.301258390405205
  ],
  "train_task": [
    15.511805054311003,
    13.19661326890581,
    11.023007515039337,
    9.071861699993692,
    7.301258390405205
  ],
  "val_loss": [
    16.500744977811486,
    12.0529912855567,
    8.899062807967024,
    6.370688166269442,
    3.2240192227247286
  ],
  "val_acc": [
    0.7171253822629969,
    0.4920489296636086,
    0.39602446483180426,
    0.5211009174311927,
    0.5397553516819572
  ],
  "val_acc_true": [
    0.617314313821938,
    0.20609936055091,
    0.03246433841613379,
    0.2690605017215937,
    0.3280865715691097
  ],
  "val_acc_false": [
    0.8811641067097817,
    0.9620048504446241,
    0.9935327405012127,
    0.9353274050121261,
    0.8876313662085691
  ],
  "prompt_norm": [
    2.0409436225891113,
    2.0430245399475098,
    2.0478906631469727,
    2.0558650493621826,
    2.0679659843444824
  ]
}