{
  "train_joint": [
    13.672765506787247,
    12.778696675247021,
    12.623765604683522,
    12.640667231699053,
    12.440444759840377
  ],
  "train_task": [
    13.672765506787247,
    12.778696675247021,
    12.623765604683522,
    12.640667231699053,
    12.440444759840377
  ],
  "val_loss": [
    13.15930689834967,
    12.896632529468071,
    12.755231936384991,
    11.914228839409061,
    11.752944043787513
  ],
  "val_acc": [
    0.5376146788990825,
    0.5241590214067279,
    0.46636085626911317,
    0.45565749235474007,
    0.4507645259938838
  ],
  "val_acc_true": [
    0.2867683226758485,
    0.25676340383669455,
    0.161829808165273,
    0.1500245941957698,
    0.1529758976881456
  ],
  "val_acc_false": [
    0.9498787388843978,
    0.9636216653193209,
    0.9668552950687146,
    0.957962813257882,
    0.9401778496362166
  ],
  "prompt_norm": [
    0.6368409395217896,
    0.6371593475341797,
    0.6396925449371338,
    0.6416207551956177,
    0.6448860168457031
  ]
}