{
  "train_joint": [
    15.837066168195745,
    13.106672113397149,
    12.318964242399408,
    11.853435010588571,
    10.45695989373025
  ],
  "train_task": [
    15.837066168195745,
    13.106672113397149,
    12.318964242399408,
    11.853435010588571,
    10.45695989373025
  ],
  "val_loss": [
    13.016546537817979,
    12.175367113439048,
    11.731009408904285,
    10.206494108060511,
    8.805733536510933
  ],
  "val_acc": [
    0.5434250764525994,
    0.4675840978593272,
    0.42201834862385323,
    0.41773700305810396,
    0.39877675840978594
  ],
  "val_acc_true": [
    0.2926709296606001,
    0.15789473684210525,
    0.07870142646335465,
    0.06886374815543532,
    0.03590752582390556
  ],
  "val_acc_false": [
    0.9555375909458367,
    0.9765561843168957,
    0.9862570735650767,
    0.9911075181891673,
    0.9951495553759094
  ],
  "prompt_norm": [
    1.4386764764785767,
    1.4439126253128052,
    1.4486347436904907,
    1.4528346061706543,
    1.4632186889648438
  ]
}