{
  "train_joint": [
    14.024305568652206,
    11.304060691662048,
    10.03066999028238,
    8.125801815075821,
    5.671229365166654
  ],
  "train_task": [
    14.024305568652206,
    11.304060691662048,
    10.03066999028238,
    8.125801815075821,
    5.671229365166654
  ],
  "val_loss": [
    11.804008432713951,
    9.887218787030475,
    8.021691012964016,
    5.366610682882913,
    0.9690678279574324
  ],
  "val_acc": [
    0.4908256880733945,
    0.3837920489296636,
    0.40948012232415903,
    0.6862385321100918,
    0.6587155963302752
  ],
  "val_acc_true": [
    0.20954254795868174,
    0.009837678307919331,
    0.05705853418593212,
    0.9493359567142154,
    0.9931136251844564
  ],
  "val_acc_false": [
    0.9531123686337915,
    0.9983831851253031,
    0.9886822958771221,
    0.253839935327405,
    0.10913500404203719
  ],
  "prompt_norm": [
    2.8850760459899902,
    2.8980603218078613,
    2.90963077545166,
    2.9248149394989014,
    2.937955379486084
  ]
}