{
  "train_joint": [
    13.993014584230574,
    11.102215070403025,
    10.236427131395661,
    9.089859184522307,
    7.312667353769367
  ],
  "train_task": [
    13.993014584230574,
    11.102215070403025,
    10.236427131395661,
    9.089859184522307,
    7.312667353769367
  ],
  "val_loss": [
    10.860628216441084,
    9.679646771128585,
    8.481059269788789,
    6.777245482002817,
    4.165804095384551
  ],
  "val_acc": [
    0.40244648318042814,
    0.38440366972477064,
    0.38623853211009174,
    0.3908256880733945,
    0.37889908256880733
  ],
  "val_acc_true": [
    0.046237088047220855,
    0.010329562223315297,
    0.01426463354648303,
    0.026069847515986226,
    0.0014756517461878996
  ],
  "val_acc_false": [
    0.9878738884397736,
    0.9991915925626516,
    0.9975747776879548,
    0.9902991107518189,
    0.9991915925626516
  ],
  "prompt_norm": [
    2.8868796825408936,
    2.8959290981292725,
    2.906998634338379,
    2.9202377796173096,
    2.935208320617676
  ]
}