{
  "train_joint": [
    15.494847471258613,
    13.960853394497647,
    12.674784287441982,
    11.518572505136554,
    10.258171407292398
  ],
  "train_task": [
    15.494847471258613,
    13.960853394497647,
    12.674784287441982,
    11.518572505136554,
    10.258171407292398
  ],
  "val_loss": [
    16.654142272763135,
    14.622791839227444,
    12.037804636141148,
    10.160822221709461,
    8.075891252843345
  ],
  "val_acc": [
    0.7388379204892966,
    0.6321100917431193,
    0.472782874617737,
    0.40519877675840976,
    0.4559633027522936
  ],
  "val_acc_true": [
    0.661583866207575,
    0.4574520413182489,
    0.16822429906542055,
    0.04771273979340875,
    0.14658140678799803
  ],
  "val_acc_false": [
    0.8658043654001617,
    0.9191592562651576,
    0.973322554567502,
    0.9927243330638642,
    0.9644300727566694
  ],
  "prompt_norm": [
    2.0439794063568115,
    2.0508880615234375,
    2.0559113025665283,
    2.0597128868103027,
    2.065739154815674
  ]
}