{
  "train_joint": [
    13.906784901993998,
    12.934810895598337,
    12.75325229730499,
    12.6481316341443,
    12.31975678861811
  ],
  "train_task": [
    13.906784901993998,
    12.934810895598337,
    12.75325229730499,
    12.6481316341443,
    12.31975678861811
  ],
  "val_loss": [
    13.148075415448444,
    12.826547557551686,
    12.50728613225425,
    11.81225244940781,
    11.756293994624441
  ],
  "val_acc": [
    0.5403669724770642,
    0.5128440366972477,
    0.4489296636085627,
    0.44036697247706424,
    0.445565749235474
  ],
  "val_acc_true": [
    0.29168716182980814,
    0.23856369896704377,
    0.13477619281849484,
    0.13477619281849484,
    0.15100836202656173
  ],
  "val_acc_false": [
    0.9490703314470493,
    0.9636216653193209,
    0.9652384801940178,
    0.9426030719482619,
    0.9296685529506872
  ],
  "prompt_norm": [
    0.6353800296783447,
    0.6359336972236633,
    0.6374996900558472,
    0.6404702067375183,
    0.6442690491676331
  ]
}