{
  "train_joint": [
    16.019725983866145,
    13.472731071643615,
    12.286473512113764,
    11.378683998879422,
    10.424854700752858
  ],
  "train_task": [
    16.019725983866145,
    13.472731071643615,
    12.286473512113764,
    11.378683998879422,
    10.424854700752858
  ],
  "val_loss": [
    14.334699342308975,
    12.176767372503512,
    11.18544043564215,
    9.843953048892137,
    9.005239751862316
  ],
  "val_acc": [
    0.517125382262997,
    0.42415902140672784,
    0.41192660550458715,
    0.4584097859327217,
    0.4235474006116208
  ],
  "val_acc_true": [
    0.24249877029021152,
    0.07919331037875062,
    0.06000983767830792,
    0.14067879980324643,
    0.07919331037875062
  ],
  "val_acc_false": [
    0.9684721099434115,
    0.9911075181891673,
    0.9902991107518189,
    0.9805982215036378,
    0.9894907033144705
  ],
  "prompt_norm": [
    1.4414533376693726,
    1.4489319324493408,
    1.4528886079788208,
    1.4578381776809692,
    1.467648983001709
  ]
}