{
  "lambda_ppl": 0.25,
  "train_joint": [
    18.599794675536074,
    18.635727979369083,
    18.632214056435277,
    18.572694248264117,
    18.543804718276203
  ],
  "train_task": [
    16.439253527431166,
    16.468546713812877,
    16.46393254490222,
    16.407002138687393,
    16.39896975371797
  ],
  "train_ppl_loss": [
    8.642164500285004,
    8.668725101018357,
    8.67312600248951,
    8.662768579741655,
    8.579339950367556
  ],
  "train_ppl_ppx": [
    9412.35905849078,
    9196.63096271626,
    8889.072966011578,
    8918.241943500983,
    11334.946508271121
  ],
  "val_loss": [
    21.440258537850728,
    20.920211326785203,
    22.01032117517983,
    21.745003723516696,
    20.77901461531476
  ],
  "val_acc": [
    0.7975535168195719,
    0.7859327217125383,
    0.7948012232415902,
    0.7902140672782875,
    0.790519877675841
  ],
  "val_acc_true": [
    0.8130841121495327,
    0.7811116576487949,
    0.8047220855878012,
    0.778160354156419,
    0.7879980324643384
  ],
  "val_acc_false": [
    0.7720291026677445,
    0.793856103476152,
    0.778496362166532,
    0.8100242522231205,
    0.7946645109135004
  ],
  "prompt_ppl_ppx": [
    69092.72272079604,
    3409.3091211553483,
    3309.6037235906033,
    629.2112606001964,
    1124.6895891439422
  ]
}