{
  "lambda_ppl": 0.01,
  "train_joint": [
    16.474010220220535,
    16.48127305952169,
    16.489688732664465,
    16.449141082117112,
    16.445914066444008
  ],
  "train_task": [
    16.387319474301094,
    16.394831474756792,
    16.40331623917919,
    16.36264104034941,
    16.358641453112586
  ],
  "train_ppl_loss": [
    8.669075195668107,
    8.644156518224943,
    8.63724829140356,
    8.650004580869513,
    8.727259670677832
  ],
  "train_ppl_ppx": [
    10267.905160300905,
    11367.429075969765,
    9289.878402305572,
    10497.379415336476,
    11400.481564262178
  ],
  "val_loss": [
    21.14790781532846,
    22.287724369328195,
    21.39493663136552,
    20.454991382505835,
    21.171967352890388
  ],
  "val_acc": [
    0.791131498470948,
    0.7908256880733945,
    0.789908256880734,
    0.7886850152905199,
    0.7948012232415902
  ],
  "val_acc_true": [
    0.7939006394490901,
    0.780127889818003,
    0.7884899163797344,
    0.7791441219872111,
    0.8052139695031972
  ],
  "val_acc_false": [
    0.7865804365400162,
    0.8084074373484236,
    0.7922392886014551,
    0.8043654001616815,
    0.7776879547291835
  ],
  "prompt_ppl_ppx": [
    1125.1755762846394,
    2731.115935823536,
    12126.259951858714,
    19909.693862525826,
    2582.604215122649
  ]
}