{
  "lambda_ppl": 0.1,
  "train_joint": [
    17.278013853299417,
    17.226095173722605,
    17.249055970725365,
    17.298173647411797,
    17.253613741923186
  ],
  "train_task": [
    16.413656966969118,
    16.35473139326451,
    16.378776682837536,
    16.427497959136964,
    16.382031060881534
  ],
  "train_ppl_loss": [
    8.643568716210835,
    8.71363740694725,
    8.702792966163765,
    8.706756709793867,
    8.715827144202539
  ],
  "train_ppl_ppx": [
    9622.383241235828,
    13273.151226247075,
    11484.831363692947,
    10866.044967167254,
    10975.615441968414
  ],
  "val_loss": [
    21.925417495355372,
    21.732474508518127,
    21.76933229958139,
    18.966913976901914,
    22.426113286832482
  ],
  "val_acc": [
    0.7944954128440367,
    0.7923547400611621,
    0.7929663608562691,
    0.7951070336391437,
    0.7941896024464832
  ],
  "val_acc_true": [
    0.809640924741761,
    0.7820954254795868,
    0.7978357107722578,
    0.8160354156419085,
    0.7983275946876537
  ],
  "val_acc_false": [
    0.7696038803556993,
    0.809215844785772,
    0.7849636216653193,
    0.7607113985448666,
    0.7873888439773646
  ],
  "prompt_ppl_ppx": [
    8742.242479393666,
    1789.4235698747689,
    210844.2299607553,
    11520.857944465322,
    2261.8761646220905
  ]
}