{
  "lambda_ppl": 0.05,
  "train_joint": [
    16.888941603191828,
    16.842139064659506,
    16.77005874181198,
    16.83507709988093,
    16.856558429588706
  ],
  "train_task": [
    16.454183226116633,
    16.410278627427957,
    16.33752512689364,
    16.40262676012718,
    16.421655265355515
  ],
  "train_ppl_loss": [
    8.695167592420416,
    8.637208589456849,
    8.650671796475427,
    8.649006607572911,
    8.698063312950781
  ],
  "train_ppl_ppx": [
    10767.385704833936,
    9580.313034533401,
    9661.416738214302,
    9112.193590784933,
    10643.44244545714
  ],
  "val_loss": [
    21.518740453952695,
    22.344386096116974,
    21.58812460550448,
    21.073683194416326,
    21.312658235503406
  ],
  "val_acc": [
    0.7926605504587156,
    0.7978593272171254,
    0.791743119266055,
    0.7914373088685015,
    0.7987767584097859
  ],
  "val_acc_true": [
    0.8017707820954255,
    0.8160354156419085,
    0.7983275946876537,
    0.7963600590260699,
    0.8165272995573045
  ],
  "val_acc_false": [
    0.7776879547291835,
    0.7679870654810024,
    0.7809215844785772,
    0.7833468067906225,
    0.7696038803556993
  ],
  "prompt_ppl_ppx": [
    3712.180269383682,
    4758.766969254426,
    6252.120256295431,
    5067.000107464284,
    8901.160319198023
  ]
}