{
  "lambda_ppl": 0.5,
  "train_joint": [
    20.74897500054311,
    20.795006577443267,
    20.7778806330794,
    20.778528310484806,
    20.776924378993147
  ],
  "train_task": [
    16.413823670856022,
    16.47104141590959,
    16.415527471445376,
    16.411750963178733,
    16.41296963934171
  ],
  "train_ppl_loss": [
    8.670302623813436,
    8.647930283465628,
    8.724706359636986,
    8.733554718049906,
    8.727909489809457
  ],
  "train_ppl_ppx": [
    12602.54017054086,
    10129.04206081069,
    10862.546793103416,
    9864.37596856449,
    11893.556501345718
  ],
  "val_loss": [
    21.489867801201054,
    21.860371231451268,
    21.3761241261552,
    20.90085077053163,
    21.69458356717738
  ],
  "val_acc": [
    0.7883792048929663,
    0.7886850152905199,
    0.7990825688073394,
    0.8027522935779816,
    0.7990825688073394
  ],
  "val_acc_true": [
    0.779636005902607,
    0.780619773733399,
    0.8258730939498279,
    0.8184948352188883,
    0.807673389080177
  ],
  "val_acc_false": [
    0.8027485852869847,
    0.8019401778496362,
    0.7550525464834277,
    0.7768795472918351,
    0.7849636216653193
  ],
  "prompt_ppl_ppx": [
    23257.973653369325,
    4071.9227008208495,
    28534.990135722288,
    5702.030908640874,
    4946.971062563817
  ]
}