{
  "lambda_ppl": 0.75,
  "train_joint": [
    22.924243972261074,
    22.988828303450244,
    22.945483909219,
    22.894410013748427,
    22.878108305850272
  ],
  "train_task": [
    16.40337931422864,
    16.481083464218397,
    16.395974000833803,
    16.40067044759201,
    16.384419737023823
  ],
  "train_ppl_loss": [
    8.694486147670423,
    8.676993120322793,
    8.732679896435496,
    8.658319432856674,
    8.658251506999388
  ],
  "train_ppl_ppx": [
    11391.790203579449,
    12334.656587052932,
    11930.067471517154,
    9956.466423308764,
    10719.635636324125
  ],
  "val_loss": [
    21.292401979027726,
    21.6435723002364,
    21.19860976614603,
    21.65487408521699,
    19.81114242367628
  ],
  "val_acc": [
    0.7966360856269113,
    0.7990825688073394,
    0.7954128440366972,
    0.7963302752293578,
    0.7960244648318043
  ],
  "val_acc_true": [
    0.8061977373339891,
    0.809149040826365,
    0.823413674372848,
    0.8061977373339891,
    0.8180029513034923
  ],
  "val_acc_false": [
    0.7809215844785772,
    0.7825383993532741,
    0.7493936944219887,
    0.7801131770412287,
    0.7599029911075182
  ],
  "prompt_ppl_ppx": [
    17883.121698414325,
    21570.195490788028,
    5044.955074082794,
    8171.966145884122,
    6897.4644302255365
  ]
}