{
  "lambda_ppl": 0.0,
  "train_joint": [
    16.387522994865805,
    16.402433919098417,
    16.380086493088026,
    16.38387171858448,
    16.452094325372727
  ],
  "train_task": [
    16.387522994865805,
    16.402433919098417,
    16.380086493088026,
    16.38387171858448,
    16.452094325372727
  ],
  "train_ppl_loss": [
    0.0,
    0.0,
    0.0,
    0.0,
    0.0
  ],
  "train_ppl_ppx": [
    0.0,
    0.0,
    0.0,
    0.0,
    0.0
  ],
  "val_loss": [
    19.35478969667016,
    20.02060569204935,
    21.4175360516804,
    20.551574185999428,
    20.978558377521793
  ],
  "val_acc": [
    0.7853211009174312,
    0.7889908256880734,
    0.7896024464831805,
    0.7948012232415902,
    0.7886850152905199
  ],
  "val_acc_true": [
    0.7688145597638957,
    0.7968519429414658,
    0.7865223807181505,
    0.8061977373339891,
    0.7855386128873586
  ],
  "val_acc_false": [
    0.8124494745351657,
    0.7760711398544866,
    0.7946645109135004,
    0.7760711398544866,
    0.793856103476152
  ],
  "prompt_ppl_ppx": [
    0.0,
    0.0,
    0.0,
    0.0,
    0.0
  ]
}