{
  "lambda_ppl": 1.0,
  "train_joint": [
    25.061244802959894,
    25.118535397416455,
    25.073570671728103,
    25.063274173413294,
    25.017766270395054
  ],
  "train_task": [
    16.40219164217933,
    16.409906578063964,
    16.36575678970854,
    16.436886090747382,
    16.352798760947536
  ],
  "train_ppl_loss": [
    8.659053154314979,
    8.708628766011383,
    8.707813845650625,
    8.626388081857714,
    8.664967522378696
  ],
  "train_ppl_ppx": [
    9997.097524262696,
    13761.676656039976,
    10536.23951088309,
    9331.645352963293,
    10226.857425109454
  ],
  "val_loss": [
    22.30267217682629,
    19.84886106165444,
    21.71053009963617,
    21.203179429217084,
    21.311805204065834
  ],
  "val_acc": [
    0.7996941896024465,
    0.7957186544342507,
    0.7975535168195719,
    0.7951070336391437,
    0.7914373088685015
  ],
  "val_acc_true": [
    0.8071815051647812,
    0.7993113625184457,
    0.8071815051647812,
    0.8066896212493851,
    0.7993113625184457
  ],
  "val_acc_false": [
    0.7873888439773646,
    0.7898140662894099,
    0.7817299919159256,
    0.7760711398544866,
    0.778496362166532
  ],
  "prompt_ppl_ppx": [
    1782.5458639436076,
    6346.0240576009855,
    2929.489699344741,
    989.2304886749687,
    8484.859574040262
  ]
}