{
  "lambda_ppl": 0.5,
  "train_joint": [
    22.533241906326808,
    22.564596287588056,
    22.593450109074624,
    22.5510195399938,
    22.567208712288505,
    22.55939469498195,
    22.603443831540226,
    22.559009346265473,
    22.564415428075897,
    22.534421689322826
  ],
  "train_task": [
    16.711436023069233,
    16.742790397901214,
    16.77164422581705,
    16.729213643877692,
    16.745402826887837,
    16.737588809581286,
    16.781637937567208,
    16.737203450149366,
    16.74260953195979,
    16.712615786777455
  ],
  "train_ppl_loss": [
    11.643610954284668,
    11.643610954284668,
    11.643610954284668,
    11.643610954284668,
    11.643610954284668,
    11.643610954284668,
    11.643610954284668,
    11.643610954284668,
    11.643610954284668,
    11.643610954284668
  ],
  "train_ppl_ppx": [
    113960.93056387451,
    113960.93056387451,
    113960.93056387451,
    113960.93056387451,
    113960.93056387451,
    113960.93056387451,
    113960.93056387451,
    113960.93056387451,
    113960.93056387451,
    113960.93056387451
  ],
  "val_loss": [
    14.017227614798196,
    12.333706948815323,
    11.548009788699266,
    11.05299811944729,
    10.680483869226967,
    10.3892424978861,
    10.16669181265482,
    9.954083484556616,
    9.668925024823444,
    9.44504082377364
  ],
  "val_acc": [
    0.7204892966360856,
    0.6211009174311927,
    0.553822629969419,
    0.5076452599388379,
    0.4746177370030581,
    0.4541284403669725,
    0.43241590214067277,
    0.42446483180428135,
    0.40428134556574924,
    0.39235474006116206
  ],
  "val_acc_true": [
    0.6379734382685687,
    0.4382685686178062,
    0.308411214953271,
    0.22479094933595672,
    0.16281357599606494,
    0.1249385145105755,
    0.08853910477127398,
    0.07575012297097884,
    0.04279390063944909,
    0.023118544023610427
  ],
  "val_acc_false": [
    0.8561034761519806,
    0.9215844785772029,
    0.9571544058205336,
    0.9725141471301536,
    0.9870654810024252,
    0.9951495553759094,
    0.9975747776879548,
    0.9975747776879548,
    0.9983831851253031,
    0.9991915925626516
  ],
  "prompt_ppl_ppx": [
    113960.93056387428,
    113960.93056387428,
    113960.93056387428,
    113960.93056387428,
    113960.93056387428,
    113960.93056387428,
    113960.93056387428,
    113960.93056387428,
    113960.93056387428,
    113960.93056387428
  ]
}