{
  "lambda_ppl": 0.0,
  "train_joint": [
    17.693263885412325,
    17.7216067946359,
    17.709063307087074,
    17.68099392665906,
    17.761596386084396,
    17.704695429426902,
    17.67629268303346,
    17.7034641844503,
    17.720477684963956,
    17.69837468393733
  ],
  "train_task": [
    17.693263885412325,
    17.7216067946359,
    17.709063307087074,
    17.68099392665906,
    17.761596386084396,
    17.704695429426902,
    17.67629268303346,
    17.7034641844503,
    17.720477684963956,
    17.69837468393733
  ],
  "train_ppl_loss": [
    0.0,
    0.0,
    0.0,
    0.0,
    0.0,
    0.0,
    0.0,
    0.0,
    0.0,
    0.0
  ],
  "train_ppl_ppx": [
    0.0,
    0.0,
    0.0,
    0.0,
    0.0,
    0.0,
    0.0,
    0.0,
    0.0,
    0.0
  ],
  "val_loss": [
    0.16641458461924297,
    0.14543123365175434,
    0.15848794139739944,
    0.16113024383056454,
    0.15629915271590394,
    0.17612920516147845,
    0.1638602911699109,
    0.15676837850634645,
    0.17084767596750725,
    0.16471198855376826
  ],
  "val_acc": [
    0.6629969418960244,
    0.7198776758409786,
    0.652599388379205,
    0.6363914373088685,
    0.6795107033639144,
    0.6235474006116208,
    0.637308868501529,
    0.6565749235474007,
    0.6229357798165137,
    0.6250764525993884
  ],
  "val_acc_true": [
    0.9945892769306444,
    0.9429414658140679,
    0.9936055090998525,
    0.9926217412690606,
    0.9326119035907526,
    1.0,
    0.8455484505656665,
    0.9926217412690606,
    1.0,
    0.999508116084604
  ],
  "val_acc_false": [
    0.11802748585286985,
    0.3532740501212611,
    0.09215844785772029,
    0.05092966855295069,
    0.2635408245755861,
    0.004850444624090542,
    0.2950687146321746,
    0.10428455941794665,
    0.0032336297493936943,
    0.009700889248181084
  ],
  "prompt_ppl_ppx": [
    0.0,
    0.0,
    0.0,
    0.0,
    0.0,
    0.0,
    0.0,
    0.0,
    0.0,
    0.0
  ]
}