{
  "lambda_ppl": 0.0,
  "train_joint": [
    16.990563966986837,
    17.018771598044406,
    16.900255273968988,
    16.953195574042503,
    16.944475315394026,
    16.980473503369964,
    16.940255295828486,
    16.893802644965355,
    16.867850166492246,
    17.046174240112304
  ],
  "train_task": [
    16.990563966986837,
    17.018771598044406,
    16.900255273968988,
    16.953195574042503,
    16.944475315394026,
    16.980473503369964,
    16.940255295828486,
    16.893802644965355,
    16.867850166492246,
    17.046174240112304
  ],
  "train_ppl_loss": [
    0.0,
    0.0,
    0.0,
    0.0,
    0.0,
    0.0,
    0.0,
    0.0,
    0.0,
    0.0
  ],
  "train_ppl_ppx": [
    0.0,
    0.0,
    0.0,
    0.0,
    0.0,
    0.0,
    0.0,
    0.0,
    0.0,
    0.0
  ],
  "val_loss": [
    0.16304660410415836,
    0.1852313187064194,
    0.1838016689550586,
    0.16653191767087797,
    0.1666079176271834,
    0.18484174274816745,
    0.1760183291464317,
    0.17681925732914994,
    0.16830376837311722,
    0.1686025191371034
  ],
  "val_acc": [
    0.6284403669724771,
    0.39204892966360855,
    0.3819571865443425,
    0.6217125382262997,
    0.6226299694189602,
    0.6217125382262997,
    0.4675840978593272,
    0.4470948012232416,
    0.6220183486238532,
    0.6278287461773701
  ],
  "val_acc_true": [
    0.999508116084604,
    0.026069847515986226,
    0.015248401377274963,
    1.0,
    1.0,
    1.0,
    0.2838170191834727,
    0.23020167240531234,
    0.9931136251844564,
    0.9606492867683227
  ],
  "val_acc_false": [
    0.018593371059013743,
    0.9935327405012127,
    0.98464025869038,
    0.0,
    0.002425222312045271,
    0.0,
    0.7696038803556993,
    0.8035569927243331,
    0.012126111560226353,
    0.08084074373484236
  ],
  "prompt_ppl_ppx": [
    0.0,
    0.0,
    0.0,
    0.0,
    0.0,
    0.0,
    0.0,
    0.0,
    0.0,
    0.0
  ]
}