{
  "lambda_ppl": 0.5,
  "train_joint": [
    20.68968376845456,
    20.678949261783213,
    20.65902692387613,
    20.69678964507714,
    20.67085737164101,
    20.701367586114433,
    20.648437229970867,
    20.63959866212995,
    20.696050138152046,
    20.706086645233498
  ],
  "train_task": [
    16.411181267727628,
    16.400446724623777,
    16.38052440171831,
    16.418287101488435,
    16.392354909489665,
    16.422865072528968,
    16.3699347721057,
    16.36109613997213,
    16.41754758813408,
    16.427584131648032
  ],
  "train_ppl_loss": [
    8.557004928588867,
    8.557004928588867,
    8.557004928588867,
    8.557004928588867,
    8.557004928588867,
    8.557004928588867,
    8.557004928588867,
    8.557004928588867,
    8.557004928588867,
    8.557004928588867
  ],
  "train_ppl_ppx": [
    5203.0742332839645,
    5203.0742332839645,
    5203.0742332839645,
    5203.0742332839645,
    5203.0742332839645,
    5203.0742332839645,
    5203.0742332839645,
    5203.0742332839645,
    5203.0742332839645,
    5203.0742332839645
  ],
  "val_loss": [
    3.4239791846856837,
    0.256685568792064,
    9.12935848701291,
    1.5093132740113793,
    0.23693163729295497,
    0.18493306607734866,
    0.18625481161402493,
    0.18390143110257823,
    0.17895439536106295,
    0.18321811262427307
  ],
  "val_acc": [
    0.3782874617737003,
    0.6220183486238532,
    0.3782874617737003,
    0.3782874617737003,
    0.6214067278287462,
    0.6217125382262997,
    0.6217125382262997,
    0.6217125382262997,
    0.6217125382262997,
    0.6217125382262997
  ],
  "val_acc_true": [
    0.0,
    1.0,
    0.0,
    0.0,
    0.9990162321692081,
    1.0,
    1.0,
    1.0,
    1.0,
    1.0
  ],
  "val_acc_false": [
    1.0,
    0.0008084074373484236,
    1.0,
    1.0,
    0.0008084074373484236,
    0.0,
    0.0,
    0.0,
    0.0,
    0.0
  ],
  "prompt_ppl_ppx": [
    5203.07423328398,
    5203.07423328398,
    5203.07423328398,
    5203.07423328398,
    5203.07423328398,
    5203.07423328398,
    5203.07423328398,
    5203.07423328398,
    5203.07423328398,
    5203.07423328398
  ]
}