{
  "lambda_ppl": 0.5,
  "train_joint": [
    20.92437663560503,
    20.93617701155416,
    20.854272490940737,
    20.929360421855797,
    20.85344785626015,
    20.914303854610143,
    20.86967774723353,
    20.899811502520958,
    20.947028085087123,
    20.881269429238994
  ],
  "train_task": [
    16.20202556138628,
    16.213825933049232,
    16.131921416721987,
    16.207009343350872,
    16.131096786327575,
    16.19195275896051,
    16.147326681587135,
    16.17746043687456,
    16.22467700229602,
    16.158918370021862
  ],
  "train_ppl_loss": [
    9.4447021484375,
    9.4447021484375,
    9.4447021484375,
    9.4447021484375,
    9.4447021484375,
    9.4447021484375,
    9.4447021484375,
    9.4447021484375,
    9.4447021484375,
    9.4447021484375
  ],
  "train_ppl_ppx": [
    12641.017317447879,
    12641.017317447879,
    12641.017317447879,
    12641.017317447879,
    12641.017317447879,
    12641.017317447879,
    12641.017317447879,
    12641.017317447879,
    12641.017317447879,
    12641.017317447879
  ],
  "val_loss": [
    3.649718374159278,
    2.7102153557102855,
    0.20516981149955493,
    0.2177711662722797,
    0.22531950328408218,
    0.18576300235056295,
    0.262574281016501,
    0.21682084333605883,
    0.18519679740434739,
    0.19341982297781038
  ],
  "val_acc": [
    0.3779816513761468,
    0.41284403669724773,
    0.6440366972477064,
    0.6467889908256881,
    0.6262996941896024,
    0.6461773700305811,
    0.6229357798165137,
    0.6247706422018349,
    0.6327217125382263,
    0.6290519877675841
  ],
  "val_acc_true": [
    0.0004918839153959665,
    0.06345302508607968,
    0.9970486965076242,
    0.9960649286768323,
    1.0,
    0.9945892769306444,
    1.0,
    1.0,
    0.999508116084604,
    1.0
  ],
  "val_acc_false": [
    0.9983831851253031,
    0.9870654810024252,
    0.06386418755052546,
    0.07275666936135812,
    0.012126111560226353,
    0.07356507679870655,
    0.0032336297493936943,
    0.008084074373484237,
    0.029911075181891674,
    0.019401778496362168
  ],
  "prompt_ppl_ppx": [
    12641.017317447955,
    12641.017317447955,
    12641.017317447955,
    12641.017317447955,
    12641.017317447955,
    12641.017317447955,
    12641.017317447955,
    12641.017317447955,
    12641.017317447955,
    12641.017317447955
  ]
}