{
  "lambda_ppl": 0.0,
  "train_joint": [
    17.734191624502117,
    17.762903539250406,
    17.724788912226646,
    17.71982709477457,
    17.728061343846697,
    17.683444775356335,
    17.72731575912304,
    17.672878908307364,
    17.620557334985627,
    17.70877792058366
  ],
  "train_task": [
    17.734191624502117,
    17.762903539250406,
    17.724788912226646,
    17.71982709477457,
    17.728061343846697,
    17.683444775356335,
    17.72731575912304,
    17.672878908307364,
    17.620557334985627,
    17.70877792058366
  ],
  "train_ppl_loss": [
    0.0,
    0.0,
    0.0,
    0.0,
    0.0,
    0.0,
    0.0,
    0.0,
    0.0,
    0.0
  ],
  "train_ppl_ppx": [
    0.0,
    0.0,
    0.0,
    0.0,
    0.0,
    0.0,
    0.0,
    0.0,
    0.0,
    0.0
  ],
  "val_loss": [
    11.9658132180935,
    2.290521425154151,
    0.17823441733674306,
    0.18386605483729665,
    10.865807640261766,
    4.543211667130633,
    0.18913637730406552,
    0.215028473407757,
    0.21625412648043982,
    0.19463756033560126
  ],
  "val_acc": [
    0.4691131498470948,
    0.38470948012232414,
    0.6217125382262997,
    0.6217125382262997,
    0.37889908256880733,
    0.5305810397553516,
    0.6217125382262997,
    0.6217125382262997,
    0.6217125382262997,
    0.6217125382262997
  ],
  "val_acc_true": [
    0.22282341367437286,
    0.02016724053123463,
    0.9985243482538121,
    1.0,
    0.004426955238563699,
    0.4864731923266109,
    1.0,
    1.0,
    1.0,
    1.0
  ],
  "val_acc_false": [
    0.8738884397736459,
    0.9838318512530315,
    0.002425222312045271,
    0.0,
    0.994341147938561,
    0.603071948261924,
    0.0,
    0.0,
    0.0,
    0.0
  ],
  "prompt_ppl_ppx": [
    0.0,
    0.0,
    0.0,
    0.0,
    0.0,
    0.0,
    0.0,
    0.0,
    0.0,
    0.0
  ]
}