{
  "lambda_ppl": 0.0,
  "train_joint": [
    16.522177449772865,
    16.526324814357114,
    16.54085178803862,
    16.540837547216523,
    16.554878738489045,
    16.4901748207178,
    16.55402528784248,
    16.518401842438774,
    16.574772601181202,
    16.53703752581993
  ],
  "train_task": [
    16.522177449772865,
    16.526324814357114,
    16.54085178803862,
    16.540837547216523,
    16.554878738489045,
    16.4901748207178,
    16.55402528784248,
    16.518401842438774,
    16.574772601181202,
    16.53703752581993
  ],
  "train_ppl_loss": [
    0.0,
    0.0,
    0.0,
    0.0,
    0.0,
    0.0,
    0.0,
    0.0,
    0.0,
    0.0
  ],
  "train_ppl_ppx": [
    0.0,
    0.0,
    0.0,
    0.0,
    0.0,
    0.0,
    0.0,
    0.0,
    0.0,
    0.0
  ],
  "val_loss": [
    1.6099073851980814,
    0.16297520642600408,
    0.1541816901143004,
    3.4200596041795683,
    2.875926360851381,
    0.22274936757436611,
    0.19015614081446716,
    0.20089663561524415,
    0.17132986351484206,
    0.15344119202799913
  ],
  "val_acc": [
    0.3782874617737003,
    0.6483180428134556,
    0.6785932721712539,
    0.5327217125382263,
    0.7262996941896025,
    0.6305810397553517,
    0.637308868501529,
    0.6330275229357798,
    0.6418960244648318,
    0.6694189602446483
  ],
  "val_acc_true": [
    0.0,
    0.9965568125922283,
    0.9813084112149533,
    0.29168716182980814,
    0.7112641416625677,
    1.0,
    0.9975405804230202,
    1.0,
    0.9970486965076242,
    0.9901623216920806
  ],
  "val_acc_false": [
    1.0,
    0.07599029911075182,
    0.18108326596604687,
    0.9288601455133387,
    0.7510105092966856,
    0.023443815683104285,
    0.04527081649151172,
    0.029911075181891674,
    0.0582053354890865,
    0.14227970897332257
  ],
  "prompt_ppl_ppx": [
    0.0,
    0.0,
    0.0,
    0.0,
    0.0,
    0.0,
    0.0,
    0.0,
    0.0,
    0.0
  ]
}