{
  "lambda_ppl": 1.0,
  "train_joint": [
    24.970834127704748,
    24.953383850783446,
    24.99250778026795,
    24.972318344973445,
    25.007092979516877,
    25.01732317035118,
    24.998477948649544,
    24.984134768368154,
    24.957069474123838,
    24.92694051506814
  ],
  "train_task": [
    17.53388916187072,
    17.516438884949416,
    17.555562818720098,
    17.535373383425593,
    17.570148017969025,
    17.58037820666024,
    17.561532984958607,
    17.547189806820302,
    17.520124510432897,
    17.489995557806466
  ],
  "train_ppl_loss": [
    7.436944961547852,
    7.436944961547852,
    7.436944961547852,
    7.436944961547852,
    7.436944961547852,
    7.436944961547852,
    7.436944961547852,
    7.436944961547852,
    7.436944961547852,
    7.436944961547852
  ],
  "train_ppl_ppx": [
    1697.5561917702432,
    1697.5561917702432,
    1697.5561917702432,
    1697.5561917702432,
    1697.5561917702432,
    1697.5561917702432,
    1697.5561917702432,
    1697.5561917702432,
    1697.5561917702432,
    1697.5561917702432
  ],
  "val_loss": [
    12.188125093971811,
    10.907565614653796,
    10.505101217874666,
    10.230965753880943,
    9.978913218800615,
    9.713599544618187,
    9.437487444063512,
    9.07819055231606,
    8.649381000239675,
    8.042801140575873
  ],
  "val_acc": [
    0.6149847094801223,
    0.46055045871559636,
    0.42415902140672784,
    0.4018348623853211,
    0.39571865443425075,
    0.39051987767584095,
    0.39204892966360855,
    0.39357798165137614,
    0.40856269113149846,
    0.44067278287461775
  ],
  "val_acc_true": [
    0.411706837186424,
    0.13772749631087064,
    0.07476635514018691,
    0.03885882931628136,
    0.028037383177570093,
    0.019675356615838663,
    0.022134776192818496,
    0.02557796360059026,
    0.05115592720118052,
    0.10526315789473684
  ],
  "val_acc_false": [
    0.9490703314470493,
    0.9911075181891673,
    0.9983831851253031,
    0.9983831851253031,
    1.0,
    1.0,
    1.0,
    0.9983831851253031,
    0.9959579628132579,
    0.9919159256265158
  ],
  "prompt_ppl_ppx": [
    1697.5561917702412,
    1697.5561917702412,
    1697.5561917702412,
    1697.5561917702412,
    1697.5561917702412,
    1697.5561917702412,
    1697.5561917702412,
    1697.5561917702412,
    1697.5561917702412,
    1697.5561917702412
  ]
}