{
  "lambda_ppl": 0.5,
  "train_joint": [
    22.884511883339187,
    22.85275921768017,
    22.835187727681706,
    22.863628443171468,
    22.8642418979259,
    22.86769169153792,
    22.8791903506504,
    22.90663953631112,
    22.877609008617615,
    22.910779057192
  ],
  "train_task": [
    17.458486484141833,
    17.426733822768995,
    17.409162328484353,
    17.437603046117204,
    17.438216500871636,
    17.441666294483657,
    17.453164957882315,
    17.48061414139994,
    17.451583617992615,
    17.48475364942229
  ],
  "train_ppl_loss": [
    10.852051734924316,
    10.852051734924316,
    10.852051734924316,
    10.852051734924316,
    10.852051734924316,
    10.852051734924316,
    10.852051734924316,
    10.852051734924316,
    10.852051734924316,
    10.852051734924316
  ],
  "train_ppl_ppx": [
    51639.99431772793,
    51639.99431772793,
    51639.99431772793,
    51639.99431772793,
    51639.99431772793,
    51639.99431772793,
    51639.99431772793,
    51639.99431772793,
    51639.99431772793,
    51639.99431772793
  ],
  "val_loss": [
    0.17091182470321656,
    0.16801196685651454,
    0.17849097440882428,
    0.1686696230638318,
    0.1666533655146273,
    0.17977277062288144,
    0.16636812374359225,
    0.16539742801247573,
    0.16643749577243153,
    0.16640131669800456
  ],
  "val_acc": [
    0.5501529051987768,
    0.5957186544342508,
    0.42874617737003057,
    0.6217125382262997,
    0.6217125382262997,
    0.41437308868501527,
    0.6220183486238532,
    0.6247706422018349,
    0.6223241590214067,
    0.6220183486238532
  ],
  "val_acc_true": [
    0.4058042302016724,
    0.691096901131333,
    0.161829808165273,
    1.0,
    1.0,
    0.10870634530250861,
    1.0,
    0.999508116084604,
    0.999508116084604,
    1.0
  ],
  "val_acc_false": [
    0.7873888439773646,
    0.43896523848019403,
    0.8674211802748585,
    0.0,
    0.0,
    0.9167340339531124,
    0.0008084074373484236,
    0.00889248181083266,
    0.002425222312045271,
    0.0008084074373484236
  ],
  "prompt_ppl_ppx": [
    51639.994317727724,
    51639.994317727724,
    51639.994317727724,
    51639.994317727724,
    51639.994317727724,
    51639.994317727724,
    51639.994317727724,
    51639.994317727724,
    51639.994317727724,
    51639.994317727724
  ]
}