{
  "lambda_ppl": 1.0,
  "train_joint": [
    25.777324616507197,
    25.766506066483057,
    25.8108037841454,
    25.816729800620777,
    25.80389911351579,
    25.838079066758745,
    25.763649505443787,
    25.886452128378192,
    25.770297648397726,
    25.809060823247673
  ],
  "train_task": [
    16.847539822439128,
    16.836721295988962,
    16.88101901150821,
    16.886945047271386,
    16.87411434516478,
    16.90829429197847,
    16.833864728520425,
    16.956667355741008,
    16.84051289933451,
    16.879276037751957
  ],
  "train_ppl_loss": [
    8.929784774780273,
    8.929784774780273,
    8.929784774780273,
    8.929784774780273,
    8.929784774780273,
    8.929784774780273,
    8.929784774780273,
    8.929784774780273,
    8.929784774780273,
    8.929784774780273
  ],
  "train_ppl_ppx": [
    7553.639467574309,
    7553.639467574309,
    7553.639467574309,
    7553.639467574309,
    7553.639467574309,
    7553.639467574309,
    7553.639467574309,
    7553.639467574309,
    7553.639467574309,
    7553.639467574309
  ],
  "val_loss": [
    0.1692703178743037,
    0.17573137305131772,
    0.15786866563849333,
    0.16966252475976945,
    0.16390062417925857,
    0.1617761922682204,
    0.16578874079192557,
    0.1667258497054984,
    0.16847108697018973,
    0.1735707708611721
  ],
  "val_acc": [
    0.5718654434250765,
    0.4972477064220184,
    0.6831804281345566,
    0.6253822629969419,
    0.6247706422018349,
    0.6385321100917432,
    0.6229357798165137,
    0.6223241590214067,
    0.6220183486238532,
    0.6217125382262997
  ],
  "val_acc_true": [
    0.4294146581406788,
    0.26414166256763405,
    0.9542547958681751,
    1.0,
    0.9990162321692081,
    0.9975405804230202,
    1.0,
    1.0,
    1.0,
    1.0
  ],
  "val_acc_false": [
    0.8059822150363783,
    0.8803556992724333,
    0.23767178658043653,
    0.009700889248181084,
    0.009700889248181084,
    0.04850444624090541,
    0.0032336297493936943,
    0.0016168148746968471,
    0.0008084074373484236,
    0.0
  ],
  "prompt_ppl_ppx": [
    7553.639467574362,
    7553.639467574362,
    7553.639467574362,
    7553.639467574362,
    7553.639467574362,
    7553.639467574362,
    7553.639467574362,
    7553.639467574362,
    7553.639467574362,
    7553.639467574362
  ]
}