{
  "lambda_ppl": 1.0,
  "train_joint": [
    25.946574401855468,
    25.899624200885217,
    25.887531391958174,
    25.871993984265274,
    25.911684623461092,
    25.869390783417092,
    25.90571274918117,
    25.92270921428552,
    25.937316093016207,
    25.862875151902102
  ],
  "train_task": [
    17.017506777302604,
    16.970556587047792,
    16.958463795265455,
    16.94292635756932,
    16.98261701819602,
    16.940323173865842,
    16.976645161060805,
    16.99364159187574,
    17.008248464177164,
    16.933807531635413
  ],
  "train_ppl_loss": [
    8.929067611694336,
    8.929067611694336,
    8.929067611694336,
    8.929067611694336,
    8.929067611694336,
    8.929067611694336,
    8.929067611694336,
    8.929067611694336,
    8.929067611694336,
    8.929067611694336
  ],
  "train_ppl_ppx": [
    7548.224218224285,
    7548.224218224285,
    7548.224218224285,
    7548.224218224285,
    7548.224218224285,
    7548.224218224285,
    7548.224218224285,
    7548.224218224285,
    7548.224218224285,
    7548.224218224285
  ],
  "val_loss": [
    0.17062016107687136,
    0.48502779879221103,
    0.1691605006049319,
    0.18360724183844357,
    0.16837873506109888,
    0.17618065945258954,
    0.18521843723407605,
    0.17659387617576414,
    0.16742727036883193,
    0.17016039436183325
  ],
  "val_acc": [
    0.6073394495412844,
    0.3782874617737003,
    0.6100917431192661,
    0.6217125382262997,
    0.6220183486238532,
    0.6220183486238532,
    0.6217125382262997,
    0.6217125382262997,
    0.6207951070336392,
    0.6217125382262997
  ],
  "val_acc_true": [
    0.9208066896212493,
    0.0,
    0.9542547958681751,
    1.0,
    0.999508116084604,
    1.0,
    1.0,
    1.0,
    0.9985243482538121,
    1.0
  ],
  "val_acc_false": [
    0.09215844785772029,
    1.0,
    0.0444624090541633,
    0.0,
    0.0016168148746968471,
    0.0008084074373484236,
    0.0,
    0.0,
    0.0,
    0.0
  ],
  "prompt_ppl_ppx": [
    7548.224218224304,
    7548.224218224304,
    7548.224218224304,
    7548.224218224304,
    7548.224218224304,
    7548.224218224304,
    7548.224218224304,
    7548.224218224304,
    7548.224218224304,
    7548.224218224304
  ]
}