{
  "lambda_ppl": 0.0,
  "train_joint": [
    16.94429017827752,
    16.927035445309755,
    16.92186407024941,
    16.94921785204598,
    16.914297845390404,
    16.956407675582373,
    16.947232687875125,
    16.930665346209924,
    16.874491367983016,
    16.919924847463545
  ],
  "train_task": [
    16.94429017827752,
    16.927035445309755,
    16.92186407024941,
    16.94921785204598,
    16.914297845390404,
    16.956407675582373,
    16.947232687875125,
    16.930665346209924,
    16.874491367983016,
    16.919924847463545
  ],
  "train_ppl_loss": [
    0.0,
    0.0,
    0.0,
    0.0,
    0.0,
    0.0,
    0.0,
    0.0,
    0.0,
    0.0
  ],
  "train_ppl_ppx": [
    0.0,
    0.0,
    0.0,
    0.0,
    0.0,
    0.0,
    0.0,
    0.0,
    0.0,
    0.0
  ],
  "val_loss": [
    16.629511684324683,
    13.236798658603576,
    11.77638674014952,
    10.974112361814917,
    10.459795109818621,
    10.027660676909656,
    9.61080746069187,
    9.21764965057373,
    8.805768868981339,
    8.38671681008688
  ],
  "val_acc": [
    0.7865443425076453,
    0.690519877675841,
    0.5807339449541284,
    0.5073394495412844,
    0.46972477064220186,
    0.45168195718654436,
    0.445565749235474,
    0.4363914373088685,
    0.44801223241590216,
    0.46269113149847096
  ],
  "val_acc_true": [
    0.7766847024102311,
    0.573044761436301,
    0.3575996064928677,
    0.2267584849975406,
    0.15641908509591737,
    0.1234628627643876,
    0.1131333005410723,
    0.09985243482538121,
    0.1205115592720118,
    0.14658140678799803
  ],
  "val_acc_false": [
    0.8027485852869847,
    0.883589329021827,
    0.9474535165723524,
    0.9684721099434115,
    0.98464025869038,
    0.9911075181891673,
    0.9919159256265158,
    0.9894907033144705,
    0.9862570735650767,
    0.9822150363783346
  ],
  "prompt_ppl_ppx": [
    0.0,
    0.0,
    0.0,
    0.0,
    0.0,
    0.0,
    0.0,
    0.0,
    0.0,
    0.0
  ]
}