{
  "lambda_ppl": 0.5,
  "train_joint": [
    21.384010992157325,
    21.355798369846987,
    21.32102599411868,
    21.40576420044631,
    21.44875835461563,
    21.441424779141887,
    21.375248555387003,
    21.386317225252643,
    21.37184797565589,
    21.3636399729868
  ],
  "train_task": [
    17.3334815228923,
    17.30526889843887,
    17.27049652913983,
    17.355234731181284,
    17.398228878921337,
    17.39089530987686,
    17.32471909683742,
    17.335787751701442,
    17.32131850639086,
    17.313110510151038
  ],
  "train_ppl_loss": [
    8.101058006286621,
    8.101058006286621,
    8.101058006286621,
    8.101058006286621,
    8.101058006286621,
    8.101058006286621,
    8.101058006286621,
    8.101058006286621,
    8.101058006286621,
    8.101058006286621
  ],
  "train_ppl_ppx": [
    3297.9554877454107,
    3297.9554877454107,
    3297.9554877454107,
    3297.9554877454107,
    3297.9554877454107,
    3297.9554877454107,
    3297.9554877454107,
    3297.9554877454107,
    3297.9554877454107,
    3297.9554877454107
  ],
  "val_loss": [
    0.289979439828454,
    0.17239692294743003,
    0.15631050376630412,
    0.1590293881733243,
    0.16136850536596484,
    0.15989877054604087,
    0.16254534365200415,
    0.1670087653689268,
    0.16684661925565905,
    0.1661065234280214
  ],
  "val_acc": [
    0.6666666666666666,
    0.6376146788990825,
    0.6694189602446483,
    0.6568807339449542,
    0.6308868501529052,
    0.6428134556574924,
    0.6299694189602446,
    0.6235474006116208,
    0.6229357798165137,
    0.6229357798165137
  ],
  "val_acc_true": [
    0.9896704377766847,
    0.9985243482538121,
    0.9680275454992622,
    0.9699950811608461,
    0.9970486965076242,
    0.9950811608460404,
    0.9985243482538121,
    0.999508116084604,
    1.0,
    1.0
  ],
  "val_acc_false": [
    0.13581244947453516,
    0.0444624090541633,
    0.17865804365400162,
    0.14227970897332257,
    0.02910266774454325,
    0.06386418755052546,
    0.024252223120452707,
    0.005658852061438965,
    0.0032336297493936943,
    0.0032336297493936943
  ],
  "prompt_ppl_ppx": [
    3297.9554877454075,
    3297.9554877454075,
    3297.9554877454075,
    3297.9554877454075,
    3297.9554877454075,
    3297.9554877454075,
    3297.9554877454075,
    3297.9554877454075,
    3297.9554877454075,
    3297.9554877454075
  ]
}