{
  "lambda_ppl": 0.0,
  "train_joint": [
    18.118320190772582,
    18.123178936390396,
    18.156509056519926,
    18.10968472341473,
    18.103929463933024,
    18.164704985029243,
    18.112730870621927,
    18.141442733936096,
    18.187612936469947,
    18.134157583686743
  ],
  "train_task": [
    18.118320190772582,
    18.123178936390396,
    18.156509056519926,
    18.10968472341473,
    18.103929463933024,
    18.164704985029243,
    18.112730870621927,
    18.141442733936096,
    18.187612936469947,
    18.134157583686743
  ],
  "train_ppl_loss": [
    0.0,
    0.0,
    0.0,
    0.0,
    0.0,
    0.0,
    0.0,
    0.0,
    0.0,
    0.0
  ],
  "train_ppl_ppx": [
    0.0,
    0.0,
    0.0,
    0.0,
    0.0,
    0.0,
    0.0,
    0.0,
    0.0,
    0.0
  ],
  "val_loss": [
    8.92690996774813,
    2.59477425551996,
    0.5166463878096603,
    0.3416216830654842,
    0.2374853921372716,
    0.20600991667043872,
    0.17072234346372325,
    0.15889401217786278,
    0.15760555183742103,
    0.168682738375373
  ],
  "val_acc": [
    0.42507645259938837,
    0.6605504587155964,
    0.6281345565749236,
    0.6461773700305811,
    0.6333333333333333,
    0.6339449541284403,
    0.6492354740061163,
    0.6614678899082569,
    0.6623853211009174,
    0.6406727828746177
  ],
  "val_acc_true": [
    0.07771765863256272,
    0.9960649286768323,
    0.999508116084604,
    0.9960649286768323,
    0.999508116084604,
    0.999508116084604,
    0.9926217412690606,
    0.9458927693064437,
    0.9473684210526315,
    0.9970486965076242
  ],
  "val_acc_false": [
    0.9959579628132579,
    0.10913500404203719,
    0.01778496362166532,
    0.07113985448666128,
    0.03152789005658852,
    0.033144704931285365,
    0.08488278092158448,
    0.19401778496362165,
    0.19401778496362165,
    0.0549717057396928
  ],
  "prompt_ppl_ppx": [
    0.0,
    0.0,
    0.0,
    0.0,
    0.0,
    0.0,
    0.0,
    0.0,
    0.0,
    0.0
  ]
}