{
  "lambda_ppl": 1.0,
  "train_joint": [
    29.548910368158577,
    29.522835566488546,
    29.541811190830188,
    29.62533643058177,
    29.532959070098535,
    29.5553150905652,
    29.50950879729196,
    29.560947169614643,
    29.59042841450552,
    29.58997275106023
  ],
  "train_task": [
    17.31088851328646,
    17.284813722331872,
    17.303789335958072,
    17.38731457999583,
    17.294937223798772,
    17.31729324212235,
    17.27148694884911,
    17.32292532331488,
    17.35240656606267,
    17.351950904760468
  ],
  "train_ppl_loss": [
    12.238021850585938,
    12.238021850585938,
    12.238021850585938,
    12.238021850585938,
    12.238021850585938,
    12.238021850585938,
    12.238021850585938,
    12.238021850585938,
    12.238021850585938,
    12.238021850585938
  ],
  "train_ppl_ppx": [
    206493.01199360166,
    206493.01199360166,
    206493.01199360166,
    206493.01199360166,
    206493.01199360166,
    206493.01199360166,
    206493.01199360166,
    206493.01199360166,
    206493.01199360166,
    206493.01199360166
  ],
  "val_loss": [
    10.368769915510969,
    7.923011651853236,
    3.573112992542546,
    0.5974400296443846,
    0.25475371421837223,
    0.17683549625117603,
    0.15668088648377396,
    0.15541546148497884,
    0.1541312690915131,
    0.16457610824486105
  ],
  "val_acc": [
    0.5902140672782875,
    0.6529051987767585,
    0.708868501529052,
    0.7048929663608563,
    0.7529051987767584,
    0.7159021406727829,
    0.6938837920489297,
    0.6776758409785932,
    0.6669724770642201,
    0.6474006116207951
  ],
  "val_acc_true": [
    0.37875061485489425,
    0.5135268076733891,
    0.9675356615838662,
    0.7447122479094933,
    0.8258730939498279,
    0.9719626168224299,
    0.9877029021151008,
    0.9921298573536645,
    0.9926217412690606,
    0.9965568125922283
  ],
  "val_acc_false": [
    0.9377526273241714,
    0.8819725141471302,
    0.2837510105092967,
    0.6394502829426031,
    0.6329830234438156,
    0.2950687146321746,
    0.21099434114793855,
    0.1608730800323363,
    0.13177041228779304,
    0.07356507679870655
  ],
  "prompt_ppl_ppx": [
    206493.01199360075,
    206493.01199360075,
    206493.01199360075,
    206493.01199360075,
    206493.01199360075,
    206493.01199360075,
    206493.01199360075,
    206493.01199360075,
    206493.01199360075,
    206493.01199360075
  ]
}