{
  "lambda_ppl": 1.0,
  "train_joint": [
    25.32530494432771,
    25.45146290639813,
    25.35035564551193,
    25.35441499345758,
    25.43973909870962,
    25.404172211550595,
    25.369352092099994,
    25.38161555943864,
    25.396265449952544,
    25.440681401799235
  ],
  "train_task": [
    16.730958987889665,
    16.857116926386116,
    16.75600968050153,
    16.760068957725267,
    16.84539315298702,
    16.80982621868005,
    16.77500608422783,
    16.787269497989268,
    16.801919422792583,
    16.846335361780746
  ],
  "train_ppl_loss": [
    8.594346046447754,
    8.594346046447754,
    8.594346046447754,
    8.594346046447754,
    8.594346046447754,
    8.594346046447754,
    8.594346046447754,
    8.594346046447754,
    8.594346046447754,
    8.594346046447754
  ],
  "train_ppl_ppx": [
    5401.035894381359,
    5401.035894381359,
    5401.035894381359,
    5401.035894381359,
    5401.035894381359,
    5401.035894381359,
    5401.035894381359,
    5401.035894381359,
    5401.035894381359,
    5401.035894381359
  ],
  "val_loss": [
    0.17664223756732012,
    0.16602087551500738,
    0.1796577455067053,
    0.1681085649786926,
    0.16684845460624229,
    0.1712668942242134,
    0.16727186535916677,
    0.17240156436838755,
    0.16857917868509525,
    0.16889087521448368
  ],
  "val_acc": [
    0.45932721712538227,
    0.6217125382262997,
    0.6217125382262997,
    0.6226299694189602,
    0.6217125382262997,
    0.6217125382262997,
    0.6217125382262997,
    0.5724770642201835,
    0.6220183486238532,
    0.6247706422018349
  ],
  "val_acc_true": [
    0.18347270044269554,
    0.999508116084604,
    1.0,
    1.0,
    1.0,
    1.0,
    1.0,
    0.8214461387112642,
    1.0,
    0.9945892769306444
  ],
  "val_acc_false": [
    0.9126919967663703,
    0.0008084074373484236,
    0.0,
    0.002425222312045271,
    0.0,
    0.0,
    0.0,
    0.16329830234438156,
    0.0008084074373484236,
    0.016976556184316895
  ],
  "prompt_ppl_ppx": [
    5401.035894381388,
    5401.035894381388,
    5401.035894381388,
    5401.035894381388,
    5401.035894381388,
    5401.035894381388,
    5401.035894381388,
    5401.035894381388,
    5401.035894381388,
    5401.035894381388
  ]
}