{
  "lambda_ppl": 0.5,
  "train_joint": [
    22.717819141002185,
    22.73651939134919,
    22.684391840388265,
    22.730644307511575,
    22.72006907088033,
    22.749593091814706,
    22.652747353543056,
    22.728035251746018,
    22.749232315749264,
    22.752628172113653
  ],
  "train_task": [
    17.885930940006556,
    17.90463119249665,
    17.852503639392637,
    17.89875610651595,
    17.888180872027792,
    17.917704892962167,
    17.820859152547428,
    17.89614705075039,
    17.917344116896725,
    17.920739975404203
  ],
  "train_ppl_loss": [
    9.663776397705078,
    9.663776397705078,
    9.663776397705078,
    9.663776397705078,
    9.663776397705078,
    9.663776397705078,
    9.663776397705078,
    9.663776397705078,
    9.663776397705078,
    9.663776397705078
  ],
  "train_ppl_ppx": [
    15737.10215083861,
    15737.10215083861,
    15737.10215083861,
    15737.10215083861,
    15737.10215083861,
    15737.10215083861,
    15737.10215083861,
    15737.10215083861,
    15737.10215083861,
    15737.10215083861
  ],
  "val_loss": [
    8.198320244579781,
    1.0695107797297037,
    0.2831832263164404,
    0.2650294173418022,
    0.17662749185067853,
    0.2065456065099414,
    0.17398583274788973,
    0.2147963194948871,
    0.17599887426306562,
    0.21176880427250047
  ],
  "val_acc": [
    0.46269113149847096,
    0.674617737003058,
    0.6217125382262997,
    0.6217125382262997,
    0.6262996941896024,
    0.6220183486238532,
    0.6250764525993884,
    0.6223241590214067,
    0.6262996941896024,
    0.6217125382262997
  ],
  "val_acc_true": [
    0.14313821938022628,
    0.926217412690605,
    1.0,
    1.0,
    0.9960649286768323,
    1.0,
    0.9965568125922283,
    1.0,
    0.9990162321692081,
    1.0
  ],
  "val_acc_false": [
    0.9878738884397736,
    0.2611156022635408,
    0.0,
    0.0,
    0.018593371059013743,
    0.0008084074373484236,
    0.014551333872271624,
    0.0016168148746968471,
    0.0137429264349232,
    0.0
  ],
  "prompt_ppl_ppx": [
    15737.102150838547,
    15737.102150838547,
    15737.102150838547,
    15737.102150838547,
    15737.102150838547,
    15737.102150838547,
    15737.102150838547,
    15737.102150838547,
    15737.102150838547,
    15737.102150838547
  ]
}