{
  "lambda_ppl": 1.0,
  "train_joint": [
    26.429423878701886,
    26.46830074438888,
    26.427484023704956,
    26.4988410221057,
    26.44163260727786,
    26.464319970634545,
    26.467764980873365,
    26.479297273614435,
    26.464473557204343,
    26.487283740954453
  ],
  "train_task": [
    17.155667849337117,
    17.19454471502411,
    17.153728002912544,
    17.22508499488402,
    17.167876569340738,
    17.19056393912669,
    17.194008953651686,
    17.20554125496511,
    17.190717529982663,
    17.213527715875863
  ],
  "train_ppl_loss": [
    9.27375602722168,
    9.27375602722168,
    9.27375602722168,
    9.27375602722168,
    9.27375602722168,
    9.27375602722168,
    9.27375602722168,
    9.27375602722168,
    9.27375602722168,
    9.27375602722168
  ],
  "train_ppl_ppx": [
    10654.696152383436,
    10654.696152383436,
    10654.696152383436,
    10654.696152383436,
    10654.696152383436,
    10654.696152383436,
    10654.696152383436,
    10654.696152383436,
    10654.696152383436,
    10654.696152383436
  ],
  "val_loss": [
    0.21069856235166876,
    0.17708180361404652,
    0.16520643088875747,
    0.1664093759728641,
    0.16647793505249953,
    0.18304452499965343,
    0.16667233996274994,
    0.16731017042950885,
    0.167405896579347,
    0.1677318085621043
  ],
  "val_acc": [
    0.3819571865443425,
    0.6220183486238532,
    0.6290519877675841,
    0.6214067278287462,
    0.6235474006116208,
    0.6217125382262997,
    0.6211009174311927,
    0.6214067278287462,
    0.6217125382262997,
    0.6217125382262997
  ],
  "val_acc_true": [
    0.006886374815543532,
    1.0,
    0.9867191342843089,
    0.9985243482538121,
    0.9896704377766847,
    1.0,
    0.9985243482538121,
    0.9985243482538121,
    1.0,
    1.0
  ],
  "val_acc_false": [
    0.9983831851253031,
    0.0008084074373484236,
    0.041228779304769606,
    0.0016168148746968471,
    0.021827000808407437,
    0.0,
    0.0008084074373484236,
    0.0016168148746968471,
    0.0,
    0.0
  ],
  "prompt_ppl_ppx": [
    10654.69615238337,
    10654.69615238337,
    10654.69615238337,
    10654.69615238337,
    10654.69615238337,
    10654.69615238337,
    10654.69615238337,
    10654.69615238337,
    10654.69615238337,
    10654.69615238337
  ]
}