{
  "lambda_ppl": 0.5,
  "train_joint": [
    22.15865479801478,
    22.132172929570917,
    22.11584449082278,
    22.111821575379103,
    22.116046944093167
  ],
  "train_task": [
    17.096019397692736,
    17.069537522819605,
    17.05320909907309,
    17.049186194344852,
    17.05341153519877
  ],
  "train_ppl_loss": [
    10.125269889831543,
    10.125269889831543,
    10.125269889831543,
    10.125269889831543,
    10.125269889831543
  ],
  "train_ppl_ppx": [
    24965.99280031957,
    24965.99280031957,
    24965.99280031957,
    24965.99280031957,
    24965.99280031957
  ],
  "val_loss": [
    4.547367370419386,
    0.15178079588747606,
    0.14537744878268824,
    0.15061588120169755,
    0.1365698861276231
  ],
  "val_acc": [
    0.5892966360856269,
    0.7058103975535168,
    0.728440366972477,
    0.6868501529051988,
    0.7584097859327217
  ],
  "val_acc_true": [
    0.41515002459419575,
    0.985735366453517,
    0.7702902115100836,
    0.6276438760452533,
    0.8465322183964584
  ],
  "val_acc_false": [
    0.8755052546483427,
    0.24575586095392077,
    0.6596604688763137,
    0.7841552142279709,
    0.6135812449474535
  ],
  "prompt_ppl_ppx": [
    24965.992800319607,
    24965.992800319607,
    24965.992800319607,
    24965.992800319607,
    24965.992800319607
  ]
}