{
  "lambda_ppl": 1.0,
  "train_joint": [
    25.77661245967565,
    25.782116866379642,
    25.77130392267463,
    25.82521725343854,
    25.804601489292104
  ],
  "train_task": [
    16.357100675347144,
    16.362605088480404,
    16.351792149061566,
    16.405705462680775,
    16.385089685675805
  ],
  "train_ppl_loss": [
    9.419511795043945,
    9.419511795043945,
    9.419511795043945,
    9.419511795043945,
    9.419511795043945
  ],
  "train_ppl_ppx": [
    12326.562861420212,
    12326.562861420212,
    12326.562861420212,
    12326.562861420212,
    12326.562861420212
  ],
  "val_loss": [
    0.16662649810314178,
    0.1288580191571538,
    0.12770529825512955,
    0.12430500166445244,
    0.1244997596777067
  ],
  "val_acc": [
    0.7541284403669725,
    0.7532110091743119,
    0.7629969418960245,
    0.763302752293578,
    0.7587155963302752
  ],
  "val_acc_true": [
    0.9301524840137727,
    0.9331037875061485,
    0.8883423512051156,
    0.9168716182980816,
    0.9375307427447123
  ],
  "val_acc_false": [
    0.4648342764753436,
    0.45755860953920774,
    0.5569927243330639,
    0.5109135004042037,
    0.4648342764753436
  ],
  "prompt_ppl_ppx": [
    12326.562861420194,
    12326.562861420194,
    12326.562861420194,
    12326.562861420194,
    12326.562861420194
  ]
}