{
  "lambda_ppl": 0.0,
  "train_joint": [
    16.958406726965745,
    16.888371465447243,
    16.932554624321757,
    16.90115969368581,
    16.935599858573312
  ],
  "train_task": [
    16.958406726965745,
    16.888371465447243,
    16.932554624321757,
    16.90115969368581,
    16.935599858573312
  ],
  "train_ppl_loss": [
    0.0,
    0.0,
    0.0,
    0.0,
    0.0
  ],
  "train_ppl_ppx": [
    0.0,
    0.0,
    0.0,
    0.0,
    0.0
  ],
  "val_loss": [
    0.12400104710605087,
    0.12336507250623005,
    0.11397330750052521,
    0.11113909032286667,
    0.11615190324259968
  ],
  "val_acc": [
    0.7798165137614679,
    0.7908256880733945,
    0.791131498470948,
    0.8027522935779816,
    0.8009174311926606
  ],
  "val_acc_true": [
    0.9094933595671422,
    0.8430890309886867,
    0.9065420560747663,
    0.8853910477127398,
    0.8268568617806198
  ],
  "val_acc_false": [
    0.5666936135812449,
    0.7049312853678253,
    0.6014551333872271,
    0.6669361358124495,
    0.7582861762328214
  ],
  "prompt_ppl_ppx": [
    0.0,
    0.0,
    0.0,
    0.0,
    0.0
  ]
}