{
  "lambda_ppl": 1.0,
  "train_joint": [
    27.604010421238588,
    27.640523203303307,
    27.594665583064046,
    27.614913726120854,
    27.60402174531744
  ],
  "train_task": [
    16.8055904709891,
    16.842103257339993,
    16.79624561995603,
    16.816493760869744,
    16.80560177792324
  ],
  "train_ppl_loss": [
    10.798419952392578,
    10.798419952392578,
    10.798419952392578,
    10.798419952392578,
    10.798419952392578
  ],
  "train_ppl_ppx": [
    48943.40709606796,
    48943.40709606796,
    48943.40709606796,
    48943.40709606796,
    48943.40709606796
  ],
  "val_loss": [
    2.7587543499179,
    0.12205177736355037,
    0.1350332048517175,
    0.12187467057530472,
    0.12018303226952146
  ],
  "val_acc": [
    0.7510703363914373,
    0.7709480122324159,
    0.7437308868501529,
    0.7651376146788991,
    0.7691131498470948
  ],
  "val_acc_true": [
    0.8125922282341368,
    0.9040826364977865,
    0.9655681259222824,
    0.94146581406788,
    0.9365469749139204
  ],
  "val_acc_false": [
    0.6499595796281326,
    0.5521422797089733,
    0.3791430881164107,
    0.47534357316087306,
    0.4939369442198868
  ],
  "prompt_ppl_ppx": [
    48943.407096067895,
    48943.407096067895,
    48943.407096067895,
    48943.407096067895,
    48943.407096067895
  ]
}