{
  "lambda_ppl": 0.0,
  "train_joint": [
    17.11778461370575,
    17.094177374679052,
    17.104640482784657,
    17.145603876435356,
    17.144132114796157
  ],
  "train_task": [
    17.11778461370575,
    17.094177374679052,
    17.104640482784657,
    17.145603876435356,
    17.144132114796157
  ],
  "train_ppl_loss": [
    0.0,
    0.0,
    0.0,
    0.0,
    0.0
  ],
  "train_ppl_ppx": [
    0.0,
    0.0,
    0.0,
    0.0,
    0.0
  ],
  "val_loss": [
    8.757226092640947,
    1.4643833259256875,
    0.16995388930890618,
    0.180982978169511,
    0.16319933908014764
  ],
  "val_acc": [
    0.4868501529051988,
    0.6412844036697247,
    0.6608562691131499,
    0.6461773700305811,
    0.6590214067278287
  ],
  "val_acc_true": [
    0.18986719134284308,
    0.999508116084604,
    0.9950811608460404,
    0.9985243482538121,
    0.9950811608460404
  ],
  "val_acc_false": [
    0.9749393694421988,
    0.05254648342764753,
    0.11156022635408246,
    0.06709781729991916,
    0.10670978172999192
  ],
  "prompt_ppl_ppx": [
    0.0,
    0.0,
    0.0,
    0.0,
    0.0
  ]
}