{
  "lambda_ppl": 0.5,
  "train_joint": [
    23.03598133472914,
    23.03106788035189,
    23.011007510410266,
    23.01848656300748,
    23.050431896595473
  ],
  "train_task": [
    17.29762379935618,
    17.292710344978932,
    17.272649990038925,
    17.280129023348348,
    17.312074363365603
  ],
  "train_ppl_loss": [
    11.476714134216309,
    11.476714134216309,
    11.476714134216309,
    11.476714134216309,
    11.476714134216309
  ],
  "train_ppl_ppx": [
    96443.6456861869,
    96443.6456861869,
    96443.6456861869,
    96443.6456861869,
    96443.6456861869
  ],
  "val_loss": [
    0.12396355007843274,
    0.11831452964646061,
    0.11839925443253867,
    0.11294258751156853,
    0.12077617373590062
  ],
  "val_acc": [
    0.7642201834862385,
    0.7737003058103975,
    0.7856269113149847,
    0.7951070336391437,
    0.7951070336391437
  ],
  "val_acc_true": [
    0.941957697983276,
    0.9193310378750615,
    0.8519429414658141,
    0.9109690113133301,
    0.7939006394490901
  ],
  "val_acc_false": [
    0.4721099434114794,
    0.534357316087308,
    0.6766370250606305,
    0.6046887631366209,
    0.7970897332255457
  ],
  "prompt_ppl_ppx": [
    96443.64568618718,
    96443.64568618718,
    96443.64568618718,
    96443.64568618718,
    96443.64568618718
  ]
}