{
  "lambda_ppl": 0.5,
  "train_joint": [
    21.718982460793484,
    21.67160457653946,
    21.688576657584544,
    21.72079865102018,
    21.72139969300688
  ],
  "train_task": [
    17.316255323002846,
    17.26887743660573,
    17.285849511221553,
    17.318071506800276,
    17.318672553073153
  ],
  "train_ppl_loss": [
    8.805455207824707,
    8.805455207824707,
    8.805455207824707,
    8.805455207824707,
    8.805455207824707
  ],
  "train_ppl_ppx": [
    6670.534081044618,
    6670.534081044618,
    6670.534081044618,
    6670.534081044618,
    6670.534081044618
  ],
  "val_loss": [
    7.739250501772252,
    0.735956781375699,
    0.165607681070886,
    0.15880033306595756,
    0.13158134118449397
  ],
  "val_acc": [
    0.42140672782874616,
    0.6412844036697247,
    0.7507645259938838,
    0.7403669724770642,
    0.7553516819571865
  ],
  "val_acc_true": [
    0.07427447122479094,
    0.5071323167732416,
    0.8007870142646335,
    0.9576979832759469,
    0.8809640924741761
  ],
  "val_acc_false": [
    0.9919159256265158,
    0.8617623282134196,
    0.6685529506871464,
    0.3831851253031528,
    0.5489086499595797
  ],
  "prompt_ppl_ppx": [
    6670.5340810446605,
    6670.5340810446605,
    6670.5340810446605,
    6670.5340810446605,
    6670.5340810446605
  ]
}