{
  "lambda_ppl": 0.5,
  "train_joint": [
    22.34538090738018,
    22.339514648780394,
    22.343563529882537,
    22.330460280514835,
    22.31013830806432
  ],
  "train_task": [
    17.03198536219222,
    17.026119178600524,
    17.03016804898723,
    17.017064786760994,
    16.996742786450334
  ],
  "train_ppl_loss": [
    10.626791000366211,
    10.626791000366211,
    10.626791000366211,
    10.626791000366211,
    10.626791000366211
  ],
  "train_ppl_ppx": [
    41224.62291411075,
    41224.62291411075,
    41224.62291411075,
    41224.62291411075,
    41224.62291411075
  ],
  "val_loss": [
    0.18369141435477793,
    0.14470325759271296,
    0.17904750677507097,
    0.13004320743607312,
    0.1317081580801708
  ],
  "val_acc": [
    0.7314984709480122,
    0.7122324159021407,
    0.6718654434250765,
    0.7657492354740061,
    0.736085626911315
  ],
  "val_acc_true": [
    0.7747171667486473,
    0.9822921790457452,
    0.9950811608460404,
    0.8475159862272503,
    0.9655681259222824
  ],
  "val_acc_false": [
    0.6604688763136621,
    0.26839126919967665,
    0.1406628940986257,
    0.6313662085691188,
    0.3589329021827001
  ],
  "prompt_ppl_ppx": [
    41224.62291411062,
    41224.62291411062,
    41224.62291411062,
    41224.62291411062,
    41224.62291411062
  ]
}