{
  "lambda_ppl": 1.0,
  "train_joint": [
    25.674833413456263,
    25.7006900144427,
    25.698340032341775,
    25.62109775328904,
    25.656278893117154
  ],
  "train_task": [
    16.77952303511373,
    16.805379670389584,
    16.80302964756998,
    16.725787426380627,
    16.760968574781096
  ],
  "train_ppl_loss": [
    8.895310401916504,
    8.895310401916504,
    8.895310401916504,
    8.895310401916504,
    8.895310401916504
  ],
  "train_ppl_ppx": [
    7297.670027806888,
    7297.670027806888,
    7297.670027806888,
    7297.670027806888,
    7297.670027806888
  ],
  "val_loss": [
    8.896056933519317,
    3.789319296580989,
    0.22616744655661467,
    0.14025404004425537,
    0.13412076847218884
  ],
  "val_acc": [
    0.4073394495412844,
    0.7113149847094801,
    0.7003058103975535,
    0.7418960244648318,
    0.7452599388379205
  ],
  "val_acc_true": [
    0.04722085587801279,
    0.6733890801770782,
    0.985735366453517,
    0.9591736350221348,
    0.9488440727988194
  ],
  "val_acc_false": [
    0.9991915925626516,
    0.7736459175424414,
    0.23120452708164915,
    0.38480194017784963,
    0.4106709781729992
  ],
  "prompt_ppl_ppx": [
    7297.670027806886,
    7297.670027806886,
    7297.670027806886,
    7297.670027806886,
    7297.670027806886
  ]
}