{
  "lambda_ppl": 1.0,
  "train_joint": [
    26.012237325946938,
    26.014286324147427,
    26.008743903342257,
    26.003715845172326,
    26.064355151572926
  ],
  "train_task": [
    16.756370321552406,
    16.758419336897603,
    16.752876901090815,
    16.74784882149,
    16.80848812360442
  ],
  "train_ppl_loss": [
    9.255867004394531,
    9.255867004394531,
    9.255867004394531,
    9.255867004394531,
    9.255867004394531
  ],
  "train_ppl_ppx": [
    10465.788771692747,
    10465.788771692747,
    10465.788771692747,
    10465.788771692747,
    10465.788771692747
  ],
  "val_loss": [
    0.15158010659421361,
    0.11917216296239597,
    0.1186444334504081,
    0.11485645158625231,
    0.11512469105967661
  ],
  "val_acc": [
    0.6856269113149847,
    0.7865443425076453,
    0.7920489296636085,
    0.7951070336391437,
    0.7993883792048929
  ],
  "val_acc_true": [
    0.9921298573536645,
    0.8839153959665519,
    0.8357107722577471,
    0.8740777176586325,
    0.8342351205115592
  ],
  "val_acc_false": [
    0.18189167340339532,
    0.6265157639450283,
    0.7202910266774454,
    0.6653193209377526,
    0.7421180274858529
  ],
  "prompt_ppl_ppx": [
    10465.788771692818,
    10465.788771692818,
    10465.788771692818,
    10465.788771692818,
    10465.788771692818
  ]
}