{
  "lambda_ppl": 0.0,
  "train_joint": [
    16.613130680898603,
    16.567456273282513,
    16.571316084701024,
    16.615685570106077,
    16.57603702545166
  ],
  "train_task": [
    16.613130680898603,
    16.567456273282513,
    16.571316084701024,
    16.615685570106077,
    16.57603702545166
  ],
  "train_ppl_loss": [
    0.0,
    0.0,
    0.0,
    0.0,
    0.0
  ],
  "train_ppl_ppx": [
    0.0,
    0.0,
    0.0,
    0.0,
    0.0
  ],
  "val_loss": [
    0.14141036239339083,
    0.12772614961353743,
    0.14348860252194287,
    0.12343335101698957,
    0.12038684334696793
  ],
  "val_acc": [
    0.726605504587156,
    0.7498470948012232,
    0.7168195718654434,
    0.7599388379204893,
    0.773394495412844
  ],
  "val_acc_true": [
    0.7176586325627152,
    0.9468765371372356,
    0.6502705361534677,
    0.94146581406788,
    0.9242498770290212
  ],
  "val_acc_false": [
    0.7413096200485044,
    0.4260307194826192,
    0.826192400970089,
    0.46160064672594986,
    0.5254648342764754
  ],
  "prompt_ppl_ppx": [
    0.0,
    0.0,
    0.0,
    0.0,
    0.0
  ]
}