{
  "lambda_ppl": 0.0,
  "train_joint": [
    16.90716677247808,
    16.975275706173328,
    16.904999462942058,
    16.934083282813596,
    16.864052481061957
  ],
  "train_task": [
    16.90716677247808,
    16.975275706173328,
    16.904999462942058,
    16.934083282813596,
    16.864052481061957
  ],
  "train_ppl_loss": [
    0.0,
    0.0,
    0.0,
    0.0,
    0.0
  ],
  "train_ppl_ppx": [
    0.0,
    0.0,
    0.0,
    0.0,
    0.0
  ],
  "val_loss": [
    0.12369973056200075,
    0.11595787742152447,
    0.1151273040328084,
    0.110385700924004,
    0.11314017192983046
  ],
  "val_acc": [
    0.7813455657492355,
    0.7929663608562691,
    0.7929663608562691,
    0.7981651376146789,
    0.7981651376146789
  ],
  "val_acc_true": [
    0.8588293162813576,
    0.8607968519429414,
    0.8465322183964584,
    0.8666994589276931,
    0.8804722085587802
  ],
  "val_acc_false": [
    0.6540016168148747,
    0.6814874696847211,
    0.7049312853678253,
    0.6855295068714632,
    0.6628940986257074
  ],
  "prompt_ppl_ppx": [
    0.0,
    0.0,
    0.0,
    0.0,
    0.0
  ]
}