{
  "lambda_ppl": 0.1,
  "train_joint": [
    17.645891168144313,
    17.70824955929531,
    17.66270546645261,
    17.693592105822617,
    17.685200549779314,
    17.662030539351903,
    17.669514448187325,
    17.728040097268778,
    17.703410697251222,
    17.687498028358718
  ],
  "train_task": [
    16.830228839831406,
    16.89258722455314,
    16.847043133853525,
    16.8779297796528,
    16.869538212894053,
    16.846368226040614,
    16.853852115588243,
    16.912377766812785,
    16.887748373224493,
    16.87183571290434
  ],
  "train_ppl_loss": [
    8.156617164611816,
    8.156617164611816,
    8.156617164611816,
    8.156617164611816,
    8.156617164611816,
    8.156617164611816,
    8.156617164611816,
    8.156617164611816,
    8.156617164611816,
    8.156617164611816
  ],
  "train_ppl_ppx": [
    3486.3728076554635,
    3486.3728076554635,
    3486.3728076554635,
    3486.3728076554635,
    3486.3728076554635,
    3486.3728076554635,
    3486.3728076554635,
    3486.3728076554635,
    3486.3728076554635,
    3486.3728076554635
  ],
  "val_loss": [
    0.17390113233066187,
    0.16966150403022767,
    0.16873770585147346,
    0.16737558674521563,
    0.17034578701344932,
    0.16918902800577443,
    0.1672173888218112,
    0.16694720118511014,
    0.1697912806417884,
    0.18731600882076635
  ],
  "val_acc": [
    0.527217125382263,
    0.6107033639143731,
    0.6217125382262997,
    0.6214067278287462,
    0.6180428134556575,
    0.6217125382262997,
    0.6217125382262997,
    0.6217125382262997,
    0.608868501529052,
    0.40061162079510704
  ],
  "val_acc_true": [
    0.5774717166748647,
    0.9522872602065913,
    1.0,
    0.999508116084604,
    0.9906542056074766,
    1.0,
    1.0,
    1.0,
    0.9675356615838662,
    0.10378750614854894
  ],
  "val_acc_false": [
    0.444624090541633,
    0.04931285367825384,
    0.0,
    0.0,
    0.005658852061438965,
    0.0,
    0.0,
    0.0,
    0.019401778496362168,
    0.8884397736459175
  ],
  "prompt_ppl_ppx": [
    3486.372807655426,
    3486.372807655426,
    3486.372807655426,
    3486.372807655426,
    3486.372807655426,
    3486.372807655426,
    3486.372807655426,
    3486.372807655426,
    3486.372807655426,
    3486.372807655426
  ]
}