{
  "lambda_ppl": 1.0,
  "train_joint": [
    23.18595181154401,
    23.225036132469604,
    23.19429165700848,
    23.172124879815605,
    23.214147876353746,
    23.237240579155053,
    23.16520297875565,
    23.172402499766832,
    23.201198830765286,
    23.23256590339575
  ],
  "train_task": [
    15.821218083413799,
    15.860302410768659,
    15.829557905304299,
    15.807391162400835,
    15.849414158938975,
    15.872506883171168,
    15.800469334205884,
    15.807668793067503,
    15.836465104778162,
    15.867832239558188
  ],
  "train_ppl_loss": [
    7.364733695983887,
    7.364733695983887,
    7.364733695983887,
    7.364733695983887,
    7.364733695983887,
    7.364733695983887,
    7.364733695983887,
    7.364733695983887,
    7.364733695983887,
    7.364733695983887
  ],
  "train_ppl_ppx": [
    1579.2947979647429,
    1579.2947979647429,
    1579.2947979647429,
    1579.2947979647429,
    1579.2947979647429,
    1579.2947979647429,
    1579.2947979647429,
    1579.2947979647429,
    1579.2947979647429,
    1579.2947979647429
  ],
  "val_loss": [
    0.22219124828896872,
    0.23262644308369335,
    0.2009175355478031,
    0.22927035653009648,
    0.1996882726143046,
    0.17877468248692954,
    0.19301950091995845,
    0.1797142949773044,
    0.20168685567815128,
    0.190470934459349
  ],
  "val_acc": [
    0.6318042813455658,
    0.6217125382262997,
    0.6232415902140673,
    0.6229357798165137,
    0.6223241590214067,
    0.6370030581039755,
    0.6262996941896024,
    0.6275229357798165,
    0.6220183486238532,
    0.6238532110091743
  ],
  "val_acc_true": [
    0.9926217412690606,
    1.0,
    0.9990162321692081,
    1.0,
    1.0,
    0.9980324643384161,
    0.999508116084604,
    1.0,
    1.0,
    1.0
  ],
  "val_acc_false": [
    0.038803556992724336,
    0.0,
    0.005658852061438965,
    0.0032336297493936943,
    0.0016168148746968471,
    0.043654001616814875,
    0.012934518997574777,
    0.015359741309620048,
    0.0008084074373484236,
    0.005658852061438965
  ],
  "prompt_ppl_ppx": [
    1579.2947979647388,
    1579.2947979647388,
    1579.2947979647388,
    1579.2947979647388,
    1579.2947979647388,
    1579.2947979647388,
    1579.2947979647388,
    1579.2947979647388,
    1579.2947979647388,
    1579.2947979647388
  ]
}