{
  "lambda_ppl": 0.25,
  "train_joint": [
    18.12335878436485,
    18.151570502291904,
    18.156496287999527,
    18.220443344116212,
    18.218942912241047,
    18.091770326421504,
    18.11761310877425,
    18.19659738433495,
    18.191820174656556,
    18.178032277139383
  ],
  "train_task": [
    15.99690900866905,
    16.025120709451397,
    16.03004648230049,
    16.093993574849677,
    16.092493151546865,
    15.965320514293198,
    15.99116329235977,
    16.070147593637532,
    16.06537036895752,
    16.051582477869612
  ],
  "train_ppl_loss": [
    8.505800247192383,
    8.505800247192383,
    8.505800247192383,
    8.505800247192383,
    8.505800247192383,
    8.505800247192383,
    8.505800247192383,
    8.505800247192383,
    8.505800247192383,
    8.505800247192383
  ],
  "train_ppl_ppx": [
    4943.358547998891,
    4943.358547998891,
    4943.358547998891,
    4943.358547998891,
    4943.358547998891,
    4943.358547998891,
    4943.358547998891,
    4943.358547998891,
    4943.358547998891,
    4943.358547998891
  ],
  "val_loss": [
    0.2490900251196652,
    0.18610102367110368,
    0.16881451017972898,
    0.17593213821329723,
    0.17106838698794202,
    0.1703719270665471,
    0.16822434765536612,
    0.1715643220558399,
    0.17134860172504332,
    0.16763342244596016
  ],
  "val_acc": [
    0.6217125382262997,
    0.38837920489296635,
    0.6137614678899083,
    0.4559633027522936,
    0.6085626911314985,
    0.5944954128440367,
    0.6217125382262997,
    0.5571865443425077,
    0.5935779816513761,
    0.6217125382262997
  ],
  "val_acc_true": [
    1.0,
    0.043777668470241025,
    0.9768814559763895,
    0.33743236596163306,
    0.9291687161829808,
    0.9168716182980816,
    1.0,
    0.7412690605017216,
    0.8770290211510083,
    1.0
  ],
  "val_acc_false": [
    0.0,
    0.9547291835084882,
    0.016976556184316895,
    0.650767987065481,
    0.08164915117219078,
    0.0646725949878739,
    0.0,
    0.25464834276475345,
    0.12772837510105092,
    0.0
  ],
  "prompt_ppl_ppx": [
    4943.358547998931,
    4943.358547998931,
    4943.358547998931,
    4943.358547998931,
    4943.358547998931,
    4943.358547998931,
    4943.358547998931,
    4943.358547998931,
    4943.358547998931,
    4943.358547998931
  ]
}