{
  "lambda_ppl": 10.0,
  "train_joint": [
    85.27293145683375,
    85.22098194936687,
    85.26360953684603,
    85.26047418144312,
    85.21240779576677,
    85.24148446415248,
    85.2758891930741,
    85.30759724820598,
    85.37875175904692,
    85.33077306854591
  ],
  "train_task": [
    17.19327288424031,
    17.141323644659494,
    17.183951028545252,
    17.180815803870725,
    17.13274918674083,
    17.161825827266394,
    17.196230631196098,
    17.227938628464603,
    17.29909327217702,
    17.251114605249985
  ],
  "train_ppl_loss": [
    6.8079657554626465,
    6.8079657554626465,
    6.8079657554626465,
    6.8079657554626465,
    6.8079657554626465,
    6.8079657554626465,
    6.8079657554626465,
    6.8079657554626465,
    6.8079657554626465,
    6.8079657554626465
  ],
  "train_ppl_ppx": [
    905.0278850748474,
    905.0278850748474,
    905.0278850748474,
    905.0278850748474,
    905.0278850748474,
    905.0278850748474,
    905.0278850748474,
    905.0278850748474,
    905.0278850748474,
    905.0278850748474
  ],
  "val_loss": [
    0.2083997253601144,
    0.23707302343554612,
    0.19715944684860182,
    0.18160397548501084,
    0.17281927964309365,
    0.17409118323064432,
    0.20347354488401878,
    0.18923803887716154,
    0.17890064858081864,
    0.17171167251540392
  ],
  "val_acc": [
    0.6217125382262997,
    0.6174311926605505,
    0.6217125382262997,
    0.6211009174311927,
    0.6143730886850153,
    0.6204892966360857,
    0.6220183486238532,
    0.6226299694189602,
    0.6229357798165137,
    0.6155963302752293
  ],
  "val_acc_true": [
    1.0,
    0.9803246433841614,
    1.0,
    0.9960649286768323,
    0.9680275454992622,
    0.9877029021151008,
    1.0,
    1.0,
    0.9985243482538121,
    0.9719626168224299
  ],
  "val_acc_false": [
    0.0,
    0.021018593371059015,
    0.0,
    0.004850444624090542,
    0.033144704931285365,
    0.016976556184316895,
    0.0008084074373484236,
    0.002425222312045271,
    0.005658852061438965,
    0.029911075181891674
  ],
  "prompt_ppl_ppx": [
    905.0278850748539,
    905.0278850748539,
    905.0278850748539,
    905.0278850748539,
    905.0278850748539,
    905.0278850748539,
    905.0278850748539,
    905.0278850748539,
    905.0278850748539,
    905.0278850748539
  ]
}