{
  "lambda_ppl": 0.1,
  "train_joint": [
    17.308725410632874,
    17.281131247188267,
    17.317463634791,
    17.297101494435513,
    17.30359125673101,
    17.291914442683872,
    17.3445512300127,
    17.353846387113077,
    17.297564605112825,
    17.36490292495556
  ],
  "train_task": [
    17.308725410632874,
    17.281131247188267,
    17.317463634791,
    17.297101494435513,
    17.30359125673101,
    17.291914442683872,
    17.3445512300127,
    17.353846387113077,
    17.297564605112825,
    17.36490292495556
  ],
  "train_ppl_loss": [
    0.0,
    0.0,
    0.0,
    0.0,
    0.0,
    0.0,
    0.0,
    0.0,
    0.0,
    0.0
  ],
  "train_ppl_ppx": [
    1.0,
    1.0,
    1.0,
    1.0,
    1.0,
    1.0,
    1.0,
    1.0,
    1.0,
    1.0
  ],
  "val_loss": [
    0.2580397312234088,
    15.912868122938203,
    14.531625040566048,
    12.918164992913967,
    12.105421122109018,
    11.836932726604182,
    11.768762523371999,
    11.531850731082079,
    11.201221656799316,
    9.794551263204434
  ],
  "val_acc": [
    0.6235474006116208,
    0.5938837920489297,
    0.672782874617737,
    0.617737003058104,
    0.5470948012232416,
    0.5131498470948013,
    0.5480122324159021,
    0.5385321100917431,
    0.5492354740061162,
    0.40428134556574924
  ],
  "val_acc_true": [
    1.0,
    0.4899163797343827,
    0.6035415641908509,
    0.48007870142646336,
    0.33743236596163306,
    0.2636497786522381,
    0.34579439252336447,
    0.3177570093457944,
    0.34481062469257256,
    0.04918839153959666
  ],
  "val_acc_false": [
    0.004850444624090542,
    0.7647534357316087,
    0.7865804365400162,
    0.8439773645917542,
    0.8916734033953112,
    0.9232012934518997,
    0.8803556992724333,
    0.9013742926434923,
    0.8852061438965239,
    0.9878738884397736
  ],
  "prompt_ppl_ppx": [
    NaN,
    NaN,
    NaN,
    NaN,
    NaN,
    NaN,
    NaN,
    NaN,
    NaN,
    NaN
  ]
}