{
  "lambda_ppl": 10.0,
  "train_joint": [
    101.7432843840524,
    101.80482028575426,
    102.46157720330056,
    102.77522317264857,
    100.37966312022691,
    102.8160035551264,
    103.45212093739028,
    102.79579997544877,
    101.88714743624912,
    101.90623733006167
  ],
  "train_task": [
    16.35874749944451,
    16.420283437578867,
    16.470908859338653,
    16.410303887356534,
    16.124135793193002,
    16.29978922940372,
    16.238589299662728,
    16.222836007964744,
    16.09887829469831,
    16.117968381388803
  ],
  "train_ppl_loss": [
    8.538454055786133,
    8.538454055786133,
    8.599066871471619,
    8.63649174336637,
    8.42555287821909,
    8.651621775680713,
    8.721353530883789,
    8.65729662005821,
    8.578826904296875,
    8.578826904296875
  ],
  "train_ppl_ppx": [
    5107.442434173808,
    5107.442434173808,
    5433.071581848597,
    5633.7108515266045,
    4575.786968199493,
    5767.664017357221,
    6132.473966066691,
    5766.35690354428,
    5317.863501954371,
    5317.863501954371
  ],
  "val_loss": [
    0.1897537912173969,
    0.30266488041819595,
    3.8284669329480425,
    0.9883365360701957,
    21.087895630627145,
    10.922145931895185,
    9.452390424216667,
    1.768336074526717,
    0.30851705132461177,
    0.1767914560873334
  ],
  "val_acc": [
    0.6217125382262997,
    0.6217125382262997,
    0.3782874617737003,
    0.37951070336391435,
    0.3782874617737003,
    0.3782874617737003,
    0.3782874617737003,
    0.3782874617737003,
    0.3782874617737003,
    0.6113149847094801
  ],
  "val_acc_true": [
    1.0,
    1.0,
    0.0,
    0.004426955238563699,
    0.0,
    0.0,
    0.0,
    0.0,
    0.0,
    0.955730447614363
  ],
  "val_acc_false": [
    0.0,
    0.0,
    1.0,
    0.9959579628132579,
    1.0,
    1.0,
    1.0,
    1.0,
    1.0,
    0.04527081649151172
  ],
  "prompt_ppl_ppx": [
    5107.442434173832,
    5107.442434173832,
    5646.1226227063935,
    5473.521429736904,
    4423.627364217055,
    6132.4739660666555,
    6132.4739660666555,
    5317.863501954403,
    5317.863501954403,
    5317.863501954403
  ]
}