{
  "lambda_ppl": 0.25,
  "train_joint": [
    19.433386063307857,
    19.445798372418693,
    19.39859993323851,
    19.422338485717773,
    19.525615687852497,
    19.440583994147485,
    19.408281900641622,
    19.433948088228032,
    19.431695616647097,
    19.416838742374033
  ],
  "train_task": [
    16.72182685980636,
    16.73423915177249,
    16.687040699733778,
    16.710779254356126,
    16.81405645220467,
    16.7290247692151,
    16.696722682138507,
    16.7223888547233,
    16.720136393857807,
    16.705279515298564
  ],
  "train_ppl_loss": [
    10.846236228942871,
    10.846236228942871,
    10.846236228942871,
    10.846236228942871,
    10.846236228942871,
    10.846236228942871,
    10.846236228942871,
    10.846236228942871,
    10.846236228942871,
    10.846236228942871
  ],
  "train_ppl_ppx": [
    51340.553166720994,
    51340.553166720994,
    51340.553166720994,
    51340.553166720994,
    51340.553166720994,
    51340.553166720994,
    51340.553166720994,
    51340.553166720994,
    51340.553166720994,
    51340.553166720994
  ],
  "val_loss": [
    5.253797721862793,
    0.229128166233621,
    0.178712846593159,
    0.17311781688434322,
    0.1723826191047343,
    0.18875459032814676,
    0.18007212412066576,
    0.20132839534340835,
    0.17621551610347702,
    0.18307159270455198
  ],
  "val_acc": [
    0.3782874617737003,
    0.609480122324159,
    0.6217125382262997,
    0.6198776758409786,
    0.6217125382262997,
    0.6217125382262997,
    0.6217125382262997,
    0.6217125382262997,
    0.6214067278287462,
    0.6217125382262997
  ],
  "val_acc_true": [
    0.0,
    0.9331037875061485,
    1.0,
    0.9926217412690606,
    1.0,
    1.0,
    1.0,
    1.0,
    0.999508116084604,
    1.0
  ],
  "val_acc_false": [
    1.0,
    0.07760711398544867,
    0.0,
    0.007275666936135812,
    0.0,
    0.0,
    0.0,
    0.0,
    0.0,
    0.0
  ],
  "prompt_ppl_ppx": [
    51340.553166720805,
    51340.553166720805,
    51340.553166720805,
    51340.553166720805,
    51340.553166720805,
    51340.553166720805,
    51340.553166720805,
    51340.553166720805,
    51340.553166720805,
    51340.553166720805
  ]
}