{
  "lambda_ppl": 0.75,
  "train_joint": [
    21.472086364231753,
    21.409476423799322,
    21.372662794991825,
    21.38475025905652,
    21.397705965363578,
    21.316324345449384,
    21.89964118700349,
    21.093827112605062,
    20.3272021775835,
    21.619788587763068
  ],
  "train_task": [
    16.96319342195318,
    16.900583479377662,
    16.863769826996194,
    16.875857269630004,
    16.888812984509414,
    16.046183886152974,
    15.721121826600493,
    16.67920241623782,
    16.275446351726405,
    16.928895547416772
  ],
  "train_ppl_loss": [
    6.011857509613037,
    6.011857509613037,
    6.011857509613037,
    6.011857509613037,
    6.011857509613037,
    7.026854137892133,
    8.23802584423108,
    5.886166323972552,
    5.402340762534838,
    6.2545239759295175
  ],
  "train_ppl_ppx": [
    408.2409278723274,
    408.2409278723274,
    408.2409278723274,
    408.2409278723274,
    408.2409278723274,
    3027.761765380924,
    4754.245197496353,
    432.4387876480837,
    233.1369853674809,
    668.4008721936792
  ],
  "val_loss": [
    12.34398225458657,
    12.095011236609482,
    11.721901591231184,
    9.865134360150593,
    1.2627542690532962,
    15.099157552021305,
    0.27094947415881043,
    0.20381986953136397,
    0.1926275635274445,
    0.20232910790094516
  ],
  "val_acc": [
    0.5159021406727828,
    0.4969418960244648,
    0.5116207951070336,
    0.5480122324159021,
    0.6220183486238532,
    0.7623853211009174,
    0.6214067278287462,
    0.6217125382262997,
    0.6168195718654435,
    0.617125382262997
  ],
  "val_acc_true": [
    0.2528283325135268,
    0.21544515494343336,
    0.24545007378258732,
    0.441219872110182,
    0.9911460895228726,
    0.7397934087555337,
    0.9990162321692081,
    0.9921298573536645,
    0.9714707329070339,
    0.9798327594687654
  ],
  "val_acc_false": [
    0.9482619240097009,
    0.9595796281325788,
    0.9490703314470493,
    0.7235246564268392,
    0.015359741309620048,
    0.799514955537591,
    0.0008084074373484236,
    0.012934518997574777,
    0.03395311236863379,
    0.021018593371059015
  ],
  "prompt_ppl_ppx": [
    408.24092787232723,
    408.24092787232723,
    408.24092787232723,
    408.24092787232723,
    408.24092787232723,
    8128.020879470538,
    2699.242125576175,
    213.59452514263202,
    213.59452514263202,
    1004.1758706024605
  ]
}