{
  "lambda_ppl": 0.0,
  "train_joint": [
    16.61791548996829,
    16.635226129681875,
    16.627195321843864,
    16.624985819184378,
    16.645839594723135,
    16.61268369267496,
    16.643413620852353,
    16.65033682062385,
    16.561098810260216,
    16.669331248422687
  ],
  "train_task": [
    16.61791548996829,
    16.635226129681875,
    16.627195321843864,
    16.624985819184378,
    16.645839594723135,
    16.61268369267496,
    16.643413620852353,
    16.65033682062385,
    16.561098810260216,
    16.669331248422687
  ],
  "train_ppl_loss": [
    0.0,
    0.0,
    0.0,
    0.0,
    0.0,
    0.0,
    0.0,
    0.0,
    0.0,
    0.0
  ],
  "train_ppl_ppx": [
    0.0,
    0.0,
    0.0,
    0.0,
    0.0,
    0.0,
    0.0,
    0.0,
    0.0,
    0.0
  ],
  "val_loss": [
    14.382499880907012,
    11.740002804267696,
    10.673159455090035,
    10.030268566782881,
    9.547015287817977,
    9.105920270594154,
    8.695222114935154,
    8.300381174320128,
    7.872945411030839,
    7.437196926954316
  ],
  "val_acc": [
    0.7311926605504587,
    0.5363914373088685,
    0.4397553516819572,
    0.40489296636085625,
    0.3889908256880734,
    0.38409785932721713,
    0.3804281345565749,
    0.38103975535168194,
    0.38256880733944953,
    0.38440366972477064
  ],
  "val_acc_true": [
    0.6719134284308903,
    0.28135759960649287,
    0.10969011313330054,
    0.04672897196261682,
    0.019675356615838663,
    0.010329562223315297,
    0.004426955238563699,
    0.0054107230693556324,
    0.007870142646335464,
    0.011805213969503197
  ],
  "val_acc_false": [
    0.8286176232821342,
    0.9555375909458367,
    0.9822150363783346,
    0.9935327405012127,
    0.9959579628132579,
    0.9983831851253031,
    0.9983831851253031,
    0.9983831851253031,
    0.9983831851253031,
    0.9967663702506063
  ],
  "prompt_ppl_ppx": [
    0.0,
    0.0,
    0.0,
    0.0,
    0.0,
    0.0,
    0.0,
    0.0,
    0.0,
    0.0
  ]
}