{
  "lambda_ppl": 0.5,
  "train_joint": [
    21.32861042237014,
    21.3550160868784,
    21.341739007328332,
    21.360747043738204,
    21.297843277320432,
    21.287617188357235,
    21.359919070125965,
    21.259810582707438,
    21.281784529096626,
    21.320240629389044
  ],
  "train_task": [
    16.730263810747125,
    16.756669462396857,
    16.743392387132968,
    16.762400397825775,
    16.699496631408007,
    16.68927056601878,
    16.76157242207045,
    16.661463953939716,
    16.68343789175655,
    16.721893987762794
  ],
  "train_ppl_loss": [
    9.19669246673584,
    9.19669246673584,
    9.19669246673584,
    9.19669246673584,
    9.19669246673584,
    9.19669246673584,
    9.19669246673584,
    9.19669246673584,
    9.19669246673584,
    9.19669246673584
  ],
  "train_ppl_ppx": [
    9864.448051714908,
    9864.448051714908,
    9864.448051714908,
    9864.448051714908,
    9864.448051714908,
    9864.448051714908,
    9864.448051714908,
    9864.448051714908,
    9864.448051714908,
    9864.448051714908
  ],
  "val_loss": [
    12.208421776934367,
    10.453382012902237,
    9.703954668742854,
    9.012327287255264,
    8.243552391703536,
    7.401980421019763,
    6.361251642645859,
    5.076397091004907,
    3.576234930317576,
    2.398546671285862
  ],
  "val_acc": [
    0.6247706422018349,
    0.41865443425076454,
    0.3892966360856269,
    0.3856269113149847,
    0.39204892966360855,
    0.3908256880733945,
    0.39724770642201834,
    0.43027522935779816,
    0.55565749235474,
    0.672782874617737
  ],
  "val_acc_true": [
    0.4397442203639941,
    0.06591244466305952,
    0.017707820954254796,
    0.011805213969503197,
    0.022134776192818496,
    0.02016724053123463,
    0.03148057058534186,
    0.09050664043285785,
    0.34776192818494833,
    0.6512543039842598
  ],
  "val_acc_false": [
    0.9288601455133387,
    0.9983831851253031,
    1.0,
    1.0,
    1.0,
    1.0,
    0.9983831851253031,
    0.9886822958771221,
    0.8973322554567502,
    0.7081649151172191
  ],
  "prompt_ppl_ppx": [
    9864.448051714931,
    9864.448051714931,
    9864.448051714931,
    9864.448051714931,
    9864.448051714931,
    9864.448051714931,
    9864.448051714931,
    9864.448051714931,
    9864.448051714931,
    9864.448051714931
  ]
}