{
  "lambda_ppl": 1.0,
  "train_joint": [
    28.04822050373206,
    28.054484652401356,
    28.074785815463976,
    28.071862317203134,
    28.044582992725157,
    28.11717630450645,
    28.03091378372707,
    28.069805651032524,
    28.091356547494954,
    28.09975287190984
  ],
  "train_task": [
    17.90729703367426,
    17.913561261637827,
    17.933862311116766,
    17.930938834286806,
    17.903659576244568,
    17.97625288802586,
    17.88999030938309,
    17.9288822774137,
    17.95043310958348,
    17.958829423282925
  ],
  "train_ppl_loss": [
    10.140923500061035,
    10.140923500061035,
    10.140923500061035,
    10.140923500061035,
    10.140923500061035,
    10.140923500061035,
    10.140923500061035,
    10.140923500061035,
    10.140923500061035,
    10.140923500061035
  ],
  "train_ppl_ppx": [
    25359.875520996065,
    25359.875520996065,
    25359.875520996065,
    25359.875520996065,
    25359.875520996065,
    25359.875520996065,
    25359.875520996065,
    25359.875520996065,
    25359.875520996065,
    25359.875520996065
  ],
  "val_loss": [
    13.669210266485447,
    12.541972960495368,
    12.178009503062178,
    11.942017401718513,
    11.622162456047244,
    11.283571778274164,
    10.865720320910942,
    10.383198873008169,
    9.726683039781523,
    9.047764806049626
  ],
  "val_acc": [
    0.6290519877675841,
    0.4987767584097859,
    0.47339449541284406,
    0.4522935779816514,
    0.42691131498470947,
    0.41651376146788993,
    0.40642201834862385,
    0.40061162079510704,
    0.39602446483180426,
    0.38807339449541284
  ],
  "val_acc_true": [
    0.43728480078701426,
    0.20068863748155436,
    0.15789473684210525,
    0.12149532710280374,
    0.07919331037875062,
    0.06246925725528775,
    0.046237088047220855,
    0.03689129365469749,
    0.02852926709296606,
    0.01574028529267093
  ],
  "val_acc_false": [
    0.9442198868229588,
    0.9886822958771221,
    0.9919159256265158,
    0.9959579628132579,
    0.9983831851253031,
    0.9983831851253031,
    0.9983831851253031,
    0.9983831851253031,
    1.0,
    1.0
  ],
  "prompt_ppl_ppx": [
    25359.87552099588,
    25359.87552099588,
    25359.87552099588,
    25359.87552099588,
    25359.87552099588,
    25359.87552099588,
    25359.87552099588,
    25359.87552099588,
    25359.87552099588,
    25359.87552099588
  ]
}