{
  "lambda_ppl": 0.75,
  "train_joint": [
    23.92097760746988,
    23.848803140875997,
    23.90018286115668,
    23.89830634299289,
    23.91519100317794,
    23.927421599827454,
    23.932610149597853,
    23.88434647978022,
    23.976642672935228,
    23.891216569536187
  ],
  "train_task": [
    17.553967486606556,
    17.48179300929723,
    17.533172740293352,
    17.531296215700298,
    17.548180884457707,
    17.56041147682104,
    17.56560003087762,
    17.517336356773804,
    17.609632549928815,
    17.52420645081595
  ],
  "train_ppl_loss": [
    8.489347457885742,
    8.489347457885742,
    8.489347457885742,
    8.489347457885742,
    8.489347457885742,
    8.489347457885742,
    8.489347457885742,
    8.489347457885742,
    8.489347457885742,
    8.489347457885742
  ],
  "train_ppl_ppx": [
    4862.691926463495,
    4862.691926463495,
    4862.691926463495,
    4862.691926463495,
    4862.691926463495,
    4862.691926463495,
    4862.691926463495,
    4862.691926463495,
    4862.691926463495,
    4862.691926463495
  ],
  "val_loss": [
    0.17020696347079625,
    0.17594959797655663,
    0.1724207415086467,
    0.18991494963808758,
    0.17285428283418097,
    0.16695916623604007,
    0.16714075651110671,
    0.16698485765515303,
    0.16699447748137683,
    0.17079760221446433
  ],
  "val_acc": [
    0.6241590214067279,
    0.6217125382262997,
    0.5525993883792049,
    0.3785932721712538,
    0.6217125382262997,
    0.6217125382262997,
    0.6217125382262997,
    0.6217125382262997,
    0.6217125382262997,
    0.6217125382262997
  ],
  "val_acc_true": [
    1.0,
    1.0,
    0.5302508607968519,
    0.000983767830791933,
    1.0,
    1.0,
    1.0,
    1.0,
    1.0,
    1.0
  ],
  "val_acc_false": [
    0.0064672594987873885,
    0.0,
    0.5893290218270008,
    0.9991915925626516,
    0.0,
    0.0,
    0.0,
    0.0,
    0.0,
    0.0
  ],
  "prompt_ppl_ppx": [
    4862.691926463474,
    4862.691926463474,
    4862.691926463474,
    4862.691926463474,
    4862.691926463474,
    4862.691926463474,
    4862.691926463474,
    4862.691926463474,
    4862.691926463474,
    4862.691926463474
  ]
}