{
  "lambda_ppl": 0.0,
  "train_joint": [
    17.410464582550393,
    17.41190399641401,
    17.420877994580216,
    17.436086215329976,
    17.394239202777992,
    17.462127524815248,
    17.406373021843727,
    17.47724852615528,
    17.402091617798536,
    17.396471574333276
  ],
  "train_task": [
    17.410464582550393,
    17.41190399641401,
    17.420877994580216,
    17.436086215329976,
    17.394239202777992,
    17.462127524815248,
    17.406373021843727,
    17.47724852615528,
    17.402091617798536,
    17.396471574333276
  ],
  "train_ppl_loss": [
    0.0,
    0.0,
    0.0,
    0.0,
    0.0,
    0.0,
    0.0,
    0.0,
    0.0,
    0.0
  ],
  "train_ppl_ppx": [
    0.0,
    0.0,
    0.0,
    0.0,
    0.0,
    0.0,
    0.0,
    0.0,
    0.0,
    0.0
  ],
  "val_loss": [
    0.3447807429767237,
    0.16694484483904956,
    0.21013811881222377,
    0.16466089232665737,
    0.1655513791776285,
    0.17052429936281063,
    0.16767769110638922,
    0.16692047678842778,
    0.1686475562976628,
    0.1715341453872076
  ],
  "val_acc": [
    0.6232415902140673,
    0.6281345565749236,
    0.6217125382262997,
    0.6311926605504588,
    0.6244648318042814,
    0.6207951070336392,
    0.6217125382262997,
    0.6220183486238532,
    0.6220183486238532,
    0.6064220183486239
  ],
  "val_acc_true": [
    1.0,
    1.0,
    1.0,
    0.9970486965076242,
    1.0,
    0.911460895228726,
    1.0,
    1.0,
    1.0,
    0.8780127889818002
  ],
  "val_acc_false": [
    0.004042037186742118,
    0.016976556184316895,
    0.0,
    0.029911075181891674,
    0.007275666936135812,
    0.14308811641067098,
    0.0,
    0.0008084074373484236,
    0.0008084074373484236,
    0.16006467259498788
  ],
  "prompt_ppl_ppx": [
    0.0,
    0.0,
    0.0,
    0.0,
    0.0,
    0.0,
    0.0,
    0.0,
    0.0,
    0.0
  ]
}