{
  "lambda_ppl": 0.01,
  "train_joint": [
    17.471708683485396,
    17.48896449014042,
    17.461870416362633,
    17.47353100937404,
    17.44784584259719,
    17.46966100328424,
    17.475964841949807,
    17.470989165145358,
    17.473994197202533,
    17.438713262322242
  ],
  "train_task": [
    17.374857315320646,
    17.392113121975672,
    17.365019048197887,
    17.376679647638557,
    17.35099447443244,
    17.37280963726258,
    17.379113478071233,
    17.374137792694434,
    17.377142839753226,
    17.341861896300585
  ],
  "train_ppl_loss": [
    9.685193061828613,
    9.685193061828613,
    9.685193061828613,
    9.685193061828613,
    9.685193061828613,
    9.685193061828613,
    9.685193061828613,
    9.685193061828613,
    9.685193061828613,
    9.685193061828613
  ],
  "train_ppl_ppx": [
    16077.773381233892,
    16077.773381233892,
    16077.773381233892,
    16077.773381233892,
    16077.773381233892,
    16077.773381233892,
    16077.773381233892,
    16077.773381233892,
    16077.773381233892,
    16077.773381233892
  ],
  "val_loss": [
    18.87421343733625,
    17.031470536022653,
    14.644006375568669,
    12.716689877393769,
    11.829064373853729,
    11.373719261913765,
    11.104266096905965,
    10.817333649425972,
    10.61269219561321,
    10.433514432209295
  ],
  "val_acc": [
    0.7755351681957187,
    0.763914373088685,
    0.7327217125382263,
    0.6822629969418961,
    0.637308868501529,
    0.6204892966360857,
    0.6207951070336392,
    0.6107033639143731,
    0.6027522935779817,
    0.6021406727828746
  ],
  "val_acc_true": [
    0.7525823905558289,
    0.7240531234628628,
    0.6527299557304476,
    0.5489424495818986,
    0.4608952287260207,
    0.4294146581406788,
    0.4303984259714707,
    0.411706837186424,
    0.39793408755533693,
    0.397442203639941
  ],
  "val_acc_false": [
    0.8132578819725141,
    0.8294260307194826,
    0.8641875505254648,
    0.9013742926434923,
    0.9272433306386418,
    0.9345189975747777,
    0.9337105901374293,
    0.9377526273241714,
    0.9393694421988682,
    0.9385610347615198
  ],
  "prompt_ppl_ppx": [
    16077.773381233796,
    16077.773381233796,
    16077.773381233796,
    16077.773381233796,
    16077.773381233796,
    16077.773381233796,
    16077.773381233796,
    16077.773381233796,
    16077.773381233796,
    16077.773381233796
  ]
}