{
  "lambda_ppl": 1.0,
  "train_joint": [
    24.416312014119008,
    24.4172698674577,
    24.417690632852274,
    24.387094780568326,
    24.397712270329507,
    24.40776778231846,
    24.36112843202741,
    24.400528339857466,
    24.368310838335017,
    24.40289435654544
  ],
  "train_task": [
    15.848391359307794,
    15.84934922979119,
    15.849769928750028,
    15.819174076466078,
    15.829791506220785,
    15.839847131793418,
    15.793207760071487,
    15.832607637898306,
    15.800390183523799,
    15.834973663158632
  ],
  "train_ppl_loss": [
    8.567920684814453,
    8.567920684814453,
    8.567920684814453,
    8.567920684814453,
    8.567920684814453,
    8.567920684814453,
    8.567920684814453,
    8.567920684814453,
    8.567920684814453,
    8.567920684814453
  ],
  "train_ppl_ppx": [
    5260.180837083451,
    5260.180837083451,
    5260.180837083451,
    5260.180837083451,
    5260.180837083451,
    5260.180837083451,
    5260.180837083451,
    5260.180837083451,
    5260.180837083451,
    5260.180837083451
  ],
  "val_loss": [
    0.16357678167703676,
    0.21722456115048105,
    0.1659913907690746,
    0.17515828533143532,
    0.16765702828401471,
    0.1679152637720108,
    0.16639947360608637,
    0.16702591398867164,
    0.1658676166359971,
    0.2133703704287366
  ],
  "val_acc": [
    0.6385321100917432,
    0.3782874617737003,
    0.6229357798165137,
    0.6217125382262997,
    0.6217125382262997,
    0.6217125382262997,
    0.6220183486238532,
    0.6217125382262997,
    0.6229357798165137,
    0.3782874617737003
  ],
  "val_acc_true": [
    0.9980324643384161,
    0.0,
    0.9990162321692081,
    1.0,
    1.0,
    1.0,
    1.0,
    1.0,
    0.999508116084604,
    0.0
  ],
  "val_acc_false": [
    0.047696038803556995,
    1.0,
    0.004850444624090542,
    0.0,
    0.0,
    0.0,
    0.0008084074373484236,
    0.0,
    0.004042037186742118,
    1.0
  ],
  "prompt_ppl_ppx": [
    5260.180837083478,
    5260.180837083478,
    5260.180837083478,
    5260.180837083478,
    5260.180837083478,
    5260.180837083478,
    5260.180837083478,
    5260.180837083478,
    5260.180837083478,
    5260.180837083478
  ]
}