{
  "lambda_ppl": 0.5,
  "train_joint": [
    21.227709300866287,
    21.266064354542937,
    21.23489752351568,
    21.1786003841443,
    21.296211795592576,
    21.262029772126272,
    21.260160480456406,
    21.23182936250494,
    21.269766166772737,
    21.187366884210135
  ],
  "train_task": [
    16.61245958563987,
    16.650814643602693,
    16.61964779543073,
    16.563350664631706,
    16.68096210179704,
    16.646780054756764,
    16.644910778088516,
    16.61657966013705,
    16.654516451546314,
    16.572117145409745
  ],
  "train_ppl_loss": [
    9.230500221252441,
    9.230500221252441,
    9.230500221252441,
    9.230500221252441,
    9.230500221252441,
    9.230500221252441,
    9.230500221252441,
    9.230500221252441,
    9.230500221252441,
    9.230500221252441
  ],
  "train_ppl_ppx": [
    10203.644315072765,
    10203.644315072765,
    10203.644315072765,
    10203.644315072765,
    10203.644315072765,
    10203.644315072765,
    10203.644315072765,
    10203.644315072765,
    10203.644315072765,
    10203.644315072765
  ],
  "val_loss": [
    0.1620069005140444,
    0.1659628078704927,
    0.1676569550502591,
    0.19062658134030133,
    0.17318148787428694,
    0.17295196986779934,
    0.1665370013655686,
    0.17134787389417974,
    0.16770518323997172,
    0.17223417737135074
  ],
  "val_acc": [
    0.6553516819571865,
    0.6434250764525994,
    0.6314984709480123,
    0.3782874617737003,
    0.5519877675840978,
    0.5645259938837921,
    0.6217125382262997,
    0.5996941896024465,
    0.6217125382262997,
    0.5883792048929664
  ],
  "val_acc_true": [
    0.956222331529759,
    0.9768814559763895,
    0.9945892769306444,
    0.0,
    0.661583866207575,
    0.720118052139695,
    1.0,
    0.8730939498278406,
    1.0,
    0.8440727988194786
  ],
  "val_acc_false": [
    0.1608730800323363,
    0.09539207760711399,
    0.034761519805982216,
    1.0,
    0.3718674211802749,
    0.3088116410670978,
    0.0,
    0.15036378334680678,
    0.0,
    0.16814874696847212
  ],
  "prompt_ppl_ppx": [
    10203.644315072775,
    10203.644315072775,
    10203.644315072775,
    10203.644315072775,
    10203.644315072775,
    10203.644315072775,
    10203.644315072775,
    10203.644315072775,
    10203.644315072775,
    10203.644315072775
  ]
}