{
  "lambda_ppl": 0.5,
  "train_joint": [
    20.67864267584983,
    20.67634974276082,
    20.628619556212694,
    20.611329946625098,
    20.6402494066217,
    20.62150919624929,
    20.68124226345105,
    20.661953405315955,
    20.694046659148142,
    20.676709031522943
  ],
  "train_task": [
    16.778160416678098,
    16.775867496447617,
    16.728137303470227,
    16.710847674594838,
    16.739767175310114,
    16.72102695636535,
    16.780760021424026,
    16.761471169718195,
    16.793564423550382,
    16.776226795925183
  ],
  "train_ppl_loss": [
    7.800965785980225,
    7.800965785980225,
    7.800965785980225,
    7.800965785980225,
    7.800965785980225,
    7.800965785980225,
    7.800965785980225,
    7.800965785980225,
    7.800965785980225,
    7.800965785980225
  ],
  "train_ppl_ppx": [
    2442.9602153909977,
    2442.9602153909977,
    2442.9602153909977,
    2442.9602153909977,
    2442.9602153909977,
    2442.9602153909977,
    2442.9602153909977,
    2442.9602153909977,
    2442.9602153909977,
    2442.9602153909977
  ],
  "val_loss": [
    0.15833124729191383,
    0.199337657958996,
    0.16745050342344656,
    0.17013933920278781,
    0.1793546753685649,
    0.1679710559001783,
    0.16753469458440454,
    0.16760837246732013,
    0.1674481269789905,
    0.16892571754571867
  ],
  "val_acc": [
    0.6486238532110091,
    0.6217125382262997,
    0.6244648318042814,
    0.5954128440366973,
    0.43363914373088686,
    0.6217125382262997,
    0.6220183486238532,
    0.6223241590214067,
    0.6220183486238532,
    0.6217125382262997
  ],
  "val_acc_true": [
    0.9960649286768323,
    1.0,
    1.0,
    0.7388096409247418,
    0.21692080668962124,
    1.0,
    1.0,
    1.0,
    1.0,
    1.0
  ],
  "val_acc_false": [
    0.07760711398544867,
    0.0,
    0.007275666936135812,
    0.3597413096200485,
    0.7898140662894099,
    0.0,
    0.0008084074373484236,
    0.0016168148746968471,
    0.0008084074373484236,
    0.0
  ],
  "prompt_ppl_ppx": [
    2442.9602153909814,
    2442.9602153909814,
    2442.9602153909814,
    2442.9602153909814,
    2442.9602153909814,
    2442.9602153909814,
    2442.9602153909814,
    2442.9602153909814,
    2442.9602153909814,
    2442.9602153909814
  ]
}