{
  "lambda_ppl": 1.0,
  "train_joint": [
    26.545473604523735,
    26.601439100972723,
    26.569567815373453,
    26.598796077256793,
    26.555552656195136,
    26.625537143664413,
    26.50110844815715,
    26.579390103629464,
    26.557425209645476,
    26.552535492114806
  ],
  "train_task": [
    16.857887775978345,
    16.91385324885336,
    16.88198199111424,
    16.91121026585611,
    16.86796683836519,
    16.937951327977554,
    16.813522615325585,
    16.89180426222555,
    16.869839368241557,
    16.864949667855594
  ],
  "train_ppl_loss": [
    9.687585830688477,
    9.687585830688477,
    9.687585830688477,
    9.687585830688477,
    9.687585830688477,
    9.687585830688477,
    9.687585830688477,
    9.687585830688477,
    9.687585830688477,
    9.687585830688477
  ],
  "train_ppl_ppx": [
    16116.289838829955,
    16116.289838829955,
    16116.289838829955,
    16116.289838829955,
    16116.289838829955,
    16116.289838829955,
    16116.289838829955,
    16116.289838829955,
    16116.289838829955,
    16116.289838829955
  ],
  "val_loss": [
    0.2250818626909721,
    0.16298425081299572,
    0.16161869887898608,
    0.16986869500904547,
    0.17681681677335645,
    0.1658177012713944,
    0.16701422777117753,
    0.16749576482830977,
    0.16732761300191645,
    0.17312450525237294
  ],
  "val_acc": [
    0.6250764525993884,
    0.6767584097859327,
    0.7009174311926606,
    0.6339449541284403,
    0.6217125382262997,
    0.6220183486238532,
    0.6220183486238532,
    0.6217125382262997,
    0.6217125382262997,
    0.5541284403669725
  ],
  "val_acc_true": [
    1.0,
    0.8701426463354648,
    0.9606492867683227,
    0.7865223807181505,
    1.0,
    0.999508116084604,
    1.0,
    1.0,
    1.0,
    0.677816035415642
  ],
  "val_acc_false": [
    0.00889248181083266,
    0.3589329021827001,
    0.2740501212611156,
    0.3831851253031528,
    0.0,
    0.0016168148746968471,
    0.0008084074373484236,
    0.0,
    0.0,
    0.35084882780921584
  ],
  "prompt_ppl_ppx": [
    16116.289838829856,
    16116.289838829856,
    16116.289838829856,
    16116.289838829856,
    16116.289838829856,
    16116.289838829856,
    16116.289838829856,
    16116.289838829856,
    16116.289838829856,
    16116.289838829856
  ]
}