{
  "lambda_ppl": 1.0,
  "train_joint": [
    30.675183084037865,
    30.626866942845034,
    30.622371579288096,
    30.651295381181697,
    30.643383223287174,
    30.667759515998068,
    30.617661503995404,
    30.648424392871643,
    30.627129642615156,
    30.58553951992078
  ],
  "train_task": [
    17.80053786588519,
    17.75222169683221,
    17.747726337561446,
    17.77665016088593,
    17.76873799870523,
    17.79311428498686,
    17.74301625155331,
    17.773779157574257,
    17.752484403031595,
    17.7108943017681
  ],
  "train_ppl_loss": [
    12.874645233154297,
    12.874645233154297,
    12.874645233154297,
    12.874645233154297,
    12.874645233154297,
    12.874645233154297,
    12.874645233154297,
    12.874645233154297,
    12.874645233154297,
    12.874645233154297
  ],
  "train_ppl_ppx": [
    390289.9616074677,
    390289.9616074677,
    390289.9616074677,
    390289.9616074677,
    390289.9616074677,
    390289.9616074677,
    390289.9616074677,
    390289.9616074677,
    390289.9616074677,
    390289.9616074677
  ],
  "val_loss": [
    20.738443542108303,
    16.606289342554604,
    12.849261767689775,
    11.106931281671292,
    10.370884718546053,
    10.042508916157049,
    9.83814158090731,
    9.632079170971382,
    9.436674359949624,
    9.157375368257847
  ],
  "val_acc": [
    0.7932721712538227,
    0.781651376146789,
    0.6853211009174311,
    0.5100917431192661,
    0.43058103975535167,
    0.39877675840978594,
    0.39388379204892965,
    0.38960244648318043,
    0.38776758409785933,
    0.3874617737003058
  ],
  "val_acc_true": [
    0.809640924741761,
    0.7816035415641909,
    0.5710772257747172,
    0.23462862764387604,
    0.09149040826364978,
    0.03541564190850959,
    0.026069847515986226,
    0.018691588785046728,
    0.01574028529267093,
    0.015248401377274963
  ],
  "val_acc_false": [
    0.7663702506063056,
    0.7817299919159256,
    0.8730800323362975,
    0.9628132578819725,
    0.9878738884397736,
    0.9959579628132579,
    0.9983831851253031,
    0.9991915925626516,
    0.9991915925626516,
    0.9991915925626516
  ],
  "prompt_ppl_ppx": [
    390289.96160747035,
    390289.96160747035,
    390289.96160747035,
    390289.96160747035,
    390289.96160747035,
    390289.96160747035,
    390289.96160747035,
    390289.96160747035,
    390289.96160747035,
    390289.96160747035
  ]
}