{
  "lambda_ppl": 0.1,
  "train_joint": [
    18.70883985369393,
    18.752350415004774,
    18.630993187293576,
    18.668356846155746,
    18.678816266006297,
    18.61804281084725,
    18.69695993059137,
    18.7283100835393,
    18.710566117790307,
    18.683289984370884
  ],
  "train_task": [
    17.98687025348792,
    18.030380812655675,
    17.909023589230657,
    17.946387248092822,
    17.956846667943378,
    17.89607320849815,
    17.97499032609918,
    18.0063404811902,
    17.98859651544121,
    17.961320382021785
  ],
  "train_ppl_loss": [
    7.219690322875977,
    7.219690322875977,
    7.219690322875977,
    7.219690322875977,
    7.219690322875977,
    7.219690322875977,
    7.219690322875977,
    7.219690322875977,
    7.219690322875977,
    7.219690322875977
  ],
  "train_ppl_ppx": [
    1366.0659558222428,
    1366.0659558222428,
    1366.0659558222428,
    1366.0659558222428,
    1366.0659558222428,
    1366.0659558222428,
    1366.0659558222428,
    1366.0659558222428,
    1366.0659558222428,
    1366.0659558222428
  ],
  "val_loss": [
    14.318122989375416,
    11.723743387547936,
    11.12668285369873,
    10.662512909493795,
    10.114024018078316,
    9.549965737505657,
    8.988801109500047,
    8.419593592387875,
    7.844734601276677,
    7.409398579015964
  ],
  "val_acc": [
    0.674006116207951,
    0.5363914373088685,
    0.4957186544342508,
    0.47003058103975537,
    0.44984709480122326,
    0.42996941896024465,
    0.40275229357798165,
    0.38623853211009174,
    0.3785932721712538,
    0.3782874617737003
  ],
  "val_acc_true": [
    0.5332021642892277,
    0.27397934087555337,
    0.20019675356615838,
    0.1529758976881456,
    0.11805213969503198,
    0.08509591736350221,
    0.04033448106246926,
    0.01278898180029513,
    0.0004918839153959665,
    0.0
  ],
  "val_acc_false": [
    0.9054163298302345,
    0.967663702506063,
    0.9814066289409863,
    0.9911075181891673,
    0.9951495553759094,
    0.9967663702506063,
    0.9983831851253031,
    1.0,
    1.0,
    1.0
  ],
  "prompt_ppl_ppx": [
    1366.0659558222508,
    1366.0659558222508,
    1366.0659558222508,
    1366.0659558222508,
    1366.0659558222508,
    1366.0659558222508,
    1366.0659558222508,
    1366.0659558222508,
    1366.0659558222508,
    1366.0659558222508
  ]
}