{
  "lambda_ppl": 0.01,
  "train_joint": [
    15.87872605698832,
    15.858997411406442,
    16.1555301987723,
    16.937835369753035,
    16.964054484849566,
    16.947655493489812,
    16.125104764874063,
    15.714160316981626,
    15.763656054721789,
    16.927874927306444
  ],
  "train_task": [
    15.87872605698832,
    15.858997411406442,
    16.135089096326507,
    16.863881846224324,
    16.890100965607033,
    16.8737019699611,
    16.1016722989886,
    15.714160316981626,
    15.763656054721789,
    16.8545861276348
  ],
  "train_ppl_loss": [
    0.0,
    0.0,
    2.0440925512420995,
    7.395294189453125,
    7.395294189453125,
    7.395294189453125,
    2.3432280465458217,
    0.0,
    0.0,
    7.328819634941187
  ],
  "train_ppl_ppx": [
    1.0,
    1.0,
    450.7941069820618,
    1628.3038829838704,
    1628.3038829838704,
    1628.3038829838704,
    516.6176348330956,
    1.0,
    1.0,
    1613.6764323503076
  ],
  "val_loss": [
    0.23342133393374884,
    0.21402689182176823,
    17.174587891741496,
    16.428457250827698,
    15.625070222994177,
    14.783804432938739,
    13.671958523261837,
    11.93972109817877,
    8.917045035013338,
    3.1295699328911013
  ],
  "val_acc": [
    0.6217125382262997,
    0.6220183486238532,
    0.7840978593272171,
    0.7785932721712538,
    0.77217125382263,
    0.763302752293578,
    0.7397553516819572,
    0.6847094801223241,
    0.42752293577981654,
    0.3785932721712538
  ],
  "val_acc_true": [
    0.9990162321692081,
    0.999508116084604,
    0.7835710772257747,
    0.7707820954254796,
    0.7575012297097885,
    0.7378258730939499,
    0.6891293654697491,
    0.5789473684210527,
    0.08657156910969012,
    0.0004918839153959665
  ],
  "val_acc_false": [
    0.0016168148746968471,
    0.0016168148746968471,
    0.7849636216653193,
    0.7914308811641068,
    0.7962813257881972,
    0.8051738075990299,
    0.8229587712206953,
    0.8585286984640259,
    0.9878738884397736,
    1.0
  ],
  "prompt_ppl_ppx": [
    NaN,
    NaN,
    1628.303882983878,
    1628.303882983878,
    1628.303882983878,
    1628.303882983878,
    NaN,
    NaN,
    NaN,
    NaN
  ]
}