{
  "lambda_ppl": 10.0,
  "train_joint": [
    102.80628038042047,
    102.72819224154011,
    102.7437044636587,
    102.81398310286275,
    102.78141018299574,
    102.77578387314014,
    102.7729607742824,
    102.77056807614444,
    102.80066223144532,
    102.79572705901072
  ],
  "train_task": [
    16.301717953199752,
    16.223629724309685,
    16.239142040724165,
    16.30942084923219,
    16.27684785007091,
    16.271221495210455,
    16.268398368492555,
    16.2660057453627,
    16.29609984922945,
    16.291164666079403
  ],
  "train_ppl_loss": [
    8.650456428527832,
    8.650456428527832,
    8.650456428527832,
    8.650456428527832,
    8.650456428527832,
    8.650456428527832,
    8.650456428527832,
    8.650456428527832,
    8.650456428527832,
    8.650456428527832
  ],
  "train_ppl_ppx": [
    5712.753602500256,
    5712.753602500256,
    5712.753602500256,
    5712.753602500256,
    5712.753602500256,
    5712.753602500256,
    5712.753602500256,
    5712.753602500256,
    5712.753602500256,
    5712.753602500256
  ],
  "val_loss": [
    0.16885543843594994,
    0.1935945931367758,
    0.16684617232985613,
    0.22217932815958813,
    0.1798121690750122,
    0.17039078285054463,
    0.17291548630086387,
    0.17525011119319173,
    0.17207297704568722,
    0.169054561998786
  ],
  "val_acc": [
    0.6217125382262997,
    0.6217125382262997,
    0.6217125382262997,
    0.3782874617737003,
    0.38776758409785933,
    0.6244648318042814,
    0.5547400611620795,
    0.44617737003058106,
    0.5807339449541284,
    0.6217125382262997
  ],
  "val_acc_true": [
    1.0,
    1.0,
    1.0,
    0.0,
    0.02557796360059026,
    0.9980324643384161,
    0.6974913920314806,
    0.26266601082144614,
    0.8061977373339891,
    1.0
  ],
  "val_acc_false": [
    0.0,
    0.0,
    0.0,
    1.0,
    0.9830234438156831,
    0.010509296685529508,
    0.32012934518997577,
    0.7477768795472919,
    0.21018593371059013,
    0.0
  ],
  "prompt_ppl_ppx": [
    5712.753602500275,
    5712.753602500275,
    5712.753602500275,
    5712.753602500275,
    5712.753602500275,
    5712.753602500275,
    5712.753602500275,
    5712.753602500275,
    5712.753602500275,
    5712.753602500275
  ]
}