{
  "lambda_ppl": 0.0,
  "train_joint": [
    16.65458561972286,
    16.667868729923548,
    16.66355256284221,
    16.654418186659225,
    16.695367808824177,
    16.701688425728445,
    16.722865955481367,
    16.64031507942114,
    16.6648202188899,
    16.6588150774495
  ],
  "train_task": [
    16.65458561972286,
    16.667868729923548,
    16.66355256284221,
    16.654418186659225,
    16.695367808824177,
    16.701688425728445,
    16.722865955481367,
    16.64031507942114,
    16.6648202188899,
    16.6588150774495
  ],
  "train_ppl_loss": [
    0.0,
    0.0,
    0.0,
    0.0,
    0.0,
    0.0,
    0.0,
    0.0,
    0.0,
    0.0
  ],
  "train_ppl_ppx": [
    0.0,
    0.0,
    0.0,
    0.0,
    0.0,
    0.0,
    0.0,
    0.0,
    0.0,
    0.0
  ],
  "val_loss": [
    0.22966299820237043,
    0.16835848856263044,
    0.16524241414011978,
    0.16713892712098796,
    0.1747511163717363,
    0.17316193235356633,
    0.16804978186037484,
    0.17043113752109249,
    0.1741120241764115,
    0.17868006967189837
  ],
  "val_acc": [
    0.6214067278287462,
    0.6226299694189602,
    0.6226299694189602,
    0.6214067278287462,
    0.6220183486238532,
    0.6220183486238532,
    0.6226299694189602,
    0.6223241590214067,
    0.6217125382262997,
    0.6217125382262997
  ],
  "val_acc_true": [
    0.999508116084604,
    0.9758976881455976,
    0.9640924741760944,
    0.9827840629611412,
    1.0,
    1.0,
    1.0,
    1.0,
    1.0,
    1.0
  ],
  "val_acc_false": [
    0.0,
    0.04203718674211803,
    0.06143896523848019,
    0.0274858528698464,
    0.0008084074373484236,
    0.0008084074373484236,
    0.002425222312045271,
    0.0016168148746968471,
    0.0,
    0.0
  ],
  "prompt_ppl_ppx": [
    0.0,
    0.0,
    0.0,
    0.0,
    0.0,
    0.0,
    0.0,
    0.0,
    0.0,
    0.0
  ]
}