{
  "lambda_ppl": 0.1,
  "train_joint": [
    17.148838221089225,
    17.17950518747394,
    17.13671358944325,
    17.109116485681426,
    17.124083793297242,
    17.156531546089088,
    17.14040423618274,
    17.20250481809123,
    17.14054793668597,
    17.134319500440963
  ],
  "train_task": [
    16.32115950209371,
    16.351826507054017,
    16.309034889735532,
    16.281437805261504,
    16.296405104304966,
    16.3288528592399,
    16.312725560048992,
    16.374826159102195,
    16.312869230548987,
    16.306640815734863
  ],
  "train_ppl_loss": [
    8.276786804199219,
    8.276786804199219,
    8.276786804199219,
    8.276786804199219,
    8.276786804199219,
    8.276786804199219,
    8.276786804199219,
    8.276786804199219,
    8.276786804199219,
    8.276786804199219
  ],
  "train_ppl_ppx": [
    3931.5412525324527,
    3931.5412525324527,
    3931.5412525324527,
    3931.5412525324527,
    3931.5412525324527,
    3931.5412525324527,
    3931.5412525324527,
    3931.5412525324527,
    3931.5412525324527,
    3931.5412525324527
  ],
  "val_loss": [
    15.095952420118378,
    12.417089243632992,
    11.032119453244093,
    10.350071781437572,
    9.805061759018317,
    9.298047772849479,
    8.882432514283716,
    8.492387287791182,
    8.070165820238067,
    7.556726723182492
  ],
  "val_acc": [
    0.7437308868501529,
    0.6626911314984709,
    0.6201834862385321,
    0.6204892966360857,
    0.6333333333333333,
    0.645565749235474,
    0.6685015290519878,
    0.6877675840978593,
    0.7180428134556575,
    0.72782874617737
  ],
  "val_acc_true": [
    0.7038858829316281,
    0.5391047712739794,
    0.44810624692572554,
    0.4485981308411215,
    0.48844072798819477,
    0.514510575504181,
    0.5715691096901131,
    0.6222331529758977,
    0.7063453025086079,
    0.7693064436792917
  ],
  "val_acc_false": [
    0.809215844785772,
    0.8658043654001617,
    0.9029911075181891,
    0.9029911075181891,
    0.8714632174616006,
    0.8609539207760711,
    0.8278092158447857,
    0.7954729183508489,
    0.7372675828617623,
    0.6596604688763137
  ],
  "prompt_ppl_ppx": [
    3931.5412525324346,
    3931.5412525324346,
    3931.5412525324346,
    3931.5412525324346,
    3931.5412525324346,
    3931.5412525324346,
    3931.5412525324346,
    3931.5412525324346,
    3931.5412525324346,
    3931.5412525324346
  ]
}