{
  "lambda_ppl": 1.0,
  "train_joint": [
    27.937485808468935,
    28.035840006624714,
    27.974466019533992,
    27.964522526773173,
    27.905672999178424,
    27.974106113562424,
    27.976883551779757,
    27.932669521717543,
    27.977975326709533,
    27.925166235077246
  ],
  "train_task": [
    17.857346648312685,
    17.955700844325378,
    17.894326859377742,
    17.884383366616923,
    17.825533839022174,
    17.893966953406174,
    17.896744389480418,
    17.85253036584747,
    17.897836166553283,
    17.845027077064085
  ],
  "train_ppl_loss": [
    10.08013916015625,
    10.08013916015625,
    10.08013916015625,
    10.08013916015625,
    10.08013916015625,
    10.08013916015625,
    10.08013916015625,
    10.08013916015625,
    10.08013916015625,
    10.08013916015625
  ],
  "train_ppl_ppx": [
    23864.306271626407,
    23864.306271626407,
    23864.306271626407,
    23864.306271626407,
    23864.306271626407,
    23864.306271626407,
    23864.306271626407,
    23864.306271626407,
    23864.306271626407,
    23864.306271626407
  ],
  "val_loss": [
    0.1540759572168676,
    0.1758878518895405,
    0.17220580148987655,
    0.167154393399634,
    0.16408232014353683,
    0.16568555642918842,
    0.16550960933289877,
    0.16912505910163972,
    0.1704521177745447,
    0.1703895636448046
  ],
  "val_acc": [
    0.671559633027523,
    0.6262996941896024,
    0.6217125382262997,
    0.6223241590214067,
    0.6269113149847095,
    0.6241590214067279,
    0.6238532110091743,
    0.6217125382262997,
    0.6027522935779817,
    0.608868501529052
  ],
  "val_acc_true": [
    0.9931136251844564,
    0.999508116084604,
    1.0,
    1.0,
    0.9950811608460404,
    1.0,
    1.0,
    0.9365469749139204,
    0.8932611903590753,
    0.9168716182980816
  ],
  "val_acc_false": [
    0.14308811641067098,
    0.012934518997574777,
    0.0,
    0.0016168148746968471,
    0.021827000808407437,
    0.0064672594987873885,
    0.005658852061438965,
    0.10428455941794665,
    0.12530315278900567,
    0.1026677445432498
  ],
  "prompt_ppl_ppx": [
    23864.306271626523,
    23864.306271626523,
    23864.306271626523,
    23864.306271626523,
    23864.306271626523,
    23864.306271626523,
    23864.306271626523,
    23864.306271626523,
    23864.306271626523,
    23864.306271626523
  ]
}