{
  "lambda_ppl": 0.75,
  "train_joint": [
    23.29511987921897,
    23.305748727348412,
    23.296064269676638,
    23.184606436397253,
    23.18638618554962,
    23.278946972964853,
    23.192619825213143,
    23.270286234309165,
    23.232910057667937,
    23.277957641944457
  ],
  "train_task": [
    16.658542266588533,
    16.66917112543342,
    16.65948666990473,
    16.548028821623728,
    16.549808542915944,
    16.642369381765302,
    16.556042227584324,
    16.633708623821814,
    16.596332434322058,
    16.641380031457107
  ],
  "train_ppl_loss": [
    8.848770141601562,
    8.848770141601562,
    8.848770141601562,
    8.848770141601562,
    8.848770141601562,
    8.848770141601562,
    8.848770141601562,
    8.848770141601562,
    8.848770141601562,
    8.848770141601562
  ],
  "train_ppl_ppx": [
    6965.816731657219,
    6965.816731657219,
    6965.816731657219,
    6965.816731657219,
    6965.816731657219,
    6965.816731657219,
    6965.816731657219,
    6965.816731657219,
    6965.816731657219,
    6965.816731657219
  ],
  "val_loss": [
    0.32901930809020996,
    0.18930419901522194,
    0.20251267312503443,
    0.16401739244054003,
    0.18372833365347327,
    0.20568971546684822,
    0.1647407097787392,
    0.16706008402312675,
    0.16639804571140104,
    0.16696196823585324
  ],
  "val_acc": [
    0.6262996941896024,
    0.3834862385321101,
    0.3782874617737003,
    0.6376146788990825,
    0.38256880733944953,
    0.3782874617737003,
    0.6232415902140673,
    0.6238532110091743,
    0.6238532110091743,
    0.6217125382262997
  ],
  "val_acc_true": [
    0.9001475651746188,
    0.013772749631087064,
    0.0,
    0.9645843580914905,
    0.012297097884899164,
    0.0,
    1.0,
    0.9980324643384161,
    1.0,
    1.0
  ],
  "val_acc_false": [
    0.17623282134195634,
    0.9911075181891673,
    1.0,
    0.10024252223120453,
    0.9911075181891673,
    1.0,
    0.004042037186742118,
    0.00889248181083266,
    0.005658852061438965,
    0.0
  ],
  "prompt_ppl_ppx": [
    6965.816731657184,
    6965.816731657184,
    6965.816731657184,
    6965.816731657184,
    6965.816731657184,
    6965.816731657184,
    6965.816731657184,
    6965.816731657184,
    6965.816731657184,
    6965.816731657184
  ]
}