{
  "lambda_ppl": 1.0,
  "train_joint": [
    25.44949665283889,
    25.47457052080819,
    25.531471908226443,
    25.45116315263041,
    25.54936884762196,
    25.47387610874819,
    25.476579083217665,
    25.497611026549606,
    25.45043713858958,
    25.492894384834205
  ],
  "train_task": [
    16.830769926778387,
    16.85584377545989,
    16.91274518216594,
    16.83243641156829,
    16.93064212156146,
    16.855149371972246,
    16.857852370015692,
    16.878884302632194,
    16.831710416815255,
    16.874167652344436
  ],
  "train_ppl_loss": [
    8.61872673034668,
    8.61872673034668,
    8.61872673034668,
    8.61872673034668,
    8.61872673034668,
    8.61872673034668,
    8.61872673034668,
    8.61872673034668,
    8.61872673034668,
    8.61872673034668
  ],
  "train_ppl_ppx": [
    5534.335204530506,
    5534.335204530506,
    5534.335204530506,
    5534.335204530506,
    5534.335204530506,
    5534.335204530506,
    5534.335204530506,
    5534.335204530506,
    5534.335204530506,
    5534.335204530506
  ],
  "val_loss": [
    0.24771400428399806,
    2.0342018086735796,
    0.24419498101967138,
    0.16976800938931907,
    0.16991138916190077,
    0.16788125194427445,
    0.16748085676169977,
    0.16725802824991506,
    0.1666396560465417,
    0.1694401206039801
  ],
  "val_acc": [
    0.6217125382262997,
    0.3782874617737003,
    0.5718654434250765,
    0.6134556574923548,
    0.598776758409786,
    0.6217125382262997,
    0.617125382262997,
    0.6217125382262997,
    0.6214067278287462,
    0.6198776758409786
  ],
  "val_acc_true": [
    1.0,
    0.0,
    0.7914412198721101,
    0.9655681259222824,
    0.9370388588293163,
    1.0,
    0.9719626168224299,
    1.0,
    0.9990162321692081,
    0.9945892769306444
  ],
  "val_acc_false": [
    0.0,
    1.0,
    0.21099434114793855,
    0.034761519805982216,
    0.04284559417946645,
    0.0,
    0.03395311236863379,
    0.0,
    0.0008084074373484236,
    0.004042037186742118
  ],
  "prompt_ppl_ppx": [
    5534.335204530506,
    5534.335204530506,
    5534.335204530506,
    5534.335204530506,
    5534.335204530506,
    5534.335204530506,
    5534.335204530506,
    5534.335204530506,
    5534.335204530506,
    5534.335204530506
  ]
}