{
  "lambda_ppl": 0.75,
  "train_joint": [
    24.754533784844902,
    24.777410772945103,
    24.792704532923324,
    24.689382981718257,
    24.6714683875609,
    24.189685217182287,
    24.138820746775423,
    24.43542288019416,
    24.415712339422676,
    24.12790177591731
  ],
  "train_task": [
    16.724782024340684,
    16.74765898243765,
    16.762952720984984,
    16.659631210498596,
    16.70339057793778,
    16.783681273728273,
    16.732816792605966,
    16.809096674972707,
    16.839140066939795,
    16.858381925004252
  ],
  "train_ppl_loss": [
    10.70633602142334,
    10.70633602142334,
    10.70633602142334,
    10.70633602142334,
    10.624104066913047,
    9.874671936035156,
    9.874671936035156,
    10.168434730272615,
    10.10209645046277,
    9.692693710327148
  ],
  "train_ppl_ppx": [
    44637.78699864976,
    44637.78699864976,
    44637.78699864976,
    44637.78699864976,
    42145.520695074185,
    19431.911882942328,
    19431.911882942328,
    28276.986577250755,
    27675.019498916332,
    16198.82050646848
  ],
  "val_loss": [
    17.834953163891303,
    6.572210865485959,
    0.19562577278148838,
    0.2717357043086029,
    0.24507039770847414,
    0.20096844332974131,
    0.2044655665028386,
    1.1123947530257992,
    0.21961654613657697,
    0.18960091100960244
  ],
  "val_acc": [
    0.3785932721712538,
    0.44220183486238535,
    0.6214067278287462,
    0.6217125382262997,
    0.6217125382262997,
    0.6217125382262997,
    0.6217125382262997,
    0.3892966360856269,
    0.6103975535168196,
    0.6201834862385321
  ],
  "val_acc_true": [
    0.0004918839153959665,
    0.22036399409739302,
    0.999508116084604,
    0.9985243482538121,
    1.0,
    1.0,
    1.0,
    0.039350713231677326,
    0.9586817511067388,
    0.9945892769306444
  ],
  "val_acc_false": [
    1.0,
    0.8067906224737268,
    0.0,
    0.002425222312045271,
    0.0,
    0.0,
    0.0,
    0.9644300727566694,
    0.03799514955537591,
    0.004850444624090542
  ],
  "prompt_ppl_ppx": [
    44637.786998650015,
    44637.786998650015,
    44637.786998650015,
    44637.786998650015,
    19431.911882942157,
    19431.911882942157,
    19431.911882942157,
    44570.53468224257,
    16198.820506468612,
    16198.820506468612
  ]
}