{
  "lambda_ppl": 0.75,
  "train_joint": [
    25.06487962958518,
    25.067645387970998,
    25.138495876012225,
    25.058365956852946,
    25.071575850583194,
    25.048141333762178,
    25.086612182788635,
    25.127409268497082,
    25.143748718433166,
    25.112151889586716
  ],
  "train_task": [
    17.051781857951305,
    17.05454763348183,
    17.12539810223526,
    17.045268191648333,
    17.058478074663142,
    17.035043577129922,
    17.073514413297847,
    17.114311511864823,
    17.130650951085467,
    17.09905413081137
  ],
  "train_ppl_loss": [
    10.68412971496582,
    10.68412971496582,
    10.68412971496582,
    10.68412971496582,
    10.68412971496582,
    10.68412971496582,
    10.68412971496582,
    10.68412971496582,
    10.68412971496582,
    10.68412971496582
  ],
  "train_ppl_ppx": [
    43657.47149828979,
    43657.47149828979,
    43657.47149828979,
    43657.47149828979,
    43657.47149828979,
    43657.47149828979,
    43657.47149828979,
    43657.47149828979,
    43657.47149828979,
    43657.47149828979
  ],
  "val_loss": [
    0.2393166570765216,
    0.768448827324844,
    0.26790536740204185,
    0.206171635956299,
    0.17862527604873588,
    0.1667041086205622,
    0.25486785213394864,
    0.23238162105766738,
    0.1921183994630488,
    0.2219629083283064
  ],
  "val_acc": [
    0.6969418960244649,
    0.627217125382263,
    0.6425076452599389,
    0.6636085626911316,
    0.6847094801223241,
    0.6828746177370031,
    0.6293577981651376,
    0.6351681957186545,
    0.6363914373088685,
    0.6314984709480123
  ],
  "val_acc_true": [
    0.6861780619773733,
    0.999508116084604,
    0.9985243482538121,
    0.9936055090998525,
    0.9881947860304968,
    0.985735366453517,
    0.9990162321692081,
    0.9985243482538121,
    0.9985243482538121,
    0.999508116084604
  ],
  "val_acc_false": [
    0.7146321746160065,
    0.015359741309620048,
    0.05739692805173808,
    0.12126111560226355,
    0.18593371059013744,
    0.185125303152789,
    0.021827000808407437,
    0.03799514955537591,
    0.041228779304769606,
    0.02667744543249798
  ],
  "prompt_ppl_ppx": [
    43657.47149828989,
    43657.47149828989,
    43657.47149828989,
    43657.47149828989,
    43657.47149828989,
    43657.47149828989,
    43657.47149828989,
    43657.47149828989,
    43657.47149828989,
    43657.47149828989
  ]
}