{
  "lambda_ppl": 1.0,
  "train_joint": [
    25.47174842062961,
    25.469237711188498,
    25.39455121929726,
    25.457149424177878,
    25.464918642365532,
    25.439322413755267,
    25.478732325521747,
    25.41098565090908,
    25.410670852661134,
    25.431364980976234
  ],
  "train_task": [
    16.171625186620133,
    16.16911449432373,
    16.09442802600646,
    16.157026211599284,
    16.164795404069878,
    16.139199216178294,
    16.17860912151551,
    16.11086242332887,
    16.110547663656515,
    16.131241751252936
  ],
  "train_ppl_loss": [
    9.30012321472168,
    9.30012321472168,
    9.30012321472168,
    9.30012321472168,
    9.30012321472168,
    9.30012321472168,
    9.30012321472168,
    9.30012321472168,
    9.30012321472168,
    9.30012321472168
  ],
  "train_ppl_ppx": [
    10939.367016190745,
    10939.367016190745,
    10939.367016190745,
    10939.367016190745,
    10939.367016190745,
    10939.367016190745,
    10939.367016190745,
    10939.367016190745,
    10939.367016190745,
    10939.367016190745
  ],
  "val_loss": [
    13.067216873168945,
    11.693526709952005,
    10.876347244076612,
    10.20316304927919,
    9.607160261200695,
    8.964080745417897,
    8.333594326856659,
    7.696538213404214,
    7.007667774107398,
    6.38075390094664
  ],
  "val_acc": [
    0.6379204892966361,
    0.5042813455657492,
    0.4363914373088685,
    0.40244648318042814,
    0.39357798165137614,
    0.40886850152905196,
    0.5009174311926605,
    0.5840978593272171,
    0.5902140672782875,
    0.5311926605504587
  ],
  "val_acc_true": [
    0.47024102311854404,
    0.22282341367437286,
    0.09985243482538121,
    0.04033448106246926,
    0.02459419576979833,
    0.05115592720118052,
    0.21741269060501722,
    0.37727496310870634,
    0.3925233644859813,
    0.2754549926217413
  ],
  "val_acc_false": [
    0.9135004042037187,
    0.9668552950687146,
    0.9894907033144705,
    0.9975747776879548,
    1.0,
    0.9967663702506063,
    0.9668552950687146,
    0.9240097008892482,
    0.9151172190784155,
    0.9514955537590946
  ],
  "prompt_ppl_ppx": [
    10939.367016190836,
    10939.367016190836,
    10939.367016190836,
    10939.367016190836,
    10939.367016190836,
    10939.367016190836,
    10939.367016190836,
    10939.367016190836,
    10939.367016190836,
    10939.367016190836
  ]
}