{
  "lambda_ppl": 0.01,
  "train_joint": [
    17.234388222855127,
    17.23043967043416,
    17.24444422561131,
    17.257620897185937,
    17.202206838800667,
    17.25701660199112,
    17.21585621565915,
    17.20609237585175,
    17.21873939599884,
    17.202938403440324
  ],
  "train_task": [
    17.125495788488497,
    17.12154723392444,
    17.135551795530855,
    17.148728458533125,
    17.093314402290943,
    17.148124171910663,
    17.106963777006342,
    17.097199945771294,
    17.109846961632204,
    17.094045964787515
  ],
  "train_ppl_loss": [
    10.889201164245605,
    10.889201164245605,
    10.889201164245605,
    10.889201164245605,
    10.889201164245605,
    10.889201164245605,
    10.889201164245605,
    10.889201164245605,
    10.889201164245605,
    10.889201164245605
  ],
  "train_ppl_ppx": [
    53594.46968652948,
    53594.46968652948,
    53594.46968652948,
    53594.46968652948,
    53594.46968652948,
    53594.46968652948,
    53594.46968652948,
    53594.46968652948,
    53594.46968652948,
    53594.46968652948
  ],
  "val_loss": [
    0.17626150174111854,
    0.16425128731785751,
    0.16662981764572424,
    0.16917870953315642,
    0.1983651902617478,
    0.16990275797320575,
    0.22534741999172583,
    0.16634194640124716,
    0.17183054783722249,
    0.16759032985059227
  ],
  "val_acc": [
    0.635474006116208,
    0.6529051987767585,
    0.6244648318042814,
    0.6012232415902141,
    0.3785932721712538,
    0.6003058103975535,
    0.3782874617737003,
    0.6226299694189602,
    0.6217125382262997,
    0.6211009174311927
  ],
  "val_acc_true": [
    0.9980324643384161,
    0.8814559763895721,
    0.999508116084604,
    0.8081652729955731,
    0.0004918839153959665,
    0.868175110673881,
    0.0,
    0.999508116084604,
    1.0,
    0.9990162321692081
  ],
  "val_acc_false": [
    0.039611964430072755,
    0.2772837510105093,
    0.008084074373484237,
    0.2611156022635408,
    1.0,
    0.16006467259498788,
    1.0,
    0.0032336297493936943,
    0.0,
    0.0
  ],
  "prompt_ppl_ppx": [
    53594.46968652933,
    53594.46968652933,
    53594.46968652933,
    53594.46968652933,
    53594.46968652933,
    53594.46968652933,
    53594.46968652933,
    53594.46968652933,
    53594.46968652933,
    53594.46968652933
  ]
}