{
  "lambda_ppl": 0.75,
  "train_joint": [
    23.28280962397543,
    23.25374822295114,
    23.274651833866418,
    23.237492597772835,
    23.26573919231972,
    23.297818370347613,
    23.290537111946705,
    23.27884716505415,
    23.19400918081905,
    23.223061417997553
  ],
  "train_task": [
    17.430804614806444,
    17.40174321163906,
    17.422646828983606,
    17.38548758003149,
    17.41373418529382,
    17.4458133654648,
    17.438532104920807,
    17.426842166600604,
    17.342004188794768,
    17.371056419544004
  ],
  "train_ppl_loss": [
    7.80267333984375,
    7.80267333984375,
    7.80267333984375,
    7.80267333984375,
    7.80267333984375,
    7.80267333984375,
    7.80267333984375,
    7.80267333984375,
    7.80267333984375,
    7.80267333984375
  ],
  "train_ppl_ppx": [
    2447.1352650918975,
    2447.1352650918975,
    2447.1352650918975,
    2447.1352650918975,
    2447.1352650918975,
    2447.1352650918975,
    2447.1352650918975,
    2447.1352650918975,
    2447.1352650918975,
    2447.1352650918975
  ],
  "val_loss": [
    0.1559440163940918,
    0.15787495069387483,
    0.16043273384978132,
    0.16184297109522472,
    0.16594788751951078,
    0.16392437183275455,
    0.16423722283869255,
    0.1655754153321429,
    0.173161452427143,
    0.16734563555659318
  ],
  "val_acc": [
    0.6577981651376147,
    0.6856269113149847,
    0.6758409785932722,
    0.6678899082568808,
    0.6467889908256881,
    0.6235474006116208,
    0.6232415902140673,
    0.6217125382262997,
    0.5134556574923548,
    0.6256880733944954
  ],
  "val_acc_true": [
    0.9950811608460404,
    0.9552385636989671,
    0.941957697983276,
    0.9636005902606984,
    0.9149040826364978,
    1.0,
    1.0,
    1.0,
    0.45400885391047713,
    0.9734382685686178
  ],
  "val_acc_false": [
    0.10347615198059822,
    0.2425222312045271,
    0.23848019401778497,
    0.18189167340339532,
    0.206143896523848,
    0.004850444624090542,
    0.004042037186742118,
    0.0,
    0.6111560226354082,
    0.054163298302344384
  ],
  "prompt_ppl_ppx": [
    2447.135265091888,
    2447.135265091888,
    2447.135265091888,
    2447.135265091888,
    2447.135265091888,
    2447.135265091888,
    2447.135265091888,
    2447.135265091888,
    2447.135265091888,
    2447.135265091888
  ]
}