{
  "lambda_ppl": 0.0,
  "train_joint": [
    15.888060593337155,
    15.91928450980883,
    15.920739716090512,
    15.880346947573544,
    15.898876800965727,
    15.890195276496115,
    15.914327773619235,
    15.966935732123558,
    15.921360283755185,
    15.899685761098112
  ],
  "train_task": [
    15.888060593337155,
    15.91928450980883,
    15.920739716090512,
    15.880346947573544,
    15.898876800965727,
    15.890195276496115,
    15.914327773619235,
    15.966935732123558,
    15.921360283755185,
    15.899685761098112
  ],
  "train_ppl_loss": [
    0.0,
    0.0,
    0.0,
    0.0,
    0.0,
    0.0,
    0.0,
    0.0,
    0.0,
    0.0
  ],
  "train_ppl_ppx": [
    0.0,
    0.0,
    0.0,
    0.0,
    0.0,
    0.0,
    0.0,
    0.0,
    0.0,
    0.0
  ],
  "val_loss": [
    0.285476465777653,
    0.18975539847118097,
    0.167974394777926,
    0.2108493537437625,
    0.20660892913981183,
    0.16791738526123326,
    0.17308061217389456,
    0.18144160872552453,
    0.16721221048657486,
    0.1674176969906179
  ],
  "val_acc": [
    0.3782874617737003,
    0.3782874617737003,
    0.652599388379205,
    0.3782874617737003,
    0.3782874617737003,
    0.6217125382262997,
    0.5571865443425077,
    0.38960244648318043,
    0.6214067278287462,
    0.6217125382262997
  ],
  "val_acc_true": [
    0.0,
    0.0,
    0.8740777176586325,
    0.0,
    0.0,
    0.9990162321692081,
    0.6984751598622725,
    0.04033448106246926,
    0.9985243482538121,
    1.0
  ],
  "val_acc_false": [
    1.0,
    1.0,
    0.28860145513338725,
    1.0,
    1.0,
    0.0016168148746968471,
    0.3249797898140663,
    0.9636216653193209,
    0.0016168148746968471,
    0.0
  ],
  "prompt_ppl_ppx": [
    0.0,
    0.0,
    0.0,
    0.0,
    0.0,
    0.0,
    0.0,
    0.0,
    0.0,
    0.0
  ]
}