{
  "lambda_ppl": 0.01,
  "train_joint": [
    17.259187835521914,
    17.24260801036706,
    17.301615706454502,
    17.381690670399184,
    17.3461167839136,
    17.36107827733072,
    17.30767637531409,
    17.330836184640948,
    17.30423212372855,
    17.275403267078186
  ],
  "train_task": [
    17.14574253853787,
    17.129162721955375,
    17.18817042447208,
    17.268245386273673,
    17.232671495501915,
    17.247632991062122,
    17.19423108904549,
    17.21739089622926,
    17.19078683531686,
    17.161957985095764
  ],
  "train_ppl_loss": [
    11.344549179077148,
    11.344549179077148,
    11.344549179077148,
    11.344549179077148,
    11.344549179077148,
    11.344549179077148,
    11.344549179077148,
    11.344549179077148,
    11.344549179077148,
    11.344549179077148
  ],
  "train_ppl_ppx": [
    84503.57998017882,
    84503.57998017882,
    84503.57998017882,
    84503.57998017882,
    84503.57998017882,
    84503.57998017882,
    84503.57998017882,
    84503.57998017882,
    84503.57998017882,
    84503.57998017882
  ],
  "val_loss": [
    19.010486788865997,
    14.180141318716654,
    12.146119150301304,
    11.289687673056997,
    10.67228777815656,
    10.192886654923601,
    9.775681835267601,
    9.473181547769686,
    9.16691494453244,
    8.899014021710652
  ],
  "val_acc": [
    0.7837920489296636,
    0.6718654434250765,
    0.5489296636085627,
    0.4767584097859327,
    0.4308868501529052,
    0.40122324159021405,
    0.38960244648318043,
    0.38440366972477064,
    0.38103975535168194,
    0.3801223241590214
  ],
  "val_acc_true": [
    0.7737333989178554,
    0.5361534677816036,
    0.3015248401377275,
    0.1706837186424004,
    0.08755533694048205,
    0.03787506148548942,
    0.018691588785046728,
    0.010329562223315297,
    0.004426955238563699,
    0.002951303492375799
  ],
  "val_acc_false": [
    0.8003233629749393,
    0.8949070331447049,
    0.9555375909458367,
    0.9797898140662894,
    0.9951495553759094,
    0.9983831851253031,
    0.9991915925626516,
    0.9991915925626516,
    1.0,
    1.0
  ],
  "prompt_ppl_ppx": [
    84503.57998017783,
    84503.57998017783,
    84503.57998017783,
    84503.57998017783,
    84503.57998017783,
    84503.57998017783,
    84503.57998017783,
    84503.57998017783,
    84503.57998017783,
    84503.57998017783
  ]
}