{
  "lambda_ppl": 0.75,
  "train_joint": [
    24.42865159538355,
    24.50114270328136,
    24.47078547102682,
    24.475693803422907,
    24.516792983151554,
    24.435529807444368,
    24.47349645636055,
    24.50443918892507,
    24.42773745676105,
    24.466205129730568
  ],
  "train_task": [
    17.138631591368256,
    17.211122716410777,
    17.180765479870058,
    17.185673810123056,
    17.22677299628097,
    17.145509816287607,
    17.1834764630607,
    17.214419199911397,
    17.137717452745758,
    17.176185140716896
  ],
  "train_ppl_loss": [
    9.720026969909668,
    9.720026969909668,
    9.720026969909668,
    9.720026969909668,
    9.720026969909668,
    9.720026969909668,
    9.720026969909668,
    9.720026969909668,
    9.720026969909668,
    9.720026969909668
  ],
  "train_ppl_ppx": [
    16647.693710186537,
    16647.693710186537,
    16647.693710186537,
    16647.693710186537,
    16647.693710186537,
    16647.693710186537,
    16647.693710186537,
    16647.693710186537,
    16647.693710186537,
    16647.693710186537
  ],
  "val_loss": [
    13.904203312571456,
    11.908717108935845,
    11.007265370066573,
    10.40405727479516,
    9.856128622845906,
    9.333896055454161,
    8.732881694886743,
    8.112545166946038,
    7.41854004976226,
    6.655189642092076
  ],
  "val_acc": [
    0.6810397553516819,
    0.5642201834862385,
    0.5064220183486239,
    0.46452599388379207,
    0.43547400611620796,
    0.41131498470948014,
    0.40519877675840976,
    0.41681957186544344,
    0.4675840978593272,
    0.5574923547400612
  ],
  "val_acc_true": [
    0.5538612887358584,
    0.33103787506148546,
    0.22577471716674866,
    0.15248401377274964,
    0.09886866699458928,
    0.057550418101328084,
    0.046237088047220855,
    0.06591244466305952,
    0.1574028529267093,
    0.3266109198229218
  ],
  "val_acc_false": [
    0.8900565885206144,
    0.9474535165723524,
    0.967663702506063,
    0.9773645917542442,
    0.9886822958771221,
    0.9927243330638642,
    0.9951495553759094,
    0.9935327405012127,
    0.9773645917542442,
    0.936944219886823
  ],
  "prompt_ppl_ppx": [
    16647.693710186613,
    16647.693710186613,
    16647.693710186613,
    16647.693710186613,
    16647.693710186613,
    16647.693710186613,
    16647.693710186613,
    16647.693710186613,
    16647.693710186613,
    16647.693710186613
  ]
}