{
  "lambda_ppl": 0.1,
  "train_joint": [
    18.013794431793556,
    17.960828043905536,
    17.976565838931652,
    17.986800564540907,
    18.01594465662924,
    17.945590889319945,
    17.940714094612037,
    17.959651599841173,
    17.976963994744118,
    17.976091732068006
  ],
  "train_task": [
    17.46535350499528,
    17.412387127822704,
    17.428124914276466,
    17.43835963988572,
    17.467503734117145,
    17.39714996466476,
    17.392273174243027,
    17.411210675185984,
    17.42852307223202,
    17.427650811699
  ],
  "train_ppl_loss": [
    5.484401702880859,
    5.484401702880859,
    5.484401702880859,
    5.484401702880859,
    5.484401702880859,
    5.484401702880859,
    5.484401702880859,
    5.484401702880859,
    5.484401702880859,
    5.484401702880859
  ],
  "train_ppl_ppx": [
    240.904768243533,
    240.904768243533,
    240.904768243533,
    240.904768243533,
    240.904768243533,
    240.904768243533,
    240.904768243533,
    240.904768243533,
    240.904768243533,
    240.904768243533
  ],
  "val_loss": [
    17.382316142756764,
    15.632802488745712,
    14.210634575820551,
    12.863814995928509,
    12.019723789866378,
    11.527492355718845,
    11.04174264582192,
    10.608543056394996,
    10.160405084563465,
    9.728535745202041
  ],
  "val_acc": [
    0.7755351681957187,
    0.7565749235474006,
    0.7146788990825688,
    0.6186544342507645,
    0.5437308868501529,
    0.5097859327217126,
    0.4853211009174312,
    0.481651376146789,
    0.4779816513761468,
    0.4764525993883792
  ],
  "val_acc_true": [
    0.7422528283325135,
    0.7009345794392523,
    0.6064928676832267,
    0.42597147073290703,
    0.29168716182980814,
    0.23069355632070832,
    0.18789965568125921,
    0.18150516478111164,
    0.17461878996556812,
    0.1751106738809641
  ],
  "val_acc_false": [
    0.8302344381568311,
    0.8480194017784963,
    0.8924818108326596,
    0.9353274050121261,
    0.957962813257882,
    0.9684721099434115,
    0.9741309620048505,
    0.9749393694421988,
    0.9765561843168957,
    0.9717057396928052
  ],
  "prompt_ppl_ppx": [
    240.9047682435315,
    240.9047682435315,
    240.9047682435315,
    240.9047682435315,
    240.9047682435315,
    240.9047682435315,
    240.9047682435315,
    240.9047682435315,
    240.9047682435315,
    240.9047682435315
  ]
}