{
  "lambda_ppl": 0.5,
  "train_joint": [
    23.055582170807913,
    22.98003252007988,
    23.031013681647483,
    22.923545027314947,
    23.067074006327083,
    23.015056665827718,
    23.000102212455836,
    23.028262646278638,
    23.02891498522812,
    23.03177777408214
  ],
  "train_task": [
    17.69851241808259,
    17.6214433477166,
    17.67242451142729,
    17.56495586352402,
    17.7084848339638,
    17.656467497750615,
    17.64151304866491,
    17.669673478201535,
    17.670325819294103,
    17.67318860386195
  ],
  "train_ppl_loss": [
    10.714138560348681,
    10.717177391052246,
    10.717177391052246,
    10.717177391052246,
    10.717177391052246,
    10.717177391052246,
    10.717177391052246,
    10.717177391052246,
    10.717177391052246,
    10.717177391052246
  ],
  "train_ppl_ppx": [
    44988.30169917978,
    45124.35451031141,
    45124.35451031141,
    45124.35451031141,
    45124.35451031141,
    45124.35451031141,
    45124.35451031141,
    45124.35451031141,
    45124.35451031141,
    45124.35451031141
  ],
  "val_loss": [
    5.932914464066668,
    0.2553083201734031,
    0.18077445597183414,
    0.1728234102813209,
    0.168817844914227,
    0.16795037127122647,
    0.1691577377115808,
    0.16876414876158644,
    0.1782658708531682,
    0.16761526138317295
  ],
  "val_acc": [
    0.3782874617737003,
    0.5920489296636086,
    0.6100917431192661,
    0.6217125382262997,
    0.6223241590214067,
    0.6214067278287462,
    0.6070336391437309,
    0.6217125382262997,
    0.45565749235474007,
    0.6214067278287462
  ],
  "val_acc_true": [
    0.0,
    0.8912936546974914,
    0.9345794392523364,
    1.0,
    1.0,
    0.9990162321692081,
    0.9326119035907526,
    1.0,
    0.2808657156910969,
    0.9990162321692081
  ],
  "val_acc_false": [
    1.0,
    0.10024252223120453,
    0.07679870654810024,
    0.0,
    0.0016168148746968471,
    0.0008084074373484236,
    0.0719482619240097,
    0.0,
    0.7429264349232013,
    0.0008084074373484236
  ],
  "prompt_ppl_ppx": [
    45124.35451031176,
    45124.35451031176,
    45124.35451031176,
    45124.35451031176,
    45124.35451031176,
    45124.35451031176,
    45124.35451031176,
    45124.35451031176,
    45124.35451031176,
    45124.35451031176
  ]
}