{
  "lambda_ppl": 0.1,
  "train_joint": [
    16.82998708660683,
    16.791520748781355,
    16.813261154260527,
    16.775871971216095,
    16.68771125064807,
    16.82424819389086,
    16.798890596025444,
    16.82803580466281,
    16.817726160970967,
    16.803563235850817
  ],
  "train_task": [
    16.010229367888375,
    15.971763000059664,
    15.993503388394132,
    15.956114218208228,
    15.867953461207701,
    16.004490436596818,
    15.979132817300519,
    16.0082780966598,
    15.997968429393982,
    15.983805489272214
  ],
  "train_ppl_loss": [
    8.197580337524414,
    8.197580337524414,
    8.197580337524414,
    8.197580337524414,
    8.197580337524414,
    8.197580337524414,
    8.197580337524414,
    8.197580337524414,
    8.197580337524414,
    8.197580337524414
  ],
  "train_ppl_ppx": [
    3632.1510863637227,
    3632.1510863637227,
    3632.1510863637227,
    3632.1510863637227,
    3632.1510863637227,
    3632.1510863637227,
    3632.1510863637227,
    3632.1510863637227,
    3632.1510863637227,
    3632.1510863637227
  ],
  "val_loss": [
    0.1744451121222682,
    0.17955123618608568,
    0.17163069771557318,
    0.1665393096644704,
    0.1682598046049839,
    0.16730616597867592,
    0.16644671537527225,
    0.17057816687880492,
    0.1680526819897861,
    0.1672535396930648
  ],
  "val_acc": [
    0.6217125382262997,
    0.6217125382262997,
    0.6217125382262997,
    0.6217125382262997,
    0.6217125382262997,
    0.6217125382262997,
    0.6217125382262997,
    0.6217125382262997,
    0.6217125382262997,
    0.6217125382262997
  ],
  "val_acc_true": [
    1.0,
    1.0,
    1.0,
    1.0,
    1.0,
    1.0,
    1.0,
    1.0,
    1.0,
    1.0
  ],
  "val_acc_false": [
    0.0,
    0.0,
    0.0,
    0.0,
    0.0,
    0.0,
    0.0,
    0.0,
    0.0,
    0.0
  ],
  "prompt_ppl_ppx": [
    3632.1510863637404,
    3632.1510863637404,
    3632.1510863637404,
    3632.1510863637404,
    3632.1510863637404,
    3632.1510863637404,
    3632.1510863637404,
    3632.1510863637404,
    3632.1510863637404,
    3632.1510863637404
  ]
}