{
  "lambda_ppl": 1.0,
  "train_joint": [
    26.936970022823033,
    26.934716749727055,
    26.995489651969308,
    27.010871034257868,
    26.988510101832702,
    27.013214419932847,
    26.997645753153254,
    26.97463016295701,
    27.007294052638365,
    27.042236829607674
  ],
  "train_task": [
    16.817710220679807,
    16.815456956156183,
    16.876229871256967,
    16.89161120854067,
    16.8692502032505,
    16.89395453206609,
    16.8783859381515,
    16.855370452966582,
    16.88803423549352,
    16.92297716890828
  ],
  "train_ppl_loss": [
    10.11925983428955,
    10.11925983428955,
    10.11925983428955,
    10.11925983428955,
    10.11925983428955,
    10.11925983428955,
    10.11925983428955,
    10.11925983428955,
    10.11925983428955,
    10.11925983428955
  ],
  "train_ppl_ppx": [
    24816.395790394385,
    24816.395790394385,
    24816.395790394385,
    24816.395790394385,
    24816.395790394385,
    24816.395790394385,
    24816.395790394385,
    24816.395790394385,
    24816.395790394385,
    24816.395790394385
  ],
  "val_loss": [
    16.92745023122648,
    13.472353953849979,
    12.125139766786157,
    11.51408180608982,
    11.031674771192597,
    10.511066283249274,
    10.141298549931223,
    9.853790948449111,
    9.638945854000928,
    9.471401289032727
  ],
  "val_acc": [
    0.7886850152905199,
    0.7085626911314985,
    0.6058103975535168,
    0.536085626911315,
    0.47155963302752296,
    0.42568807339449544,
    0.40214067278287463,
    0.38990825688073394,
    0.38318042813455655,
    0.38073394495412843
  ],
  "val_acc_true": [
    0.7845548450565667,
    0.6084604033448107,
    0.4102311854402361,
    0.2779144121987211,
    0.1588785046728972,
    0.07919331037875062,
    0.039350713231677326,
    0.019675356615838663,
    0.008853910477127398,
    0.004426955238563699
  ],
  "val_acc_false": [
    0.7954729183508489,
    0.8730800323362975,
    0.9272433306386418,
    0.9603880355699272,
    0.9854486661277284,
    0.9951495553759094,
    0.9983831851253031,
    0.9983831851253031,
    0.9983831851253031,
    0.9991915925626516
  ],
  "prompt_ppl_ppx": [
    24816.39579039429,
    24816.39579039429,
    24816.39579039429,
    24816.39579039429,
    24816.39579039429,
    24816.39579039429,
    24816.39579039429,
    24816.39579039429,
    24816.39579039429,
    24816.39579039429
  ]
}