{
  "lambda_ppl": 0.25,
  "train_joint": [
    20.925831694013617,
    20.866878895277388,
    20.883250920156414,
    20.979422438546514,
    20.939898921666522,
    20.935417852508888,
    20.888423281037404,
    20.924762018610924,
    20.93182290752282,
    20.86352013577236
  ],
  "train_task": [
    18.08204926908686,
    18.02309647035063,
    18.039468495229656,
    18.135640013619756,
    18.096116496739764,
    18.09163542758213,
    18.04464085182447,
    18.080979593684166,
    18.088040482596064,
    18.019737710845604
  ],
  "train_ppl_loss": [
    11.37513256072998,
    11.37513256072998,
    11.37513256072998,
    11.37513256072998,
    11.37513256072998,
    11.37513256072998,
    11.37513256072998,
    11.37513256072998,
    11.37513256072998,
    11.37513256072998
  ],
  "train_ppl_ppx": [
    87127.91112725939,
    87127.91112725939,
    87127.91112725939,
    87127.91112725939,
    87127.91112725939,
    87127.91112725939,
    87127.91112725939,
    87127.91112725939,
    87127.91112725939,
    87127.91112725939
  ],
  "val_loss": [
    20.16017275554378,
    16.749816685188108,
    13.857369846250952,
    11.648057551500274,
    10.50420632246064,
    10.039555558925722,
    9.800388001232612,
    9.55508439599014,
    9.321832028830924,
    9.059919003742497
  ],
  "val_acc": [
    0.7978593272171254,
    0.7813455657492355,
    0.7122324159021407,
    0.554434250764526,
    0.42874617737003057,
    0.38837920489296635,
    0.3819571865443425,
    0.38073394495412843,
    0.3798165137614679,
    0.37951070336391435
  ],
  "val_acc_true": [
    0.8121003443187408,
    0.7624200688637481,
    0.6045253320216429,
    0.30545991146089524,
    0.08558780127889817,
    0.016232169208066895,
    0.005902606984751598,
    0.003935071323167732,
    0.002459419576979833,
    0.001967535661583866
  ],
  "val_acc_false": [
    0.7744543249797898,
    0.8124494745351657,
    0.889248181083266,
    0.9636216653193209,
    0.9927243330638642,
    1.0,
    1.0,
    1.0,
    1.0,
    1.0
  ],
  "prompt_ppl_ppx": [
    87127.91112725991,
    87127.91112725991,
    87127.91112725991,
    87127.91112725991,
    87127.91112725991,
    87127.91112725991,
    87127.91112725991,
    87127.91112725991,
    87127.91112725991,
    87127.91112725991
  ]
}