{
  "lambda_ppl": 0.0,
  "train_joint": [
    17.576491030146567,
    17.534981157538596,
    17.499495722738544,
    17.54852804548285,
    17.56194730608651,
    17.482996076948186,
    17.536427373564646,
    17.511805245045867,
    17.52283764099807,
    17.534245266003555
  ],
  "train_task": [
    17.576491030146567,
    17.534981157538596,
    17.499495722738544,
    17.54852804548285,
    17.56194730608651,
    17.482996076948186,
    17.536427373564646,
    17.511805245045867,
    17.52283764099807,
    17.534245266003555
  ],
  "train_ppl_loss": [
    0.0,
    0.0,
    0.0,
    0.0,
    0.0,
    0.0,
    0.0,
    0.0,
    0.0,
    0.0
  ],
  "train_ppl_ppx": [
    0.0,
    0.0,
    0.0,
    0.0,
    0.0,
    0.0,
    0.0,
    0.0,
    0.0,
    0.0
  ],
  "val_loss": [
    0.1660792259908304,
    0.743310617092179,
    0.18921502741371712,
    0.16466615294537892,
    0.1755793777180881,
    0.16670282014259477,
    0.16596429064506438,
    0.16971151538011503,
    0.17001649126773927,
    0.16641197706141123
  ],
  "val_acc": [
    0.6406727828746177,
    0.4602446483180428,
    0.3798165137614679,
    0.6516819571865443,
    0.45168195718654436,
    0.6220183486238532,
    0.6223241590214067,
    0.6217125382262997,
    0.6162079510703364,
    0.6217125382262997
  ],
  "val_acc_true": [
    0.8155435317265125,
    0.16576487948844074,
    0.0054107230693556324,
    0.9872110181997049,
    0.191342843089031,
    1.0,
    1.0,
    1.0,
    0.8716182980816527,
    1.0
  ],
  "val_acc_false": [
    0.3532740501212611,
    0.9442198868229588,
    0.9951495553759094,
    0.10024252223120453,
    0.8795472918350848,
    0.0008084074373484236,
    0.0016168148746968471,
    0.0,
    0.19644300727566694,
    0.0
  ],
  "prompt_ppl_ppx": [
    0.0,
    0.0,
    0.0,
    0.0,
    0.0,
    0.0,
    0.0,
    0.0,
    0.0,
    0.0
  ]
}