{
  "lambda_ppl": 0.5,
  "train_joint": [
    22.532295728533455,
    22.55529825446311,
    22.58163368567992,
    22.562172056048105,
    22.555531431048102,
    22.581653342086277,
    22.5438423028153,
    22.53975250158417,
    22.5265317938301,
    22.550094111581867
  ],
  "train_task": [
    17.684924712877596,
    17.707927232377983,
    17.734262682882587,
    17.714800963241064,
    17.70816039396136,
    17.73428224284997,
    17.6964712571562,
    17.692381492357576,
    17.679160758886443,
    17.70272302734718
  ],
  "train_ppl_loss": [
    9.694742202758789,
    9.694742202758789,
    9.694742202758789,
    9.694742202758789,
    9.694742202758789,
    9.694742202758789,
    9.694742202758789,
    9.694742202758789,
    9.694742202758789,
    9.694742202758789
  ],
  "train_ppl_ppx": [
    16232.03767862456,
    16232.03767862456,
    16232.03767862456,
    16232.03767862456,
    16232.03767862456,
    16232.03767862456,
    16232.03767862456,
    16232.03767862456,
    16232.03767862456,
    16232.03767862456
  ],
  "val_loss": [
    0.17993496245727306,
    0.1666248479630889,
    0.16669268644437557,
    0.1802873953086574,
    0.17322788707366804,
    0.16598334319707825,
    0.1669647620581999,
    0.17346036503227746,
    0.17583265021079925,
    0.16730418975760297
  ],
  "val_acc": [
    0.6311926605504588,
    0.6244648318042814,
    0.6330275229357798,
    0.39847094801223243,
    0.6217125382262997,
    0.6241590214067279,
    0.6220183486238532,
    0.6217125382262997,
    0.6217125382262997,
    0.6217125382262997
  ],
  "val_acc_true": [
    0.9985243482538121,
    1.0,
    0.9399901623216921,
    0.07722577471716675,
    1.0,
    0.9990162321692081,
    1.0,
    1.0,
    1.0,
    1.0
  ],
  "val_acc_false": [
    0.0274858528698464,
    0.007275666936135812,
    0.12853678253839934,
    0.9264349232012935,
    0.0,
    0.008084074373484237,
    0.0008084074373484236,
    0.0,
    0.0,
    0.0
  ],
  "prompt_ppl_ppx": [
    16232.037678624672,
    16232.037678624672,
    16232.037678624672,
    16232.037678624672,
    16232.037678624672,
    16232.037678624672,
    16232.037678624672,
    16232.037678624672,
    16232.037678624672,
    16232.037678624672
  ]
}