{
  "lambda_ppl": 0.1,
  "train_joint": [
    17.593517537063427,
    17.62778880515795,
    17.591226119137882,
    17.686142906446136,
    17.599415723393474,
    17.60668516266212,
    17.61112957857968,
    17.624184569883884,
    17.572014615776833,
    17.661226017555492
  ],
  "train_task": [
    16.773218311352675,
    16.80748959230573,
    16.770926904142573,
    16.86584371288171,
    16.779116523399782,
    16.786385973383872,
    16.790830376442898,
    16.803885369890192,
    16.751715409353878,
    16.840926811132537
  ],
  "train_ppl_loss": [
    8.20299243927002,
    8.20299243927002,
    8.20299243927002,
    8.20299243927002,
    8.20299243927002,
    8.20299243927002,
    8.20299243927002,
    8.20299243927002,
    8.20299243927002,
    8.20299243927002
  ],
  "train_ppl_ppx": [
    3651.861948080825,
    3651.861948080825,
    3651.861948080825,
    3651.861948080825,
    3651.861948080825,
    3651.861948080825,
    3651.861948080825,
    3651.861948080825,
    3651.861948080825,
    3651.861948080825
  ],
  "val_loss": [
    0.19248453894766365,
    0.17467012856064773,
    0.16252675528933364,
    0.19942287991686566,
    0.17587883483345915,
    0.16594599052900222,
    0.17511945708495816,
    0.1669576553309836,
    0.16650531052089318,
    0.16995101200371254
  ],
  "val_acc": [
    0.6217125382262997,
    0.6217125382262997,
    0.6339449541284403,
    0.3785932721712538,
    0.6217125382262997,
    0.6217125382262997,
    0.6217125382262997,
    0.6217125382262997,
    0.6217125382262997,
    0.6201834862385321
  ],
  "val_acc_true": [
    1.0,
    1.0,
    0.9990162321692081,
    0.0004918839153959665,
    1.0,
    1.0,
    1.0,
    1.0,
    1.0,
    0.9940973930152484
  ],
  "val_acc_false": [
    0.0,
    0.0,
    0.03395311236863379,
    1.0,
    0.0,
    0.0,
    0.0,
    0.0,
    0.0,
    0.005658852061438965
  ],
  "prompt_ppl_ppx": [
    3651.8619480808125,
    3651.8619480808125,
    3651.8619480808125,
    3651.8619480808125,
    3651.8619480808125,
    3651.8619480808125,
    3651.8619480808125,
    3651.8619480808125,
    3651.8619480808125,
    3651.8619480808125
  ]
}