{
  "lambda_ppl": 0.0,
  "train_joint": [
    17.745914120620554,
    17.692038424631182,
    17.66365160567037,
    17.65946477611413,
    17.67284086634604,
    17.705489795127612,
    17.681609237328004,
    17.67747042152319,
    17.69893590734246,
    17.65638268074293
  ],
  "train_task": [
    17.745914120620554,
    17.692038424631182,
    17.66365160567037,
    17.65946477611413,
    17.67284086634604,
    17.705489795127612,
    17.681609237328004,
    17.67747042152319,
    17.69893590734246,
    17.65638268074293
  ],
  "train_ppl_loss": [
    0.0,
    0.0,
    0.0,
    0.0,
    0.0,
    0.0,
    0.0,
    0.0,
    0.0,
    0.0
  ],
  "train_ppl_ppx": [
    0.0,
    0.0,
    0.0,
    0.0,
    0.0,
    0.0,
    0.0,
    0.0,
    0.0,
    0.0
  ],
  "val_loss": [
    0.19903905453478418,
    0.1606217910967222,
    0.17409808806529858,
    0.1646905127095013,
    0.18080385741664143,
    0.1664651277588635,
    0.1670087317141091,
    0.17190395033941036,
    0.17451443286930643,
    0.1710546915850988
  ],
  "val_acc": [
    0.6238532110091743,
    0.6519877675840978,
    0.6217125382262997,
    0.6351681957186545,
    0.6217125382262997,
    0.6223241590214067,
    0.6321100917431193,
    0.5776758409785933,
    0.6217125382262997,
    0.5954128440366973
  ],
  "val_acc_true": [
    1.0,
    0.9926217412690606,
    1.0,
    0.9921298573536645,
    1.0,
    1.0,
    0.9891785538612887,
    0.7127397934087555,
    1.0,
    0.8730939498278406
  ],
  "val_acc_false": [
    0.005658852061438965,
    0.09215844785772029,
    0.0,
    0.04850444624090541,
    0.0,
    0.0016168148746968471,
    0.04527081649151172,
    0.3556992724333064,
    0.0,
    0.13904607922392886
  ],
  "prompt_ppl_ppx": [
    0.0,
    0.0,
    0.0,
    0.0,
    0.0,
    0.0,
    0.0,
    0.0,
    0.0,
    0.0
  ]
}