{
  "lambda_ppl": 0.75,
  "train_joint": [
    23.239250954617276,
    23.224598333808814,
    23.20468722997087,
    23.24501176898399,
    23.175534854846056,
    23.273184109805676,
    23.19787376489532,
    23.200995417391315,
    23.196467196003773,
    23.21257097051385
  ],
  "train_task": [
    16.28873901795805,
    16.27408641000812,
    16.25417527188076,
    16.294499860184917,
    16.225022948190066,
    16.322672168860276,
    16.24736181109139,
    16.250483487161357,
    16.245955289347787,
    16.262059068144037
  ],
  "train_ppl_loss": [
    9.267349243164062,
    9.267349243164062,
    9.267349243164062,
    9.267349243164062,
    9.267349243164062,
    9.267349243164062,
    9.267349243164062,
    9.267349243164062,
    9.267349243164062,
    9.267349243164062
  ],
  "train_ppl_ppx": [
    10586.652019717625,
    10586.652019717625,
    10586.652019717625,
    10586.652019717625,
    10586.652019717625,
    10586.652019717625,
    10586.652019717625,
    10586.652019717625,
    10586.652019717625,
    10586.652019717625
  ],
  "val_loss": [
    0.16439805154393358,
    0.19972607493400574,
    0.17449290261762898,
    0.17136136515111458,
    0.17014798376618362,
    0.1673209052987215,
    0.16862224358610992,
    0.16675679734567317,
    0.16719555789377633,
    0.16848161096979933
  ],
  "val_acc": [
    0.6253822629969419,
    0.3782874617737003,
    0.6217125382262997,
    0.6217125382262997,
    0.6082568807339449,
    0.6284403669724771,
    0.6217125382262997,
    0.6217125382262997,
    0.6217125382262997,
    0.6217125382262997
  ],
  "val_acc_true": [
    0.999508116084604,
    0.0,
    1.0,
    1.0,
    0.9188391539596655,
    0.9749139203148057,
    1.0,
    1.0,
    1.0,
    1.0
  ],
  "val_acc_false": [
    0.010509296685529508,
    1.0,
    0.0,
    0.0,
    0.09781729991915926,
    0.05901374292643492,
    0.0,
    0.0,
    0.0,
    0.0
  ],
  "prompt_ppl_ppx": [
    10586.652019717512,
    10586.652019717512,
    10586.652019717512,
    10586.652019717512,
    10586.652019717512,
    10586.652019717512,
    10586.652019717512,
    10586.652019717512,
    10586.652019717512,
    10586.652019717512
  ]
}