{
  "lambda_ppl": 0.75,
  "train_joint": [
    16.883146787493416,
    16.878234925430814,
    16.9232590771793,
    16.838962542073112,
    16.903047385912263,
    16.849955220168894,
    16.860071220826566,
    16.92005604947551,
    16.850339060151175,
    16.869782880718788
  ],
  "train_task": [
    16.883146787493416,
    16.878234925430814,
    16.9232590771793,
    16.838962542073112,
    16.903047385912263,
    16.849955220168894,
    16.860071220826566,
    16.92005604947551,
    16.850339060151175,
    16.869782880718788
  ],
  "train_ppl_loss": [
    0.0,
    0.0,
    0.0,
    0.0,
    0.0,
    0.0,
    0.0,
    0.0,
    0.0,
    0.0
  ],
  "train_ppl_ppx": [
    1.0,
    1.0,
    1.0,
    1.0,
    1.0,
    1.0,
    1.0,
    1.0,
    1.0,
    1.0
  ],
  "val_loss": [
    14.019602003330137,
    13.431807150491855,
    13.334373520641792,
    13.266010679849764,
    13.244450550544553,
    13.190881301135551,
    13.113163278161025,
    13.09043505133652,
    13.017833798106123,
    12.965271596210759
  ],
  "val_acc": [
    0.6602446483180429,
    0.6103975535168196,
    0.5951070336391437,
    0.5880733944954128,
    0.5801223241590214,
    0.5737003058103975,
    0.5706422018348624,
    0.5651376146788991,
    0.5636085626911315,
    0.5623853211009174
  ],
  "val_acc_true": [
    0.499754058042302,
    0.40678799803246435,
    0.3782587309394983,
    0.36546974913920316,
    0.352680767338908,
    0.34185932120019674,
    0.3369404820462371,
    0.3266109198229218,
    0.3251352680767339,
    0.3216920806689621
  ],
  "val_acc_false": [
    0.9240097008892482,
    0.9450282942603072,
    0.9514955537590946,
    0.9539207760711399,
    0.9539207760711399,
    0.9547291835084882,
    0.9547291835084882,
    0.9571544058205336,
    0.9555375909458367,
    0.957962813257882
  ],
  "prompt_ppl_ppx": [
    NaN,
    NaN,
    NaN,
    NaN,
    NaN,
    NaN,
    NaN,
    NaN,
    NaN,
    NaN
  ]
}