{
  "lambda_ppl": 0.75,
  "train_joint": [
    23.46714513542947,
    23.50490372904231,
    23.516756177752207,
    23.55406334266234,
    23.44544831179501,
    23.50194726151027,
    23.496107525771922,
    23.405873707974894,
    23.50466520330879,
    23.449235616105327
  ],
  "train_task": [
    17.093015758642988,
    17.130774397260687,
    17.142626828825875,
    17.179934049456307,
    17.07131900358736,
    17.127817970447325,
    17.121978241138244,
    17.031744348333124,
    17.130535916532022,
    17.075106256463556
  ],
  "train_ppl_loss": [
    8.498839378356934,
    8.498839378356934,
    8.498839378356934,
    8.498839378356934,
    8.498839378356934,
    8.498839378356934,
    8.498839378356934,
    8.498839378356934,
    8.498839378356934,
    8.498839378356934
  ],
  "train_ppl_ppx": [
    4909.067962133619,
    4909.067962133619,
    4909.067962133619,
    4909.067962133619,
    4909.067962133619,
    4909.067962133619,
    4909.067962133619,
    4909.067962133619,
    4909.067962133619,
    4909.067962133619
  ],
  "val_loss": [
    0.17742335414741098,
    0.17035832434165768,
    0.17022168767161486,
    0.16963685474744658,
    0.16988540168215588,
    0.17001643304417774,
    0.16685653503348188,
    0.17791592595053882,
    0.17242234087571864,
    0.16822701656236883
  ],
  "val_acc": [
    0.6217125382262997,
    0.6030581039755352,
    0.6217125382262997,
    0.6217125382262997,
    0.6217125382262997,
    0.6220183486238532,
    0.6217125382262997,
    0.38470948012232414,
    0.6064220183486239,
    0.6217125382262997
  ],
  "val_acc_true": [
    1.0,
    0.9134284308903099,
    0.9926217412690606,
    1.0,
    1.0,
    1.0,
    1.0,
    0.026561731431382195,
    0.9463846532218396,
    1.0
  ],
  "val_acc_false": [
    0.0,
    0.09296685529506872,
    0.012126111560226353,
    0.0,
    0.0,
    0.0008084074373484236,
    0.0,
    0.973322554567502,
    0.047696038803556995,
    0.0
  ],
  "prompt_ppl_ppx": [
    4909.06796213365,
    4909.06796213365,
    4909.06796213365,
    4909.06796213365,
    4909.06796213365,
    4909.06796213365,
    4909.06796213365,
    4909.06796213365,
    4909.06796213365,
    4909.06796213365
  ]
}