{
  "lambda_ppl": 0.75,
  "train_joint": [
    22.726268875464964,
    22.75866098725394,
    22.7361615127392,
    22.764418689856367,
    22.79998870163821,
    22.782970741357698,
    22.763145618224414,
    22.820192319891426,
    22.772287021594103,
    22.81656332980381
  ],
  "train_task": [
    16.034240821238313,
    16.06663291802567,
    16.044133452083287,
    16.0723906206281,
    16.107960640982295,
    16.09094270641884,
    16.071117559711585,
    16.12816428709566,
    16.080259003799952,
    16.124535279863338
  ],
  "train_ppl_loss": [
    8.922703742980957,
    8.922703742980957,
    8.922703742980957,
    8.922703742980957,
    8.922703742980957,
    8.922703742980957,
    8.922703742980957,
    8.922703742980957,
    8.922703742980957,
    8.922703742980957
  ],
  "train_ppl_ppx": [
    7500.340833668479,
    7500.340833668479,
    7500.340833668479,
    7500.340833668479,
    7500.340833668479,
    7500.340833668479,
    7500.340833668479,
    7500.340833668479,
    7500.340833668479,
    7500.340833668479
  ],
  "val_loss": [
    12.927027720939822,
    11.384327520975253,
    10.596958597694956,
    9.944950634095727,
    9.343177153424518,
    8.73658276069455,
    8.098985302157518,
    7.423356388836372,
    6.733737487327762,
    6.048051329356868
  ],
  "val_acc": [
    0.6593272171253822,
    0.5376146788990825,
    0.4724770642201835,
    0.44464831804281346,
    0.43119266055045874,
    0.41926605504587156,
    0.43302752293577984,
    0.46972477064220186,
    0.4972477064220184,
    0.5568807339449541
  ],
  "val_acc_true": [
    0.5194294146581406,
    0.2843089030988687,
    0.16674864731923267,
    0.11756025577963601,
    0.09296606000983768,
    0.07329070339399901,
    0.10378750614854894,
    0.17560255779636005,
    0.23807181505164782,
    0.3694048204623709
  ],
  "val_acc_false": [
    0.889248181083266,
    0.9539207760711399,
    0.9749393694421988,
    0.9822150363783346,
    0.9870654810024252,
    0.9878738884397736,
    0.9741309620048505,
    0.9531123686337915,
    0.9232012934518997,
    0.8649959579628133
  ],
  "prompt_ppl_ppx": [
    7500.340833668435,
    7500.340833668435,
    7500.340833668435,
    7500.340833668435,
    7500.340833668435,
    7500.340833668435,
    7500.340833668435,
    7500.340833668435,
    7500.340833668435,
    7500.340833668435
  ]
}