{
  "lambda_ppl": 1.0,
  "train_joint": [
    17.518974452072314,
    17.45065118168177,
    17.49063231864672,
    17.47248999134878,
    17.4619892913304,
    17.467907710557572,
    17.468781666273483,
    17.454435849993416,
    17.480938602833266,
    17.457438299629125
  ],
  "train_task": [
    17.518974452072314,
    17.45065118168177,
    17.49063231864672,
    17.47248999134878,
    17.4619892913304,
    17.467907710557572,
    17.468781666273483,
    17.454435849993416,
    17.480938602833266,
    17.457438299629125
  ],
  "train_ppl_loss": [
    0.0,
    0.0,
    0.0,
    0.0,
    0.0,
    0.0,
    0.0,
    0.0,
    0.0,
    0.0
  ],
  "train_ppl_ppx": [
    1.0,
    1.0,
    1.0,
    1.0,
    1.0,
    1.0,
    1.0,
    1.0,
    1.0,
    1.0
  ],
  "val_loss": [
    0.772916544574063,
    0.20659051573858028,
    0.3143960509358383,
    0.19608043165105146,
    0.16677383785931074,
    0.18573843689589967,
    0.16333425979061825,
    0.15110716252792172,
    0.21075250846220225,
    0.19664186688094604
  ],
  "val_acc": [
    0.6314984709480123,
    0.6792048929663609,
    0.6409785932721712,
    0.6837920489296636,
    0.6837920489296636,
    0.6571865443425077,
    0.6782874617737003,
    0.6850152905198776,
    0.6403669724770642,
    0.6400611620795107
  ],
  "val_acc_true": [
    0.9965568125922283,
    0.9877029021151008,
    0.9965568125922283,
    0.9877029021151008,
    0.9896704377766847,
    0.9945892769306444,
    0.9901623216920806,
    0.9685194294146582,
    0.9990162321692081,
    0.999508116084604
  ],
  "val_acc_false": [
    0.03152789005658852,
    0.17219078415521422,
    0.056588520614389654,
    0.18431689571544058,
    0.18108326596604687,
    0.1026677445432498,
    0.16572352465642684,
    0.2190784155214228,
    0.05092966855295069,
    0.04931285367825384
  ],
  "prompt_ppl_ppx": [
    NaN,
    NaN,
    NaN,
    NaN,
    NaN,
    NaN,
    NaN,
    NaN,
    NaN,
    NaN
  ]
}