{
  "lambda_ppl": 0.01,
  "train_joint": [
    17.313722987657183,
    17.30827639719074,
    17.309230860163655,
    17.24877046735099,
    17.27276950579011,
    17.28449800684211,
    17.25790973834777,
    17.29699648739247,
    17.29012359233385,
    17.26132455032863
  ],
  "train_task": [
    17.19033854838168,
    17.184891953629055,
    17.18584641874506,
    17.12538603664784,
    17.14938506008534,
    17.161113576138955,
    17.134525290499912,
    17.173612039544608,
    17.16673915520143,
    17.137940113196212
  ],
  "train_ppl_loss": [
    12.33835506439209,
    12.33835506439209,
    12.33835506439209,
    12.33835506439209,
    12.33835506439209,
    12.33835506439209,
    12.33835506439209,
    12.33835506439209,
    12.33835506439209,
    12.33835506439209
  ],
  "train_ppl_ppx": [
    228286.12705840165,
    228286.12705840165,
    228286.12705840165,
    228286.12705840165,
    228286.12705840165,
    228286.12705840165,
    228286.12705840165,
    228286.12705840165,
    228286.12705840165,
    228286.12705840165
  ],
  "val_loss": [
    0.2154082509802609,
    0.15317354209539366,
    0.20349838635543496,
    0.18144145269946355,
    0.1803606911039934,
    0.1635565822807754,
    0.18804014339679626,
    0.18710959255695342,
    0.16024475003161082,
    0.16201940658615857
  ],
  "val_acc": [
    0.6351681957186545,
    0.6648318042813456,
    0.6217125382262997,
    0.6217125382262997,
    0.6223241590214067,
    0.6250764525993884,
    0.43241590214067277,
    0.6229357798165137,
    0.6574923547400612,
    0.6458715596330276
  ],
  "val_acc_true": [
    0.5484505656665027,
    0.9911460895228726,
    1.0,
    1.0,
    1.0,
    0.9990162321692081,
    0.10034431874077718,
    1.0,
    0.9837678307919331,
    0.9921298573536645
  ],
  "val_acc_false": [
    0.7776879547291835,
    0.12853678253839934,
    0.0,
    0.0,
    0.0016168148746968471,
    0.010509296685529508,
    0.9781729991915926,
    0.0032336297493936943,
    0.12126111560226355,
    0.07679870654810024
  ],
  "prompt_ppl_ppx": [
    228286.12705840112,
    228286.12705840112,
    228286.12705840112,
    228286.12705840112,
    228286.12705840112,
    228286.12705840112,
    228286.12705840112,
    228286.12705840112,
    228286.12705840112,
    228286.12705840112
  ]
}