{
  "lambda_ppl": 0.1,
  "train_joint": [
    18.393738577339086,
    18.41810194722722,
    18.336044783002876,
    18.38153452069572,
    18.352014353034203,
    18.409208439173323,
    18.353628441456998,
    18.340310317478824,
    18.386723889125868,
    18.378735565871335
  ],
  "train_task": [
    17.465966066081872,
    17.49032943168383,
    17.408272280318013,
    17.45376200086615,
    17.4242418396339,
    17.481435919343756,
    17.425855925913606,
    17.412537810507786,
    17.458951375725565,
    17.450963050327942
  ],
  "train_ppl_loss": [
    9.277724266052246,
    9.277724266052246,
    9.277724266052246,
    9.277724266052246,
    9.277724266052246,
    9.277724266052246,
    9.277724266052246,
    9.277724266052246,
    9.277724266052246,
    9.277724266052246
  ],
  "train_ppl_ppx": [
    10697.06053177836,
    10697.06053177836,
    10697.06053177836,
    10697.06053177836,
    10697.06053177836,
    10697.06053177836,
    10697.06053177836,
    10697.06053177836,
    10697.06053177836,
    10697.06053177836
  ],
  "val_loss": [
    14.994306666676591,
    12.115308896506704,
    11.242683359471764,
    10.656987408893864,
    10.053942480319884,
    9.25849806157554,
    8.445583962231147,
    7.511792459720518,
    6.536211809297887,
    5.788799834832912
  ],
  "val_acc": [
    0.7412844036697248,
    0.5877675840978593,
    0.5107033639143731,
    0.4819571865443425,
    0.4730886850152905,
    0.5596330275229358,
    0.6929663608562691,
    0.7220183486238532,
    0.6902140672782875,
    0.6810397553516819
  ],
  "val_acc_true": [
    0.6812592228234137,
    0.3703885882931628,
    0.2292179045745204,
    0.17707820954254797,
    0.16232169208066896,
    0.33300541072306933,
    0.6537137235612396,
    0.9006394490900148,
    0.985735366453517,
    0.9901623216920806
  ],
  "val_acc_false": [
    0.8399353274050121,
    0.9450282942603072,
    0.973322554567502,
    0.9830234438156831,
    0.9838318512530315,
    0.9320937752627324,
    0.7574777687954729,
    0.4284559417946645,
    0.20452708164915118,
    0.17299919159256266
  ],
  "prompt_ppl_ppx": [
    10697.060531778461,
    10697.060531778461,
    10697.060531778461,
    10697.060531778461,
    10697.060531778461,
    10697.060531778461,
    10697.060531778461,
    10697.060531778461,
    10697.060531778461,
    10697.060531778461
  ]
}