{
  "lambda_ppl": 0.0,
  "train_joint": [
    17.240395777413013,
    17.25082257731577,
    17.203342705630185,
    17.190252490525836,
    17.19455966735154,
    17.22376588114192,
    17.21647069052364,
    17.182201762681597,
    17.20153330470739,
    17.166536736220458
  ],
  "train_task": [
    17.240395777413013,
    17.25082257731577,
    17.203342705630185,
    17.190252490525836,
    17.19455966735154,
    17.22376588114192,
    17.21647069052364,
    17.182201762681597,
    17.20153330470739,
    17.166536736220458
  ],
  "train_ppl_loss": [
    0.0,
    0.0,
    0.0,
    0.0,
    0.0,
    0.0,
    0.0,
    0.0,
    0.0,
    0.0
  ],
  "train_ppl_ppx": [
    0.0,
    0.0,
    0.0,
    0.0,
    0.0,
    0.0,
    0.0,
    0.0,
    0.0,
    0.0
  ],
  "val_loss": [
    18.314285724919017,
    16.90231511651016,
    15.836372305707235,
    14.98359801594804,
    14.280739467899974,
    13.630658614926222,
    13.061828082945288,
    12.487648047470465,
    12.048348301212963,
    11.687882507138136
  ],
  "val_acc": [
    0.7737003058103975,
    0.7529051987767584,
    0.7376146788990826,
    0.7244648318042813,
    0.7021406727828746,
    0.6828746177370031,
    0.6571865443425077,
    0.6458715596330276,
    0.636697247706422,
    0.6214067278287462
  ],
  "val_acc_true": [
    0.7535661583866208,
    0.7137235612395475,
    0.6738809640924742,
    0.6424003935071323,
    0.6005902606984752,
    0.5597638957206099,
    0.5081160846040335,
    0.48303000491883913,
    0.46532218396458436,
    0.43728480078701426
  ],
  "val_acc_false": [
    0.8067906224737268,
    0.8172999191592563,
    0.8423605497170574,
    0.8593371059013742,
    0.8690379951495554,
    0.8852061438965239,
    0.9021827000808408,
    0.9135004042037187,
    0.9183508488278093,
    0.9240097008892482
  ],
  "prompt_ppl_ppx": [
    0.0,
    0.0,
    0.0,
    0.0,
    0.0,
    0.0,
    0.0,
    0.0,
    0.0,
    0.0
  ]
}