{
  "lambda_ppl": 0.25,
  "train_joint": [
    19.716683522770914,
    19.697793763407162,
    19.743679835287374,
    19.69920150242495,
    19.716551688547884,
    19.765672135085204,
    19.727623740206944,
    19.68232015116831,
    19.74189247817136,
    19.744825821780086
  ],
  "train_task": [
    17.44950405077988,
    17.43061428498686,
    17.47650035901016,
    17.432022024004645,
    17.44937221441376,
    17.498492650235637,
    17.460444261786645,
    17.415140677034184,
    17.47471299975106,
    17.477646336930523
  ],
  "train_ppl_loss": [
    9.068716049194336,
    9.068716049194336,
    9.068716049194336,
    9.068716049194336,
    9.068716049194336,
    9.068716049194336,
    9.068716049194336,
    9.068716049194336,
    9.068716049194336,
    9.068716049194336
  ],
  "train_ppl_ppx": [
    8679.472632587886,
    8679.472632587886,
    8679.472632587886,
    8679.472632587886,
    8679.472632587886,
    8679.472632587886,
    8679.472632587886,
    8679.472632587886,
    8679.472632587886,
    8679.472632587886
  ],
  "val_loss": [
    0.1628890871274762,
    0.16233308689623344,
    0.16833077512863207,
    0.16622485213163424,
    0.17063663754521347,
    0.16705689386623662,
    0.1671872474071456,
    0.16756530807512562,
    0.1667545027122265,
    0.16774571617928946
  ],
  "val_acc": [
    0.6519877675840978,
    0.6440366972477064,
    0.6217125382262997,
    0.6220183486238532,
    0.6195718654434251,
    0.6220183486238532,
    0.6217125382262997,
    0.6217125382262997,
    0.6217125382262997,
    0.6217125382262997
  ],
  "val_acc_true": [
    0.9611411706837186,
    0.9842597147073291,
    1.0,
    0.9990162321692081,
    0.9503197245450073,
    1.0,
    1.0,
    1.0,
    0.9985243482538121,
    1.0
  ],
  "val_acc_false": [
    0.1438965238480194,
    0.08488278092158448,
    0.0,
    0.002425222312045271,
    0.07599029911075182,
    0.0008084074373484236,
    0.0,
    0.0,
    0.002425222312045271,
    0.0
  ],
  "prompt_ppl_ppx": [
    8679.472632587858,
    8679.472632587858,
    8679.472632587858,
    8679.472632587858,
    8679.472632587858,
    8679.472632587858,
    8679.472632587858,
    8679.472632587858,
    8679.472632587858,
    8679.472632587858
  ]
}