{
  "lambda_ppl": 0.5,
  "train_joint": [
    21.35864835160502,
    21.344425527165445,
    21.344070327415896,
    21.340805443753016,
    21.324286137270125,
    21.380681022901214,
    21.323301422462034,
    21.36304293428914,
    21.363671099202016,
    21.340587933143873
  ],
  "train_task": [
    16.871985497635404,
    16.85776260676009,
    16.857407449872305,
    16.854142529776926,
    16.83762324043874,
    16.894018081064974,
    16.836638491341237,
    16.876379988166722,
    16.87700817879666,
    16.853925027740136
  ],
  "train_ppl_loss": [
    8.973325729370117,
    8.973325729370117,
    8.973325729370117,
    8.973325729370117,
    8.973325729370117,
    8.973325729370117,
    8.973325729370117,
    8.973325729370117,
    8.973325729370117,
    8.973325729370117
  ],
  "train_ppl_ppx": [
    7889.797352135674,
    7889.797352135674,
    7889.797352135674,
    7889.797352135674,
    7889.797352135674,
    7889.797352135674,
    7889.797352135674,
    7889.797352135674,
    7889.797352135674,
    7889.797352135674
  ],
  "val_loss": [
    16.51273221271794,
    16.516500435805902,
    15.02596719323135,
    14.142679828550758,
    13.609554276815276,
    13.365138384191,
    13.403080940246582,
    13.093926378575768,
    12.995830466107625,
    12.927814399905321
  ],
  "val_acc": [
    0.7596330275229358,
    0.7376146788990826,
    0.7064220183486238,
    0.674617737003058,
    0.655045871559633,
    0.6403669724770642,
    0.6425076452599389,
    0.6186544342507645,
    0.6079510703363914,
    0.5990825688073395
  ],
  "val_acc_true": [
    0.7250368912936547,
    0.6733890801770782,
    0.5956714215445155,
    0.5346778160354156,
    0.49483521888834237,
    0.46679783571077227,
    0.47368421052631576,
    0.4244958189867191,
    0.4062961141170684,
    0.3925233644859813
  ],
  "val_acc_false": [
    0.8164915117219078,
    0.8431689571544059,
    0.8884397736459175,
    0.904607922392886,
    0.9183508488278093,
    0.9256265157639451,
    0.919967663702506,
    0.9377526273241714,
    0.9393694421988682,
    0.9385610347615198
  ],
  "prompt_ppl_ppx": [
    7889.797352135719,
    7889.797352135719,
    7889.797352135719,
    7889.797352135719,
    7889.797352135719,
    7889.797352135719,
    7889.797352135719,
    7889.797352135719,
    7889.797352135719,
    7889.797352135719
  ]
}