{
  "lambda_ppl": 0.5,
  "train_joint": [
    21.420638193709127,
    21.351619343275434,
    21.37156628812297,
    21.379839766427374,
    21.40090485476376,
    21.45163751237848,
    21.38947434157468,
    21.36791746589575,
    21.413974560512585,
    21.4343624157852
  ],
  "train_task": [
    17.26555641474349,
    17.19653750644641,
    17.21648440843218,
    17.224757974603204,
    17.2458231165168,
    17.29655574627137,
    17.234392560465952,
    17.212835697645552,
    17.258892745114444,
    17.27928058324235
  ],
  "train_ppl_loss": [
    8.310163497924805,
    8.310163497924805,
    8.310163497924805,
    8.310163497924805,
    8.310163497924805,
    8.310163497924805,
    8.310163497924805,
    8.310163497924805,
    8.310163497924805,
    8.310163497924805
  ],
  "train_ppl_ppx": [
    4064.977544769878,
    4064.977544769878,
    4064.977544769878,
    4064.977544769878,
    4064.977544769878,
    4064.977544769878,
    4064.977544769878,
    4064.977544769878,
    4064.977544769878,
    4064.977544769878
  ],
  "val_loss": [
    14.338826365587188,
    11.551851407493032,
    10.497609194313608,
    9.983340644836426,
    9.678622283005133,
    9.373357335532583,
    9.093240263403915,
    8.766337343541588,
    8.440460200426056,
    8.056983496503133
  ],
  "val_acc": [
    0.6645259938837921,
    0.4972477064220184,
    0.42018348623853213,
    0.3963302752293578,
    0.38807339449541284,
    0.3871559633027523,
    0.38685015290519875,
    0.3889908256880734,
    0.39021406727828745,
    0.40152905198776756
  ],
  "val_acc_true": [
    0.5189375307427447,
    0.20659124446630595,
    0.07132316773241515,
    0.030496802754549926,
    0.01574028529267093,
    0.01426463354648303,
    0.013772749631087064,
    0.01721593703885883,
    0.02016724053123463,
    0.03885882931628136
  ],
  "val_acc_false": [
    0.9037995149555376,
    0.9749393694421988,
    0.9935327405012127,
    0.9975747776879548,
    1.0,
    1.0,
    1.0,
    1.0,
    0.9983831851253031,
    0.9975747776879548
  ],
  "prompt_ppl_ppx": [
    4064.977544769885,
    4064.977544769885,
    4064.977544769885,
    4064.977544769885,
    4064.977544769885,
    4064.977544769885,
    4064.977544769885,
    4064.977544769885,
    4064.977544769885,
    4064.977544769885
  ]
}