{
  "lambda_ppl": 0.25,
  "train_joint": [
    19.737202860800068,
    19.75611689278249,
    19.780090837800103,
    19.68993032648322,
    19.7735502607367,
    19.722132196319237,
    19.73317516198319,
    19.747465510850542,
    19.728154240297467,
    19.750021225147034
  ],
  "train_task": [
    16.998734739925084,
    17.01764875690589,
    17.04162271049585,
    16.951462214180594,
    17.03508213557554,
    16.983664071158078,
    16.994707032535853,
    17.008997385689383,
    16.98968611085013,
    17.011553095699696
  ],
  "train_ppl_loss": [
    10.953869819641113,
    10.953869819641113,
    10.953869819641113,
    10.953869819641113,
    10.953869819641113,
    10.953869819641113,
    10.953869819641113,
    10.953869819641113,
    10.953869819641113,
    10.953869819641113
  ],
  "train_ppl_ppx": [
    57174.87425802671,
    57174.87425802671,
    57174.87425802671,
    57174.87425802671,
    57174.87425802671,
    57174.87425802671,
    57174.87425802671,
    57174.87425802671,
    57174.87425802671,
    57174.87425802671
  ],
  "val_loss": [
    0.20505309195780172,
    0.18855184225774393,
    0.16210197944466662,
    0.16285211865494892,
    0.16628460509747994,
    0.17783310896739726,
    0.17301440282565791,
    0.16475996542267682,
    0.16569429425204674,
    0.16603714278558404
  ],
  "val_acc": [
    0.6229357798165137,
    0.6241590214067279,
    0.6333333333333333,
    0.6474006116207951,
    0.6247706422018349,
    0.6226299694189602,
    0.6226299694189602,
    0.6253822629969419,
    0.6311926605504588,
    0.6284403669724771
  ],
  "val_acc_true": [
    0.999508116084604,
    1.0,
    0.9980324643384161,
    0.9891785538612887,
    0.999508116084604,
    1.0,
    1.0,
    0.999508116084604,
    0.9936055090998525,
    0.9940973930152484
  ],
  "val_acc_false": [
    0.004042037186742118,
    0.0064672594987873885,
    0.03395311236863379,
    0.0856911883589329,
    0.00889248181083266,
    0.002425222312045271,
    0.002425222312045271,
    0.010509296685529508,
    0.03556992724333064,
    0.0274858528698464
  ],
  "prompt_ppl_ppx": [
    57174.874258027034,
    57174.874258027034,
    57174.874258027034,
    57174.874258027034,
    57174.874258027034,
    57174.874258027034,
    57174.874258027034,
    57174.874258027034,
    57174.874258027034,
    57174.874258027034
  ]
}