{
  "lambda_ppl": 0.5,
  "train_joint": [
    20.437470365374274,
    20.491197058859836,
    20.492755954185228,
    20.426063241851462,
    20.40838172141086,
    20.53661888208282,
    20.46683176447836,
    20.511478072605776,
    20.436066976825842,
    20.474894680066054
  ],
  "train_task": [
    16.415348820204144,
    16.469075509403527,
    16.47063440687201,
    16.403941679536626,
    16.386260165525286,
    16.514497358343576,
    16.444710227880584,
    16.489356542437264,
    16.413945386650855,
    16.452773143468278
  ],
  "train_ppl_loss": [
    8.044243812561035,
    8.044243812561035,
    8.044243812561035,
    8.044243812561035,
    8.044243812561035,
    8.044243812561035,
    8.044243812561035,
    8.044243812561035,
    8.044243812561035,
    8.044243812561035
  ],
  "train_ppl_ppx": [
    3115.8080776680767,
    3115.8080776680767,
    3115.8080776680767,
    3115.8080776680767,
    3115.8080776680767,
    3115.8080776680767,
    3115.8080776680767,
    3115.8080776680767,
    3115.8080776680767,
    3115.8080776680767
  ],
  "val_loss": [
    0.15582266995092717,
    0.19034734470088308,
    0.16169299490568115,
    0.16832742502049702,
    0.16564684604726188,
    0.16692385390037442,
    0.17967456317529445,
    0.17219061546209383,
    0.18131807620932416,
    0.16683212555036311
  ],
  "val_acc": [
    0.6522935779816513,
    0.3819571865443425,
    0.634862385321101,
    0.6296636085626911,
    0.6278287461773701,
    0.6217125382262997,
    0.39541284403669724,
    0.6217125382262997,
    0.38868501529051985,
    0.6220183486238532
  ],
  "val_acc_true": [
    0.9960649286768323,
    0.0073782587309394985,
    0.9975405804230202,
    0.8465322183964584,
    0.9970486965076242,
    1.0,
    0.05902606984751599,
    1.0,
    0.03295622233152976,
    0.999508116084604
  ],
  "val_acc_false": [
    0.08730800323362975,
    0.9975747776879548,
    0.038803556992724336,
    0.27324171382376716,
    0.021018593371059015,
    0.0,
    0.9482619240097009,
    0.0,
    0.973322554567502,
    0.0016168148746968471
  ],
  "prompt_ppl_ppx": [
    3115.8080776680886,
    3115.8080776680886,
    3115.8080776680886,
    3115.8080776680886,
    3115.8080776680886,
    3115.8080776680886,
    3115.8080776680886,
    3115.8080776680886,
    3115.8080776680886,
    3115.8080776680886
  ]
}