{
  "lambda_ppl": 0.1,
  "train_joint": [
    17.172115328070824,
    17.197269341115202,
    17.195924589607152,
    17.20601912080572,
    17.195770919456912,
    17.199776872356285,
    17.23888836764218,
    17.201136031847323,
    17.20597228146671,
    17.147211602028836
  ],
  "train_task": [
    16.39687145318878,
    16.422025479091687,
    16.420680723297462,
    16.43077526306838,
    16.42052706814884,
    16.424533016762037,
    16.46364449490322,
    16.425892189111604,
    16.43072843873099,
    16.371967722860614
  ],
  "train_ppl_loss": [
    7.752439975738525,
    7.752439975738525,
    7.752439975738525,
    7.752439975738525,
    7.752439975738525,
    7.752439975738525,
    7.752439975738525,
    7.752439975738525,
    7.752439975738525,
    7.752439975738525
  ],
  "train_ppl_ppx": [
    2327.243911321384,
    2327.243911321384,
    2327.243911321384,
    2327.243911321384,
    2327.243911321384,
    2327.243911321384,
    2327.243911321384,
    2327.243911321384,
    2327.243911321384,
    2327.243911321384
  ],
  "val_loss": [
    4.294350391480981,
    0.6674590581073994,
    0.27480520842278877,
    0.19806013852357865,
    0.16150699128828397,
    0.21638885954531228,
    0.17588098752425937,
    0.19605249557189824,
    0.18845771345786932,
    0.15355900860414273
  ],
  "val_acc": [
    0.7446483180428135,
    0.6464831804281346,
    0.6565749235474007,
    0.710091743119266,
    0.7009174311926606,
    0.6489296636085627,
    0.6675840978593273,
    0.6547400611620795,
    0.6535168195718655,
    0.6850152905198776
  ],
  "val_acc_true": [
    0.7702902115100836,
    0.9955730447614363,
    0.9881947860304968,
    0.9006394490900148,
    0.9803246433841614,
    0.9970486965076242,
    0.9896704377766847,
    0.9960649286768323,
    0.9960649286768323,
    0.9552385636989671
  ],
  "val_acc_false": [
    0.7025060630557801,
    0.07275666936135812,
    0.11156022635408246,
    0.396928051738076,
    0.24171382376717865,
    0.07679870654810024,
    0.13823767178658045,
    0.09377526273241714,
    0.09054163298302344,
    0.24090541632983023
  ],
  "prompt_ppl_ppx": [
    2327.2439113213622,
    2327.2439113213622,
    2327.2439113213622,
    2327.2439113213622,
    2327.2439113213622,
    2327.2439113213622,
    2327.2439113213622,
    2327.2439113213622,
    2327.2439113213622,
    2327.2439113213622
  ]
}