{
  "lambda_ppl": 0.0,
  "train_joint": [
    17.79663531485568,
    17.857309227846983,
    17.845333686571443,
    17.854624152451418,
    17.788753001609546,
    17.81954189471984,
    17.798137930537877,
    17.843105725491984,
    17.766068407123008,
    17.866704709342358
  ],
  "train_task": [
    17.79663531485568,
    17.857309227846983,
    17.845333686571443,
    17.854624152451418,
    17.788753001609546,
    17.81954189471984,
    17.798137930537877,
    17.843105725491984,
    17.766068407123008,
    17.866704709342358
  ],
  "train_ppl_loss": [
    0.0,
    0.0,
    0.0,
    0.0,
    0.0,
    0.0,
    0.0,
    0.0,
    0.0,
    0.0
  ],
  "train_ppl_ppx": [
    0.0,
    0.0,
    0.0,
    0.0,
    0.0,
    0.0,
    0.0,
    0.0,
    0.0,
    0.0
  ],
  "val_loss": [
    0.16189540159411547,
    0.23920656664342416,
    0.16684722180773573,
    0.18929201509894394,
    0.17709143866853017,
    0.16557375149029058,
    0.1673985944288533,
    0.1690111442310054,
    0.16623459538308585,
    0.1724592889954404
  ],
  "val_acc": [
    0.6617737003058104,
    0.6217125382262997,
    0.6357798165137615,
    0.6217125382262997,
    0.6217125382262997,
    0.6269113149847095,
    0.6241590214067279,
    0.6217125382262997,
    0.6223241590214067,
    0.6217125382262997
  ],
  "val_acc_true": [
    0.8952287260206592,
    1.0,
    0.9331037875061485,
    1.0,
    1.0,
    0.9990162321692081,
    1.0,
    1.0,
    1.0,
    1.0
  ],
  "val_acc_false": [
    0.27809215844785773,
    0.0,
    0.1471301535974131,
    0.0,
    0.0,
    0.015359741309620048,
    0.0064672594987873885,
    0.0,
    0.0016168148746968471,
    0.0
  ],
  "prompt_ppl_ppx": [
    0.0,
    0.0,
    0.0,
    0.0,
    0.0,
    0.0,
    0.0,
    0.0,
    0.0,
    0.0
  ]
}