{
  "lambda_ppl": 1.0,
  "train_joint": [
    25.21501514134782,
    25.158576622437895,
    25.15857055749786,
    25.22247568194786,
    25.16824405541581,
    25.183124722255748,
    25.16928850238243,
    25.513851594389156,
    25.720893114068534,
    25.719055128633308
  ],
  "train_task": [
    16.908660607927303,
    16.85222210616208,
    16.8522160133619,
    16.916121157099692,
    16.861889526281463,
    16.87677019955067,
    16.862933973248087,
    17.256697899036194,
    17.909491746881034,
    17.90765375715963
  ],
  "train_ppl_loss": [
    8.306354522705078,
    8.306354522705078,
    8.306354522705078,
    8.306354522705078,
    8.306354522705078,
    8.306354522705078,
    8.306354522705078,
    8.257153701782226,
    7.8114013671875,
    7.8114013671875
  ],
  "train_ppl_ppx": [
    4049.523596570145,
    4049.523596570145,
    4049.523596570145,
    4049.523596570145,
    4049.523596570145,
    4049.523596570145,
    4049.523596570145,
    4120.398110425419,
    2468.5874098701242,
    2468.5874098701242
  ],
  "val_loss": [
    12.376624656305081,
    12.23152282993968,
    11.613676936451983,
    11.218710708618165,
    0.9719967661834344,
    0.2895558400851924,
    0.20130333340749507,
    11.231995075504955,
    0.2656755003260403,
    0.22037319232959574
  ],
  "val_acc": [
    0.46055045871559636,
    0.4785932721712538,
    0.553822629969419,
    0.5718654434250765,
    0.5363914373088685,
    0.608868501529052,
    0.6186544342507645,
    0.7382262996941896,
    0.6880733944954128,
    0.6629969418960244
  ],
  "val_acc_true": [
    0.15100836202656173,
    0.18445646827348747,
    0.33497294638465325,
    0.3777668470241023,
    0.44171175602557794,
    0.7825873093949828,
    0.9788489916379735,
    0.7245450073782588,
    0.9754058042302016,
    0.9881947860304968
  ],
  "val_acc_false": [
    0.9692805173807599,
    0.9620048504446241,
    0.9135004042037187,
    0.8908649959579629,
    0.6919967663702506,
    0.32336297493936944,
    0.02667744543249798,
    0.7607113985448666,
    0.2158447857720291,
    0.12853678253839934
  ],
  "prompt_ppl_ppx": [
    4049.523596570177,
    4049.523596570177,
    4049.523596570177,
    4049.523596570177,
    4049.523596570177,
    4049.523596570177,
    4049.523596570177,
    2468.587409870126,
    2468.587409870126,
    2468.587409870126
  ]
}