{
  "lambda_ppl": 0.25,
  "train_joint": [
    19.31160648217362,
    19.227987512309898,
    19.231270265043452,
    19.190772453050936,
    19.278190694230325,
    19.210851506436807,
    19.162228877892655,
    19.183216133546292,
    19.26348665215996,
    19.222703642255805
  ],
  "train_task": [
    17.27719599048743,
    17.19357700776518,
    17.196859769071086,
    17.15636195493548,
    17.2437802089734,
    17.176441008321355,
    17.127818377634114,
    17.14880563543084,
    17.229076154044506,
    17.188293139854174
  ],
  "train_ppl_loss": [
    8.137643814086914,
    8.137643814086914,
    8.137643814086914,
    8.137643814086914,
    8.137643814086914,
    8.137643814086914,
    8.137643814086914,
    8.137643814086914,
    8.137643814086914,
    8.137643814086914
  ],
  "train_ppl_ppx": [
    3420.8482105504586,
    3420.8482105504586,
    3420.8482105504586,
    3420.8482105504586,
    3420.8482105504586,
    3420.8482105504586,
    3420.8482105504586,
    3420.8482105504586,
    3420.8482105504586,
    3420.8482105504586
  ],
  "val_loss": [
    14.12511836261284,
    11.878521570345251,
    11.408820422102766,
    10.906288975041088,
    10.351006047318622,
    9.81904265706132,
    9.283582626901023,
    8.767111927125512,
    8.321024692349317,
    8.0083680548319
  ],
  "val_acc": [
    0.6724770642201835,
    0.501223241590214,
    0.43700305810397555,
    0.40642201834862385,
    0.3874617737003058,
    0.38318042813455655,
    0.38103975535168194,
    0.38073394495412843,
    0.3798165137614679,
    0.37951070336391435
  ],
  "val_acc_true": [
    0.5366453516969996,
    0.20806689621249386,
    0.09886866699458928,
    0.046237088047220855,
    0.015248401377274963,
    0.007870142646335464,
    0.004426955238563699,
    0.003935071323167732,
    0.002459419576979833,
    0.001967535661583866
  ],
  "val_acc_false": [
    0.8957154405820533,
    0.9830234438156831,
    0.9927243330638642,
    0.9983831851253031,
    0.9991915925626516,
    1.0,
    1.0,
    1.0,
    1.0,
    1.0
  ],
  "prompt_ppl_ppx": [
    3420.848210550489,
    3420.848210550489,
    3420.848210550489,
    3420.848210550489,
    3420.848210550489,
    3420.848210550489,
    3420.848210550489,
    3420.848210550489,
    3420.848210550489,
    3420.848210550489
  ]
}