{
  "lambda_ppl": 0.75,
  "train_joint": [
    24.097307492374036,
    24.19868508671107,
    24.19003576214394,
    24.113407760791564,
    24.112433148501964,
    24.187177186601616,
    24.11779059506534,
    24.16140719210164,
    24.090919927532752,
    24.150285416506648
  ],
  "train_task": [
    17.797693539737317,
    17.89907113407435,
    17.89042180950722,
    17.813793808154845,
    17.812819195865245,
    17.887563236107987,
    17.8181766467148,
    17.86179323946492,
    17.791305977039123,
    17.85067146601302
  ],
  "train_ppl_loss": [
    8.399484634399414,
    8.399484634399414,
    8.399484634399414,
    8.399484634399414,
    8.399484634399414,
    8.399484634399414,
    8.399484634399414,
    8.399484634399414,
    8.399484634399414,
    8.399484634399414
  ],
  "train_ppl_ppx": [
    4444.775472947395,
    4444.775472947395,
    4444.775472947395,
    4444.775472947395,
    4444.775472947395,
    4444.775472947395,
    4444.775472947395,
    4444.775472947395,
    4444.775472947395,
    4444.775472947395
  ],
  "val_loss": [
    13.223219234187429,
    10.764014834892459,
    10.314774275989068,
    10.093347591307104,
    9.872348031765076,
    9.578926774932118,
    9.329080549100551,
    9.097007235085092,
    8.762625396542433,
    8.553663286348668
  ],
  "val_acc": [
    0.6990825688073394,
    0.41467889908256883,
    0.39174311926605504,
    0.391131498470948,
    0.38470948012232414,
    0.3834862385321101,
    0.3837920489296636,
    0.3856269113149847,
    0.40214067278287463,
    0.40458715596330275
  ],
  "val_acc_true": [
    0.5848499754058042,
    0.06296114117068372,
    0.022134776192818496,
    0.02164289227742253,
    0.01131333005410723,
    0.008853910477127398,
    0.009345794392523364,
    0.012297097884899164,
    0.04328578455484506,
    0.04869650762420069
  ],
  "val_acc_false": [
    0.8868229587712207,
    0.9927243330638642,
    0.9991915925626516,
    0.9983831851253031,
    0.9983831851253031,
    0.9991915925626516,
    0.9991915925626516,
    0.9991915925626516,
    0.9919159256265158,
    0.9894907033144705
  ],
  "prompt_ppl_ppx": [
    4444.77547294739,
    4444.77547294739,
    4444.77547294739,
    4444.77547294739,
    4444.77547294739,
    4444.77547294739,
    4444.77547294739,
    4444.77547294739,
    4444.77547294739,
    4444.77547294739
  ]
}