{
  "lambda_ppl": 0.25,
  "train_joint": [
    19.037692929385752,
    18.951706961299596,
    18.994487535283806,
    18.979992448613885,
    18.987555368830648,
    18.972289276123046,
    19.02964739424459,
    18.990657519222644,
    19.019362888979106,
    18.980818947781337
  ],
  "train_task": [
    16.768978894694467,
    16.68299301661802,
    16.725773537025024,
    16.711278424638042,
    16.718841411290544,
    16.703575250004114,
    16.76093343241831,
    16.72194355953945,
    16.750648850001646,
    16.712104878800638
  ],
  "train_ppl_loss": [
    9.07485580444336,
    9.07485580444336,
    9.07485580444336,
    9.07485580444336,
    9.07485580444336,
    9.07485580444336,
    9.07485580444336,
    9.07485580444336,
    9.07485580444336,
    9.07485580444336
  ],
  "train_ppl_ppx": [
    8732.926398844918,
    8732.926398844918,
    8732.926398844918,
    8732.926398844918,
    8732.926398844918,
    8732.926398844918,
    8732.926398844918,
    8732.926398844918,
    8732.926398844918,
    8732.926398844918
  ],
  "val_loss": [
    0.16686476970591196,
    0.1758145180780713,
    0.1936933414965141,
    0.1698740507771329,
    0.1762984152610709,
    0.16648059821710354,
    0.16595810731736624,
    0.19600308552020934,
    0.17030413128980776,
    0.21202505550733428
  ],
  "val_acc": [
    0.6266055045871559,
    0.6217125382262997,
    0.6217125382262997,
    0.6140672782874618,
    0.6217125382262997,
    0.6220183486238532,
    0.6223241590214067,
    0.3782874617737003,
    0.6113149847094801,
    0.3782874617737003
  ],
  "val_acc_true": [
    1.0,
    1.0,
    1.0,
    0.9030988686669946,
    1.0,
    1.0,
    1.0,
    0.0,
    0.9503197245450073,
    0.0
  ],
  "val_acc_false": [
    0.012934518997574777,
    0.0,
    0.0,
    0.13904607922392886,
    0.0,
    0.0008084074373484236,
    0.0016168148746968471,
    1.0,
    0.054163298302344384,
    1.0
  ],
  "prompt_ppl_ppx": [
    8732.926398844882,
    8732.926398844882,
    8732.926398844882,
    8732.926398844882,
    8732.926398844882,
    8732.926398844882,
    8732.926398844882,
    8732.926398844882,
    8732.926398844882,
    8732.926398844882
  ]
}