{
  "lambda_ppl": 0.1,
  "train_joint": [
    19.609606243519302,
    19.5440221422174,
    19.5849686826213,
    19.55681828273816,
    19.585997317882068,
    19.584876911291914,
    19.51375576405043,
    19.56042806646797,
    19.537607398729644,
    19.585408795817514
  ],
  "train_task": [
    18.396412350086685,
    18.330828248784783,
    18.371774789188684,
    18.343624389305543,
    18.37280342444945,
    18.371683017859297,
    18.300561870617813,
    18.347234173035353,
    18.324413505297027,
    18.372214902384897
  ],
  "train_ppl_loss": [
    12.13194751739502,
    12.13194751739502,
    12.13194751739502,
    12.13194751739502,
    12.13194751739502,
    12.13194751739502,
    12.13194751739502,
    12.13194751739502,
    12.13194751739502,
    12.13194751739502
  ],
  "train_ppl_ppx": [
    185711.099630778,
    185711.099630778,
    185711.099630778,
    185711.099630778,
    185711.099630778,
    185711.099630778,
    185711.099630778,
    185711.099630778,
    185711.099630778,
    185711.099630778
  ],
  "val_loss": [
    0.1595152233795422,
    0.24722942833493394,
    0.1606307739891657,
    0.16702367961406708,
    0.16490632030295163,
    0.16616741971271795,
    0.16719914543919448,
    0.16726389687235763,
    0.16715548867132607,
    0.16907432224692368
  ],
  "val_acc": [
    0.6602446483180429,
    0.6217125382262997,
    0.6669724770642201,
    0.6238532110091743,
    0.6259938837920489,
    0.6275229357798165,
    0.6229357798165137,
    0.6220183486238532,
    0.6223241590214067,
    0.6128440366972477
  ],
  "val_acc_true": [
    0.9129365469749139,
    1.0,
    0.9631087063453025,
    0.999508116084604,
    0.9985243482538121,
    0.9818002951303493,
    1.0,
    0.9980324643384161,
    1.0,
    0.9596655189375307
  ],
  "val_acc_false": [
    0.24494745351657235,
    0.0,
    0.18027485852869846,
    0.0064672594987873885,
    0.0137429264349232,
    0.04527081649151172,
    0.0032336297493936943,
    0.004042037186742118,
    0.0016168148746968471,
    0.04284559417946645
  ],
  "prompt_ppl_ppx": [
    185711.09963077857,
    185711.09963077857,
    185711.09963077857,
    185711.09963077857,
    185711.09963077857,
    185711.09963077857,
    185711.09963077857,
    185711.09963077857,
    185711.09963077857,
    185711.09963077857
  ]
}