{
  "lambda_ppl": 0.01,
  "train_joint": [
    16.291191469685415,
    16.303031664216117,
    16.223918895507126,
    16.32419939362601,
    16.26102620028378,
    16.249032483475933,
    16.198682770032562,
    16.26888640971666,
    16.218984226698286,
    16.308688050173643
  ],
  "train_task": [
    16.291191469685415,
    16.303031664216117,
    16.223918895507126,
    16.32419939362601,
    16.26102620028378,
    16.249032483475933,
    16.198682770032562,
    16.26888640971666,
    16.218984226698286,
    16.308688050173643
  ],
  "train_ppl_loss": [
    0.0,
    0.0,
    0.0,
    0.0,
    0.0,
    0.0,
    0.0,
    0.0,
    0.0,
    0.0
  ],
  "train_ppl_ppx": [
    1.0,
    1.0,
    1.0,
    1.0,
    1.0,
    1.0,
    1.0,
    1.0,
    1.0,
    1.0
  ],
  "val_loss": [
    14.83094055827071,
    12.922738126429115,
    12.576093031720417,
    12.217096835810963,
    12.134511277733779,
    12.046717434394651,
    11.856377573711116,
    11.456131167528106,
    11.599765196079161,
    10.93682972977801
  ],
  "val_acc": [
    0.672782874617737,
    0.5382262996941896,
    0.500611620795107,
    0.46085626911314986,
    0.4847094801223242,
    0.5103975535168196,
    0.5207951070336392,
    0.5700305810397553,
    0.6155963302752293,
    0.6076452599388379
  ],
  "val_acc_true": [
    0.5386128873585834,
    0.28726020659124446,
    0.22233152975897688,
    0.1500245941957698,
    0.19478603049680276,
    0.24348253812100346,
    0.2670929660600098,
    0.36694540088539107,
    0.46876537137235613,
    0.4677816035415642
  ],
  "val_acc_false": [
    0.8932902182700081,
    0.9506871463217461,
    0.957962813257882,
    0.9717057396928052,
    0.9611964430072757,
    0.9490703314470493,
    0.9377526273241714,
    0.9037995149555376,
    0.856911883589329,
    0.8375101050929669
  ],
  "prompt_ppl_ppx": [
    NaN,
    NaN,
    NaN,
    NaN,
    NaN,
    NaN,
    NaN,
    NaN,
    NaN,
    NaN
  ]
}