{
  "lambda_ppl": 0.5,
  "train_joint": [
    20.699262661880322,
    20.717020600565363,
    20.686611797032732,
    20.733626937866212,
    20.67884286601892,
    20.682740835125525,
    20.719086083401454,
    20.70871307715941,
    20.67870066782062,
    20.67099674524886
  ],
  "train_task": [
    16.34910206098235,
    16.36685997609342,
    16.336451202564024,
    16.383466315537355,
    16.328682258691682,
    16.332580244942996,
    16.368925497505103,
    16.358552484833794,
    16.32854006263647,
    16.320836148637063
  ],
  "train_ppl_loss": [
    8.700321197509766,
    8.700321197509766,
    8.700321197509766,
    8.700321197509766,
    8.700321197509766,
    8.700321197509766,
    8.700321197509766,
    8.700321197509766,
    8.700321197509766,
    8.700321197509766
  ],
  "train_ppl_ppx": [
    6004.840647403468,
    6004.840647403468,
    6004.840647403468,
    6004.840647403468,
    6004.840647403468,
    6004.840647403468,
    6004.840647403468,
    6004.840647403468,
    6004.840647403468,
    6004.840647403468
  ],
  "val_loss": [
    0.2937351413252877,
    0.17796644437603834,
    0.17072460767699452,
    0.18575403166980278,
    0.1971765184911286,
    0.16778195863816797,
    0.18393213400026648,
    0.1790162791929594,
    0.17772750687308428,
    0.1718328215726992
  ],
  "val_acc": [
    0.6217125382262997,
    0.6217125382262997,
    0.5972477064220183,
    0.38501529051987765,
    0.6217125382262997,
    0.6217125382262997,
    0.6217125382262997,
    0.6217125382262997,
    0.6217125382262997,
    0.5694189602446483
  ],
  "val_acc_true": [
    1.0,
    1.0,
    0.9055582882439744,
    0.034923757993113626,
    1.0,
    1.0,
    1.0,
    1.0,
    1.0,
    0.7889818002951303
  ],
  "val_acc_false": [
    0.0,
    0.0,
    0.09054163298302344,
    0.9603880355699272,
    0.0,
    0.0,
    0.0,
    0.0,
    0.0,
    0.2085691188358933
  ],
  "prompt_ppl_ppx": [
    6004.840647403448,
    6004.840647403448,
    6004.840647403448,
    6004.840647403448,
    6004.840647403448,
    6004.840647403448,
    6004.840647403448,
    6004.840647403448,
    6004.840647403448,
    6004.840647403448
  ]
}