{
  "lambda_ppl": 0.1,
  "train_joint": [
    17.82610309472245,
    17.840372899944864,
    17.860771284210546,
    17.797203439005305,
    17.836837483523936,
    17.8449380467447,
    17.841854860541527,
    17.78810175777821,
    17.747785904702177,
    17.875037384033202
  ],
  "train_task": [
    16.871049713820554,
    16.885319510470616,
    16.905717926882627,
    16.842150064532678,
    16.881784111194396,
    16.88988467441516,
    16.88680149464125,
    16.833048366160874,
    16.792732532372636,
    16.91998401170366
  ],
  "train_ppl_loss": [
    9.550536155700684,
    9.550536155700684,
    9.550536155700684,
    9.550536155700684,
    9.550536155700684,
    9.550536155700684,
    9.550536155700684,
    9.550536155700684,
    9.550536155700684,
    9.550536155700684
  ],
  "train_ppl_ppx": [
    14052.22683364062,
    14052.22683364062,
    14052.22683364062,
    14052.22683364062,
    14052.22683364062,
    14052.22683364062,
    14052.22683364062,
    14052.22683364062,
    14052.22683364062,
    14052.22683364062
  ],
  "val_loss": [
    0.17168867900604154,
    0.1656436322665796,
    0.1662116016556577,
    0.16682680489086524,
    0.16947569258329345,
    0.1713157479719418,
    0.16703324019908905,
    0.16756602591130793,
    0.1879617270899982,
    0.20493134572738556
  ],
  "val_acc": [
    0.6238532110091743,
    0.6238532110091743,
    0.6290519877675841,
    0.6217125382262997,
    0.6174311926605505,
    0.6217125382262997,
    0.6217125382262997,
    0.6217125382262997,
    0.3785932721712538,
    0.3782874617737003
  ],
  "val_acc_true": [
    1.0,
    1.0,
    0.9911460895228726,
    1.0,
    0.9680275454992622,
    1.0,
    1.0,
    1.0,
    0.003443187407771766,
    0.0
  ],
  "val_acc_false": [
    0.005658852061438965,
    0.005658852061438965,
    0.03395311236863379,
    0.0,
    0.041228779304769606,
    0.0,
    0.0,
    0.0,
    0.9951495553759094,
    1.0
  ],
  "prompt_ppl_ppx": [
    14052.226833640707,
    14052.226833640707,
    14052.226833640707,
    14052.226833640707,
    14052.226833640707,
    14052.226833640707,
    14052.226833640707,
    14052.226833640707,
    14052.226833640707,
    14052.226833640707
  ]
}