{
  "lambda_ppl": 0.0,
  "train_joint": [
    17.004866038547473,
    17.128228277570745,
    17.097153961524533,
    17.25712130042944,
    17.08083617178242,
    17.021170026800604,
    17.04789292624827,
    17.04920519068,
    17.07018455333924,
    17.07513429020228
  ],
  "train_task": [
    17.004866038547473,
    17.128228277570745,
    17.097153961524533,
    17.25712130042944,
    17.08083617178242,
    17.021170026800604,
    17.04789292624827,
    17.04920519068,
    17.07018455333924,
    17.07513429020228
  ],
  "train_ppl_loss": [
    0.0,
    0.0,
    0.0,
    0.0,
    0.0,
    0.0,
    0.0,
    0.0,
    0.0,
    0.0
  ],
  "train_ppl_ppx": [
    0.0,
    0.0,
    0.0,
    0.0,
    0.0,
    0.0,
    0.0,
    0.0,
    0.0,
    0.0
  ],
  "val_loss": [
    0.19351497041742977,
    21.53636053131848,
    19.294862598326148,
    11.603713989257812,
    13.266569365524663,
    9.084272733548792,
    6.7695559129482366,
    5.438034657734196,
    3.765545008822185,
    2.680472872896892
  ],
  "val_acc": [
    0.6214067278287462,
    0.3782874617737003,
    0.3782874617737003,
    0.3782874617737003,
    0.3782874617737003,
    0.3782874617737003,
    0.3782874617737003,
    0.3782874617737003,
    0.3782874617737003,
    0.3782874617737003
  ],
  "val_acc_true": [
    0.9985243482538121,
    0.0,
    0.0,
    0.0,
    0.0,
    0.0,
    0.0,
    0.0,
    0.0,
    0.0
  ],
  "val_acc_false": [
    0.0016168148746968471,
    1.0,
    1.0,
    1.0,
    1.0,
    1.0,
    1.0,
    1.0,
    1.0,
    1.0
  ],
  "prompt_ppl_ppx": [
    0.0,
    0.0,
    0.0,
    0.0,
    0.0,
    0.0,
    0.0,
    0.0,
    0.0,
    0.0
  ]
}