{
  "lambda_ppl": 0.5,
  "train_joint": [
    21.516585733649435,
    21.347282349661494,
    20.441732115156196,
    20.541203376684297,
    20.723076102438938,
    20.75115809922808,
    20.742643030573813,
    20.738612468590897,
    20.676434977670734,
    20.723980571446795
  ],
  "train_task": [
    16.14886206509022,
    16.170281268773454,
    16.124741121356408,
    16.212039733200932,
    16.369143777482964,
    16.39722567569004,
    16.38871073562108,
    16.38468013506257,
    16.32250261628226,
    16.370048231489204
  ],
  "train_ppl_loss": [
    10.735447883605957,
    10.354002673974199,
    8.633981966168692,
    8.658327299825261,
    8.707864761352539,
    8.707864761352539,
    8.707864761352539,
    8.707864761352539,
    8.707864761352539,
    8.707864761352539
  ],
  "train_ppl_ppx": [
    45956.37627238896,
    38684.46307453469,
    5623.705781738807,
    5764.277316403026,
    6050.309830415517,
    6050.309830415517,
    6050.309830415517,
    6050.309830415517,
    6050.309830415517,
    6050.309830415517
  ],
  "val_loss": [
    9.419284885685618,
    17.090610648364557,
    2.8486936511062995,
    0.3040202459184135,
    0.17997771596036305,
    0.16949091662720936,
    0.17554791169922526,
    0.17350404920374474,
    0.17309073177052708,
    0.17440761603960178
  ],
  "val_acc": [
    0.3782874617737003,
    0.3782874617737003,
    0.3782874617737003,
    0.6211009174311927,
    0.6217125382262997,
    0.6217125382262997,
    0.6217125382262997,
    0.6217125382262997,
    0.6217125382262997,
    0.6217125382262997
  ],
  "val_acc_true": [
    0.0,
    0.0,
    0.0,
    0.9985243482538121,
    1.0,
    1.0,
    1.0,
    1.0,
    1.0,
    1.0
  ],
  "val_acc_false": [
    1.0,
    1.0,
    1.0,
    0.0008084074373484236,
    0.0,
    0.0,
    0.0,
    0.0,
    0.0,
    0.0
  ],
  "prompt_ppl_ppx": [
    45956.37627238882,
    5506.359109323361,
    5506.359109323361,
    6050.309830415485,
    6050.309830415485,
    6050.309830415485,
    6050.309830415485,
    6050.309830415485,
    6050.309830415485,
    6050.309830415485
  ]
}