{
  "lambda_ppl": 0.25,
  "train_joint": [
    19.26417506785875,
    19.282551454694083,
    19.292869966485526,
    19.27767851325903,
    19.287265942605693,
    19.213610574100795,
    19.333980534585674,
    19.27953850821163,
    19.271076373839648,
    19.265206394838483
  ],
  "train_task": [
    16.83158558620496,
    16.84996192374926,
    16.860280401251288,
    16.845088928737,
    16.854676426662486,
    16.78102095100317,
    16.90139100364085,
    16.84694898155298,
    16.83848677860217,
    16.832616827461155
  ],
  "train_ppl_loss": [
    9.730358123779297,
    9.730358123779297,
    9.730358123779297,
    9.730358123779297,
    9.730358123779297,
    9.730358123779297,
    9.730358123779297,
    9.730358123779297,
    9.730358123779297,
    9.730358123779297
  ],
  "train_ppl_ppx": [
    16820.575089875674,
    16820.575089875674,
    16820.575089875674,
    16820.575089875674,
    16820.575089875674,
    16820.575089875674,
    16820.575089875674,
    16820.575089875674,
    16820.575089875674,
    16820.575089875674
  ],
  "val_loss": [
    0.18480402925392478,
    0.16767883522481453,
    0.1801193159527895,
    0.16683514641552435,
    0.16685579520900076,
    0.16660514255849326,
    0.16634532576654015,
    0.16742159331717144,
    0.16687584831947233,
    0.16724064233826427
  ],
  "val_acc": [
    0.6217125382262997,
    0.6217125382262997,
    0.6217125382262997,
    0.6217125382262997,
    0.6217125382262997,
    0.6217125382262997,
    0.6217125382262997,
    0.6217125382262997,
    0.6217125382262997,
    0.6217125382262997
  ],
  "val_acc_true": [
    1.0,
    1.0,
    1.0,
    1.0,
    1.0,
    1.0,
    1.0,
    1.0,
    1.0,
    1.0
  ],
  "val_acc_false": [
    0.0,
    0.0,
    0.0,
    0.0,
    0.0,
    0.0,
    0.0,
    0.0,
    0.0,
    0.0
  ],
  "prompt_ppl_ppx": [
    16820.575089875838,
    16820.575089875838,
    16820.575089875838,
    16820.575089875838,
    16820.575089875838,
    16820.575089875838,
    16820.575089875838,
    16820.575089875838,
    16820.575089875838,
    16820.575089875838
  ]
}