{
  "lambda_ppl": 1.0,
  "train_joint": [
    25.101029059592257,
    25.098425271537867,
    25.130638019690352,
    25.184067561117452,
    25.129912254247774,
    25.154524299535858,
    25.110499812779803,
    25.179679107666015,
    25.104000520170406,
    25.068093704909423
  ],
  "train_task": [
    16.92666976157199,
    16.924065984233042,
    16.95627876667494,
    17.009708286671156,
    16.95555297765839,
    16.9801650550928,
    16.93614049332865,
    17.005319865366047,
    16.929641226436313,
    16.893734449750923
  ],
  "train_ppl_loss": [
    8.174359321594238,
    8.174359321594238,
    8.174359321594238,
    8.174359321594238,
    8.174359321594238,
    8.174359321594238,
    8.174359321594238,
    8.174359321594238,
    8.174359321594238,
    8.174359321594238
  ],
  "train_ppl_ppx": [
    3548.7805683794436,
    3548.7805683794436,
    3548.7805683794436,
    3548.7805683794436,
    3548.7805683794436,
    3548.7805683794436,
    3548.7805683794436,
    3548.7805683794436,
    3548.7805683794436,
    3548.7805683794436
  ],
  "val_loss": [
    0.24209078630296196,
    0.16546601024342747,
    0.16547962587054182,
    0.16978701898237555,
    0.16911605022302487,
    0.16846557884681515,
    0.16534123893191174,
    0.17405375042339652,
    0.1658562546823083,
    0.16653916312427056
  ],
  "val_acc": [
    0.37920489296636084,
    0.6259938837920489,
    0.6351681957186545,
    0.590519877675841,
    0.6217125382262997,
    0.6345565749235474,
    0.6256880733944954,
    0.6217125382262997,
    0.6217125382262997,
    0.6217125382262997
  ],
  "val_acc_true": [
    0.003443187407771766,
    1.0,
    0.7761928184948352,
    0.6119035907525824,
    1.0,
    0.838170191834727,
    0.9950811608460404,
    1.0,
    1.0,
    1.0
  ],
  "val_acc_false": [
    0.9967663702506063,
    0.01131770412287793,
    0.4033953112368634,
    0.555375909458367,
    0.0,
    0.29991915925626517,
    0.018593371059013743,
    0.0,
    0.0,
    0.0
  ],
  "prompt_ppl_ppx": [
    3548.7805683794495,
    3548.7805683794495,
    3548.7805683794495,
    3548.7805683794495,
    3548.7805683794495,
    3548.7805683794495,
    3548.7805683794495,
    3548.7805683794495,
    3548.7805683794495,
    3548.7805683794495
  ]
}