{
  "lambda_ppl": 0.5,
  "train_joint": [
    21.024450117818425,
    21.063261027818317,
    21.017945373192262,
    21.025505408812105,
    21.07520793957657,
    21.012129678619043,
    21.05711649348227,
    20.971707744812697,
    21.04041043828043,
    21.010893450962023
  ],
  "train_task": [
    16.467624357845008,
    16.50643528070343,
    16.461119598217223,
    16.46867966812648,
    16.51838218603241,
    16.455303927217976,
    16.500290739938116,
    16.41488195697913,
    16.48358468687936,
    16.454067680273162
  ],
  "train_ppl_loss": [
    9.113652229309082,
    9.113652229309082,
    9.113652229309082,
    9.113652229309082,
    9.113652229309082,
    9.113652229309082,
    9.113652229309082,
    9.113652229309082,
    9.113652229309082,
    9.113652229309082
  ],
  "train_ppl_ppx": [
    9078.39078265568,
    9078.39078265568,
    9078.39078265568,
    9078.39078265568,
    9078.39078265568,
    9078.39078265568,
    9078.39078265568,
    9078.39078265568,
    9078.39078265568,
    9078.39078265568
  ],
  "val_loss": [
    0.419031467961102,
    0.24659208686250011,
    0.1664814722610683,
    0.23632425436886345,
    0.18708253066714217,
    0.5794959319800865,
    0.1666415422064502,
    0.22693522568882965,
    0.17817082154314692,
    0.16418049818858868
  ],
  "val_acc": [
    0.6660550458715596,
    0.6333333333333333,
    0.6409785932721712,
    0.6238532110091743,
    0.6241590214067279,
    0.6651376146788991,
    0.6247706422018349,
    0.6226299694189602,
    0.6217125382262997,
    0.6238532110091743
  ],
  "val_acc_true": [
    0.9665518937530743,
    0.9985243482538121,
    0.9818002951303493,
    1.0,
    1.0,
    0.9335956714215445,
    1.0,
    1.0,
    1.0,
    0.9990162321692081
  ],
  "val_acc_false": [
    0.17219078415521422,
    0.033144704931285365,
    0.08084074373484236,
    0.005658852061438965,
    0.0064672594987873885,
    0.22392886014551333,
    0.008084074373484237,
    0.002425222312045271,
    0.0,
    0.007275666936135812
  ],
  "prompt_ppl_ppx": [
    9078.39078265568,
    9078.39078265568,
    9078.39078265568,
    9078.39078265568,
    9078.39078265568,
    9078.39078265568,
    9078.39078265568,
    9078.39078265568,
    9078.39078265568,
    9078.39078265568
  ]
}