{
  "lambda_ppl": 0.0,
  "train_joint": [
    17.266257575388703,
    17.324143684044312,
    17.31490102617928,
    17.338253647022032,
    17.292007148399783,
    17.31913636025418,
    17.35945508078243,
    17.376004636957404,
    17.32942396656851,
    17.324711928206884
  ],
  "train_task": [
    17.266257575388703,
    17.324143684044312,
    17.31490102617928,
    17.338253647022032,
    17.292007148399783,
    17.31913636025418,
    17.35945508078243,
    17.376004636957404,
    17.32942396656851,
    17.324711928206884
  ],
  "train_ppl_loss": [
    0.0,
    0.0,
    0.0,
    0.0,
    0.0,
    0.0,
    0.0,
    0.0,
    0.0,
    0.0
  ],
  "train_ppl_ppx": [
    0.0,
    0.0,
    0.0,
    0.0,
    0.0,
    0.0,
    0.0,
    0.0,
    0.0,
    0.0
  ],
  "val_loss": [
    11.884561985294994,
    10.686602992546268,
    10.130974806808844,
    9.505196282921768,
    8.784995134865365,
    7.947586224718791,
    7.05562928129987,
    6.194116629623785,
    5.330935203738329,
    4.4788916238924354
  ],
  "val_acc": [
    0.5568807339449541,
    0.42599388379204894,
    0.40489296636085625,
    0.4091743119266055,
    0.42385321100917434,
    0.4847094801223242,
    0.5963302752293578,
    0.7339449541284404,
    0.7140672782874617,
    0.674617737003058
  ],
  "val_acc_true": [
    0.31677324151500247,
    0.08165272995573045,
    0.04525332021642892,
    0.05410723069355632,
    0.08116084604033448,
    0.20363994097393015,
    0.4426955238563699,
    0.8932611903590753,
    0.9611411706837186,
    0.9916379734382685
  ],
  "val_acc_false": [
    0.9514955537590946,
    0.9919159256265158,
    0.9959579628132579,
    0.9927243330638642,
    0.9870654810024252,
    0.946645109135004,
    0.8488278092158448,
    0.4721099434114794,
    0.3080032336297494,
    0.15359741309620048
  ],
  "prompt_ppl_ppx": [
    0.0,
    0.0,
    0.0,
    0.0,
    0.0,
    0.0,
    0.0,
    0.0,
    0.0,
    0.0
  ]
}