{
  "lambda_ppl": 0.5,
  "train_joint": [
    21.604595287194414,
    21.575811051786616,
    21.564006861140218,
    21.587225697549542,
    21.572519688124068,
    21.582615790206393,
    21.572361571065496,
    21.598505157299257,
    21.49906520629197,
    21.57464489026016
  ],
  "train_task": [
    16.780824776981653,
    16.75204053728768,
    16.740236340212018,
    16.76345519376605,
    16.74874915005116,
    16.758845271421283,
    16.74859105442347,
    16.774734636371054,
    16.6752946617898,
    16.75087436504578
  ],
  "train_ppl_loss": [
    9.647541046142578,
    9.647541046142578,
    9.647541046142578,
    9.647541046142578,
    9.647541046142578,
    9.647541046142578,
    9.647541046142578,
    9.647541046142578,
    9.647541046142578,
    9.647541046142578
  ],
  "train_ppl_ppx": [
    15483.667630914333,
    15483.667630914333,
    15483.667630914333,
    15483.667630914333,
    15483.667630914333,
    15483.667630914333,
    15483.667630914333,
    15483.667630914333,
    15483.667630914333,
    15483.667630914333
  ],
  "val_loss": [
    1.379157286446269,
    0.42761952168330913,
    0.14455000109425406,
    0.19454303276611537,
    0.20335611532010683,
    0.18568433970212936,
    0.23531904276914714,
    0.20105775987229696,
    0.20714995897397762,
    0.16720999395701944
  ],
  "val_acc": [
    0.6305810397553517,
    0.6504587155963303,
    0.726605504587156,
    0.6629969418960244,
    0.6574923547400612,
    0.6559633027522935,
    0.6293577981651376,
    0.653211009174312,
    0.636085626911315,
    0.6648318042813456
  ],
  "val_acc_true": [
    0.9975405804230202,
    0.9945892769306444,
    0.9429414658140679,
    0.9940973930152484,
    0.9950811608460404,
    0.9965568125922283,
    0.9990162321692081,
    0.9970486965076242,
    0.9990162321692081,
    0.9945892769306444
  ],
  "val_acc_false": [
    0.0274858528698464,
    0.08488278092158448,
    0.37105901374292644,
    0.11883589329021826,
    0.1026677445432498,
    0.09620048504446241,
    0.021827000808407437,
    0.08811641067097817,
    0.039611964430072755,
    0.12287793047696038
  ],
  "prompt_ppl_ppx": [
    15483.667630914246,
    15483.667630914246,
    15483.667630914246,
    15483.667630914246,
    15483.667630914246,
    15483.667630914246,
    15483.667630914246,
    15483.667630914246,
    15483.667630914246,
    15483.667630914246
  ]
}