{
  "lambda_ppl": 10.0,
  "train_joint": [
    100.04837771640734,
    99.97466540390187,
    100.0488535506002,
    99.99820503492033,
    100.0792369542497,
    99.96488563451874,
    100.03620248858849,
    99.98845484015646,
    100.04258632016986,
    100.030646694912
  ],
  "train_task": [
    16.735923512062328,
    16.662211298138907,
    16.736399384830776,
    16.68575088200944,
    16.766782966356597,
    16.65243122872342,
    16.723748279957288,
    16.67600066581469,
    16.73013224441014,
    16.718192554859634
  ],
  "train_ppl_loss": [
    8.331245422363281,
    8.331245422363281,
    8.331245422363281,
    8.331245422363281,
    8.331245422363281,
    8.331245422363281,
    8.331245422363281,
    8.331245422363281,
    8.331245422363281,
    8.331245422363281
  ],
  "train_ppl_ppx": [
    4151.584810453234,
    4151.584810453234,
    4151.584810453234,
    4151.584810453234,
    4151.584810453234,
    4151.584810453234,
    4151.584810453234,
    4151.584810453234,
    4151.584810453234,
    4151.584810453234
  ],
  "val_loss": [
    0.1666239542932045,
    0.1781707704794116,
    0.17057524556066933,
    0.1860877843528259,
    0.22287627055150708,
    0.16793866448286104,
    0.16674741681029157,
    0.16724747212194815,
    0.17005129660048135,
    0.16908810683866826
  ],
  "val_acc": [
    0.6223241590214067,
    0.40061162079510704,
    0.6113149847094801,
    0.6217125382262997,
    0.6217125382262997,
    0.6217125382262997,
    0.6217125382262997,
    0.6217125382262997,
    0.6192660550458715,
    0.6217125382262997
  ],
  "val_acc_true": [
    0.9980324643384161,
    0.08017707820954255,
    0.9365469749139204,
    1.0,
    1.0,
    1.0,
    1.0,
    1.0,
    0.9960649286768323,
    1.0
  ],
  "val_acc_false": [
    0.004850444624090542,
    0.9272433306386418,
    0.07679870654810024,
    0.0,
    0.0,
    0.0,
    0.0,
    0.0,
    0.0,
    0.0
  ],
  "prompt_ppl_ppx": [
    4151.584810453234,
    4151.584810453234,
    4151.584810453234,
    4151.584810453234,
    4151.584810453234,
    4151.584810453234,
    4151.584810453234,
    4151.584810453234,
    4151.584810453234,
    4151.584810453234
  ]
}