{
  "lambda_ppl": 0.5,
  "train_joint": [
    21.894259879294406,
    21.943184113234615,
    21.9416469874007,
    21.912326962760325,
    21.94653329742089,
    21.894471873594135,
    21.930837734093828,
    21.875626986214286,
    21.95453467208348,
    21.90203971862793
  ],
  "train_task": [
    17.79973358840085,
    17.848657820197975,
    17.84712069007788,
    17.81780066972368,
    17.852007002241155,
    17.79994558270058,
    17.836311441057184,
    17.78110069532073,
    17.860008381189925,
    17.807513427734374
  ],
  "train_ppl_loss": [
    8.189053535461426,
    8.189053535461426,
    8.189053535461426,
    8.189053535461426,
    8.189053535461426,
    8.189053535461426,
    8.189053535461426,
    8.189053535461426,
    8.189053535461426,
    8.189053535461426
  ],
  "train_ppl_ppx": [
    3601.312118722763,
    3601.312118722763,
    3601.312118722763,
    3601.312118722763,
    3601.312118722763,
    3601.312118722763,
    3601.312118722763,
    3601.312118722763,
    3601.312118722763,
    3601.312118722763
  ],
  "val_loss": [
    0.15499037184366365,
    0.1602721128521896,
    0.16205969020360853,
    0.16564206008504076,
    0.16615278142981413,
    0.16668549587086934,
    0.16825805124713153,
    0.16748809632731648,
    0.1670449212556932,
    0.17709539707114058
  ],
  "val_acc": [
    0.6813455657492354,
    0.65565749235474,
    0.6464831804281346,
    0.6342507645259939,
    0.6235474006116208,
    0.6296636085626911,
    0.6290519877675841,
    0.6220183486238532,
    0.6253822629969419,
    0.42415902140672784
  ],
  "val_acc_true": [
    0.940973930152484,
    0.9901623216920806,
    0.9936055090998525,
    0.9877029021151008,
    1.0,
    0.9940973930152484,
    0.9837678307919331,
    1.0,
    0.9985243482538121,
    0.18002951303492376
  ],
  "val_acc_false": [
    0.25464834276475345,
    0.1059013742926435,
    0.07599029911075182,
    0.05335489086499596,
    0.004850444624090542,
    0.030719482619240096,
    0.046079223928860144,
    0.0008084074373484236,
    0.012126111560226353,
    0.8253839935327405
  ],
  "prompt_ppl_ppx": [
    3601.3121187227466,
    3601.3121187227466,
    3601.3121187227466,
    3601.3121187227466,
    3601.3121187227466,
    3601.3121187227466,
    3601.3121187227466,
    3601.3121187227466,
    3601.3121187227466,
    3601.3121187227466
  ]
}