{
  "lambda_ppl": 0.5,
  "train_joint": [
    21.140087166261136,
    21.112672608622006,
    21.165002085653583,
    21.179722852385446,
    21.13876401922676,
    21.121893649154835,
    21.133388369270925,
    21.20217563757736,
    21.160859624455483,
    21.16455568463615
  ],
  "train_task": [
    17.043872897544603,
    17.01946768171332,
    17.088481161567604,
    17.10320193687182,
    17.062243084425337,
    17.04537272506885,
    17.056867455900385,
    17.125654737065346,
    17.08433869394024,
    17.088034773408697
  ],
  "train_ppl_loss": [
    8.192427635192871,
    8.186409131596598,
    8.15304183959961,
    8.15304183959961,
    8.15304183959961,
    8.15304183959961,
    8.15304183959961,
    8.15304183959961,
    8.15304183959961,
    8.15304183959961
  ],
  "train_ppl_ppx": [
    3613.4838277078998,
    3592.158771076907,
    3473.930148284433,
    3473.930148284433,
    3473.930148284433,
    3473.930148284433,
    3473.930148284433,
    3473.930148284433,
    3473.930148284433,
    3473.930148284433
  ],
  "val_loss": [
    0.17360870271194273,
    4.408720404927323,
    0.2644073360940305,
    0.21573976576328277,
    0.168556980207199,
    0.18957379329495314,
    0.16810453759460914,
    0.21595220914701135,
    0.1878836635409332,
    0.19006467606963182
  ],
  "val_acc": [
    0.6217125382262997,
    0.3782874617737003,
    0.6217125382262997,
    0.6217125382262997,
    0.6217125382262997,
    0.6217125382262997,
    0.6174311926605505,
    0.6217125382262997,
    0.6217125382262997,
    0.6217125382262997
  ],
  "val_acc_true": [
    1.0,
    0.0,
    1.0,
    1.0,
    1.0,
    1.0,
    0.9877029021151008,
    1.0,
    1.0,
    1.0
  ],
  "val_acc_false": [
    0.0,
    1.0,
    0.0,
    0.0,
    0.0,
    0.0,
    0.00889248181083266,
    0.0,
    0.0,
    0.0
  ],
  "prompt_ppl_ppx": [
    3613.48382770794,
    3473.930148284458,
    3473.930148284458,
    3473.930148284458,
    3473.930148284458,
    3473.930148284458,
    3473.930148284458,
    3473.930148284458,
    3473.930148284458,
    3473.930148284458
  ]
}