{
  "lambda_ppl": 0.5,
  "train_joint": [
    21.225554639837714,
    21.198182125305863,
    21.233734610911167,
    21.133190326476367,
    21.192251038283445,
    21.242727073926606,
    21.21066659220149,
    21.273997433265944,
    21.210602895329508,
    21.209477161021717
  ],
  "train_task": [
    16.486432371246682,
    16.459059873859534,
    16.494612327318514,
    16.39406804716989,
    16.453128767549323,
    16.503604790333952,
    16.47154430646575,
    16.5348751475302,
    16.47148061816612,
    16.47035489457377
  ],
  "train_ppl_loss": [
    9.478243827819824,
    9.478243827819824,
    9.478243827819824,
    9.478243827819824,
    9.478243827819824,
    9.478243827819824,
    9.478243827819824,
    9.478243827819824,
    9.478243827819824,
    9.478243827819824
  ],
  "train_ppl_ppx": [
    13072.209293807855,
    13072.209293807855,
    13072.209293807855,
    13072.209293807855,
    13072.209293807855,
    13072.209293807855,
    13072.209293807855,
    13072.209293807855,
    13072.209293807855,
    13072.209293807855
  ],
  "val_loss": [
    11.994827726410657,
    11.359840532628501,
    10.828998365634826,
    10.386335028671636,
    10.016257072076565,
    9.685154598515208,
    9.355567466921922,
    9.00202153833901,
    8.600296425237888,
    8.23698944231359
  ],
  "val_acc": [
    0.4795107033639144,
    0.42018348623853213,
    0.39357798165137614,
    0.38593272171253823,
    0.38409785932721713,
    0.38318042813455655,
    0.38318042813455655,
    0.3871559633027523,
    0.38960244648318043,
    0.4345565749235474
  ],
  "val_acc_true": [
    0.16871618298081653,
    0.06886374815543532,
    0.025086079685194294,
    0.012297097884899164,
    0.009345794392523364,
    0.007870142646335464,
    0.007870142646335464,
    0.01426463354648303,
    0.018691588785046728,
    0.09591736350221347
  ],
  "val_acc_false": [
    0.9902991107518189,
    0.9975747776879548,
    0.9991915925626516,
    1.0,
    1.0,
    1.0,
    1.0,
    1.0,
    0.9991915925626516,
    0.9911075181891673
  ],
  "prompt_ppl_ppx": [
    13072.209293807831,
    13072.209293807831,
    13072.209293807831,
    13072.209293807831,
    13072.209293807831,
    13072.209293807831,
    13072.209293807831,
    13072.209293807831,
    13072.209293807831,
    13072.209293807831
  ]
}