{
  "lambda_ppl": 0.1,
  "train_joint": [
    17.27086189141434,
    17.311593141448633,
    17.30617738145121,
    17.369588888361214,
    17.33308284845245,
    17.28891853803999,
    17.313655876845456,
    17.3158448187153,
    17.36675396394194,
    17.346532495905844
  ],
  "train_task": [
    16.438280019867285,
    16.479073500901126,
    16.4736577601915,
    16.53706927138768,
    16.500563246480535,
    16.4563989124941,
    16.481136247013392,
    16.48332516959544,
    16.534234349111493,
    16.514012868216867
  ],
  "train_ppl_loss": [
    8.325820879989795,
    8.32519817352295,
    8.32519817352295,
    8.32519817352295,
    8.32519817352295,
    8.32519817352295,
    8.32519817352295,
    8.32519817352295,
    8.32519817352295,
    8.32519817352295
  ],
  "train_ppl_ppx": [
    4129.126692721986,
    4126.554901344054,
    4126.554901344054,
    4126.554901344054,
    4126.554901344054,
    4126.554901344054,
    4126.554901344054,
    4126.554901344054,
    4126.554901344054,
    4126.554901344054
  ],
  "val_loss": [
    0.19563812133742542,
    0.1730889123387453,
    0.17502045784054732,
    0.16701971561443515,
    0.1663900615238562,
    0.16671705151476512,
    0.1672225402986131,
    0.1669628572900121,
    0.1669427679079335,
    0.17756499535426862
  ],
  "val_acc": [
    0.41100917431192663,
    0.5788990825688073,
    0.6217125382262997,
    0.6217125382262997,
    0.6217125382262997,
    0.6214067278287462,
    0.6217125382262997,
    0.6217125382262997,
    0.6217125382262997,
    0.6217125382262997
  ],
  "val_acc_true": [
    0.10821446138711265,
    0.8293162813575996,
    1.0,
    1.0,
    1.0,
    0.999508116084604,
    1.0,
    1.0,
    1.0,
    1.0
  ],
  "val_acc_false": [
    0.9086499595796281,
    0.16734033953112368,
    0.0,
    0.0,
    0.0,
    0.0,
    0.0,
    0.0,
    0.0,
    0.0
  ],
  "prompt_ppl_ppx": [
    4126.55490134407,
    4126.55490134407,
    4126.55490134407,
    4126.55490134407,
    4126.55490134407,
    4126.55490134407,
    4126.55490134407,
    4126.55490134407,
    4126.55490134407,
    4126.55490134407
  ]
}