{
  "lambda_ppl": 1.0,
  "train_joint": [
    26.54908418548241,
    26.467808897039863,
    26.474705556805215,
    26.45259455991595,
    26.355726833557814,
    26.445717758007262,
    26.508034781123815,
    26.437722491146474,
    26.3949323804191,
    26.437414807951853
  ],
  "train_task": [
    17.273094511567876,
    17.248880536368723,
    17.25577718970481,
    17.23366616281231,
    17.13679843859726,
    17.22678941662392,
    17.289106317584434,
    17.218794115473717,
    17.176004015461782,
    17.21848645156689
  ],
  "train_ppl_loss": [
    9.27598967820071,
    9.218928337097168,
    9.218928337097168,
    9.218928337097168,
    9.218928337097168,
    9.218928337097168,
    9.218928337097168,
    9.218928337097168,
    9.218928337097168,
    9.218928337097168
  ],
  "train_ppl_ppx": [
    10694.608373781293,
    10086.249474853857,
    10086.249474853857,
    10086.249474853857,
    10086.249474853857,
    10086.249474853857,
    10086.249474853857,
    10086.249474853857,
    10086.249474853857,
    10086.249474853857
  ],
  "val_loss": [
    0.5562908793367991,
    0.18624425297830163,
    0.17171384045263616,
    0.17703797003118002,
    0.16654063157918977,
    0.16852535739904498,
    0.1671634959011543,
    0.1670366800412899,
    0.16943920516386266,
    0.16755146217055436
  ],
  "val_acc": [
    0.3782874617737003,
    0.4253822629969419,
    0.5737003058103975,
    0.6217125382262997,
    0.6204892966360857,
    0.6217125382262997,
    0.6198776758409786,
    0.6217125382262997,
    0.6128440366972477,
    0.6214067278287462
  ],
  "val_acc_true": [
    0.0,
    0.18937530742744713,
    0.807673389080177,
    1.0,
    0.9980324643384161,
    1.0,
    0.9955730447614363,
    1.0,
    0.9532710280373832,
    0.9985243482538121
  ],
  "val_acc_false": [
    1.0,
    0.8132578819725141,
    0.18916734033953111,
    0.0,
    0.0,
    0.0,
    0.002425222312045271,
    0.0,
    0.05335489086499596,
    0.0016168148746968471
  ],
  "prompt_ppl_ppx": [
    10086.249474853877,
    10086.249474853877,
    10086.249474853877,
    10086.249474853877,
    10086.249474853877,
    10086.249474853877,
    10086.249474853877,
    10086.249474853877,
    10086.249474853877,
    10086.249474853877
  ]
}