{
  "lambda_ppl": 0.0,
  "train_joint": [
    17.40513862652725,
    17.438748539699596,
    17.3906550803881,
    17.441667541761078,
    17.44764304214649,
    17.44263563906209,
    17.410329718000433,
    17.41748354836796,
    17.4747639731075,
    17.49452968768859
  ],
  "train_task": [
    17.40513862652725,
    17.438748539699596,
    17.3906550803881,
    17.441667541761078,
    17.44764304214649,
    17.44263563906209,
    17.410329718000433,
    17.41748354836796,
    17.4747639731075,
    17.49452968768859
  ],
  "train_ppl_loss": [
    0.0,
    0.0,
    0.0,
    0.0,
    0.0,
    0.0,
    0.0,
    0.0,
    0.0,
    0.0
  ],
  "train_ppl_ppx": [
    0.0,
    0.0,
    0.0,
    0.0,
    0.0,
    0.0,
    0.0,
    0.0,
    0.0,
    0.0
  ],
  "val_loss": [
    0.16914678021538548,
    0.15405999829129474,
    0.16025014356142137,
    0.16339166636874036,
    0.16796636283397676,
    0.16508943387647954,
    0.1660766783283978,
    0.16757131967602706,
    0.16626043515961345,
    0.16804165709309463
  ],
  "val_acc": [
    0.6498470948012233,
    0.6840978593272171,
    0.6651376146788991,
    0.6440366972477064,
    0.617125382262997,
    0.6302752293577981,
    0.6256880733944954,
    0.6311926605504588,
    0.6220183486238532,
    0.6223241590214067
  ],
  "val_acc_true": [
    0.9970486965076242,
    0.985243482538121,
    0.9444171175602558,
    0.9842597147073291,
    0.8352188883423513,
    0.999508116084604,
    0.999508116084604,
    0.9655681259222824,
    1.0,
    0.9936055090998525
  ],
  "val_acc_false": [
    0.07922392886014551,
    0.18916734033953111,
    0.206143896523848,
    0.08488278092158448,
    0.2586903799514956,
    0.023443815683104285,
    0.01131770412287793,
    0.08164915117219078,
    0.0008084074373484236,
    0.012126111560226353
  ],
  "prompt_ppl_ppx": [
    0.0,
    0.0,
    0.0,
    0.0,
    0.0,
    0.0,
    0.0,
    0.0,
    0.0,
    0.0
  ]
}