{
  "lambda_ppl": 0.0,
  "train_joint": [
    17.341756595654434,
    17.399303571293864,
    17.37338656950533,
    17.35701797785384,
    17.311378238978012,
    17.34622000576405,
    17.311040659700886,
    17.318757910139105,
    17.33758061655452,
    17.35074223721965
  ],
  "train_task": [
    17.341756595654434,
    17.399303571293864,
    17.37338656950533,
    17.35701797785384,
    17.311378238978012,
    17.34622000576405,
    17.311040659700886,
    17.318757910139105,
    17.33758061655452,
    17.35074223721965
  ],
  "train_ppl_loss": [
    0.0,
    0.0,
    0.0,
    0.0,
    0.0,
    0.0,
    0.0,
    0.0,
    0.0,
    0.0
  ],
  "train_ppl_ppx": [
    0.0,
    0.0,
    0.0,
    0.0,
    0.0,
    0.0,
    0.0,
    0.0,
    0.0,
    0.0
  ],
  "val_loss": [
    14.085011133333532,
    11.614710175118795,
    11.158665759388994,
    10.311641283733088,
    9.960490505869796,
    9.629934376042064,
    9.296733986459127,
    8.952021175477563,
    8.618811621317048,
    8.28665231844274
  ],
  "val_acc": [
    0.6553516819571865,
    0.4951070336391437,
    0.43730886850152906,
    0.38685015290519875,
    0.38287461773700304,
    0.38134556574923545,
    0.381651376146789,
    0.3819571865443425,
    0.38318042813455655,
    0.38654434250764524
  ],
  "val_acc_true": [
    0.49581898671913427,
    0.2016724053123463,
    0.10231185440236104,
    0.01574028529267093,
    0.007870142646335464,
    0.004918839153959666,
    0.0054107230693556324,
    0.005902606984751598,
    0.007870142646335464,
    0.013280865715691098
  ],
  "val_acc_false": [
    0.9175424413904608,
    0.9773645917542442,
    0.9878738884397736,
    0.9967663702506063,
    0.9991915925626516,
    1.0,
    1.0,
    1.0,
    1.0,
    1.0
  ],
  "prompt_ppl_ppx": [
    0.0,
    0.0,
    0.0,
    0.0,
    0.0,
    0.0,
    0.0,
    0.0,
    0.0,
    0.0
  ]
}