{
  "lambda_ppl": 0.0,
  "train_joint": [
    16.06201268099667,
    16.058668455916845,
    16.09120719566774,
    16.10283316280065,
    16.073339288690118,
    16.096004014604546,
    16.060129412104576,
    16.05946293520124,
    16.08444939731212,
    16.074949063076062
  ],
  "train_task": [
    16.06201268099667,
    16.058668455916845,
    16.09120719566774,
    16.10283316280065,
    16.073339288690118,
    16.096004014604546,
    16.060129412104576,
    16.05946293520124,
    16.08444939731212,
    16.074949063076062
  ],
  "train_ppl_loss": [
    0.0,
    0.0,
    0.0,
    0.0,
    0.0,
    0.0,
    0.0,
    0.0,
    0.0,
    0.0
  ],
  "train_ppl_ppx": [
    0.0,
    0.0,
    0.0,
    0.0,
    0.0,
    0.0,
    0.0,
    0.0,
    0.0,
    0.0
  ],
  "val_loss": [
    0.17389003249203286,
    0.16808900004479943,
    0.17507575147035645,
    0.17082939656769358,
    0.17825383158718666,
    0.16811866789329344,
    0.16719571362908295,
    0.17473884108589915,
    0.17098068522243964,
    0.19749129545397875
  ],
  "val_acc": [
    0.5363914373088685,
    0.6217125382262997,
    0.4960244648318043,
    0.5948012232415902,
    0.38440366972477064,
    0.6217125382262997,
    0.6217125382262997,
    0.46636085626911317,
    0.6168195718654435,
    0.3782874617737003
  ],
  "val_acc_true": [
    0.6896212493851451,
    1.0,
    0.5154943433349729,
    0.8991637973438269,
    0.019675356615838663,
    1.0,
    1.0,
    0.3512051155927201,
    0.9626168224299065,
    0.0
  ],
  "val_acc_false": [
    0.28455941794664513,
    0.0,
    0.46402586903799514,
    0.09458367016976556,
    0.9838318512530315,
    0.0,
    0.0,
    0.6556184316895716,
    0.04850444624090541,
    1.0
  ],
  "prompt_ppl_ppx": [
    0.0,
    0.0,
    0.0,
    0.0,
    0.0,
    0.0,
    0.0,
    0.0,
    0.0,
    0.0
  ]
}