{
  "lambda_ppl": 0.25,
  "train_joint": [
    18.965000058292002,
    18.897093899330397,
    18.93198256331883,
    18.967090563827686,
    18.98779979234331,
    18.93354751929808,
    18.936023343547006,
    18.944686718201368,
    18.942666493105083,
    19.016140254159993
  ],
  "train_task": [
    16.768424938501937,
    16.70051882025901,
    16.735407467102736,
    16.770515465468502,
    16.791224689697952,
    16.736972438083605,
    16.739448255903266,
    16.748111624128363,
    16.746091394745903,
    16.81956513222684
  ],
  "train_ppl_loss": [
    8.786298751831055,
    8.786298751831055,
    8.786298751831055,
    8.786298751831055,
    8.786298751831055,
    8.786298751831055,
    8.786298751831055,
    8.786298751831055,
    8.786298751831055,
    8.786298751831055
  ],
  "train_ppl_ppx": [
    6543.96645258723,
    6543.96645258723,
    6543.96645258723,
    6543.96645258723,
    6543.96645258723,
    6543.96645258723,
    6543.96645258723,
    6543.96645258723,
    6543.96645258723,
    6543.96645258723
  ],
  "val_loss": [
    0.8638246040518691,
    0.17679236087857222,
    0.14666443667033824,
    0.1978569099634159,
    0.1671345340224301,
    0.1704075553613465,
    0.17891304958157422,
    0.16951431693827235,
    0.155092925233085,
    0.1826902931601536
  ],
  "val_acc": [
    0.7051987767584098,
    0.691743119266055,
    0.7048929663608563,
    0.6351681957186545,
    0.6559633027522935,
    0.6501529051987768,
    0.6412844036697247,
    0.6474006116207951,
    0.6642201834862386,
    0.6370030581039755
  ],
  "val_acc_true": [
    0.9837678307919331,
    0.9911460895228726,
    0.9891785538612887,
    0.999508116084604,
    0.9980324643384161,
    0.9985243482538121,
    0.9990162321692081,
    0.9985243482538121,
    0.9950811608460404,
    0.9990162321692081
  ],
  "val_acc_false": [
    0.24737267582861763,
    0.19967663702506064,
    0.23767178658043653,
    0.03637833468067906,
    0.09377526273241714,
    0.07760711398544867,
    0.05335489086499596,
    0.07033144704931285,
    0.12045270816491511,
    0.04203718674211803
  ],
  "prompt_ppl_ppx": [
    6543.9664525871885,
    6543.9664525871885,
    6543.9664525871885,
    6543.9664525871885,
    6543.9664525871885,
    6543.9664525871885,
    6543.9664525871885,
    6543.9664525871885,
    6543.9664525871885,
    6543.9664525871885
  ]
}