{
  "lambda_ppl": 1.0,
  "train_joint": [
    16.953941930277963,
    17.005462487895837,
    16.9772337302733,
    17.024796076571004,
    17.02080134059606,
    16.97766687628928,
    16.958809989757754,
    17.02984399474069,
    16.964431966288707,
    16.958398182472486
  ],
  "train_task": [
    16.953941930277963,
    17.005462487895837,
    16.9772337302733,
    17.024796076571004,
    17.02080134059606,
    16.97766687628928,
    16.958809989757754,
    17.02984399474069,
    16.964431966288707,
    16.958398182472486
  ],
  "train_ppl_loss": [
    0.0,
    0.0,
    0.0,
    0.0,
    0.0,
    0.0,
    0.0,
    0.0,
    0.0,
    0.0
  ],
  "train_ppl_ppx": [
    1.0,
    1.0,
    1.0,
    1.0,
    1.0,
    1.0,
    1.0,
    1.0,
    1.0,
    1.0
  ],
  "val_loss": [
    0.19616808807704506,
    0.15543554043624458,
    0.16065791463706552,
    0.1719564612863994,
    0.146061125252305,
    0.16743416651719953,
    0.23350208710606504,
    0.17799802073618262,
    0.19910718675066785,
    0.1786854070497722
  ],
  "val_acc": [
    0.7085626911314985,
    0.7,
    0.6920489296636085,
    0.6718654434250765,
    0.7070336391437309,
    0.6651376146788991,
    0.6262996941896024,
    0.6440366972477064,
    0.6305810397553517,
    0.6418960244648318
  ],
  "val_acc_true": [
    0.9699950811608461,
    0.9316281357599606,
    0.9808165272995573,
    0.985735366453517,
    0.8671913428430891,
    0.9945892769306444,
    0.999508116084604,
    0.9985243482538121,
    0.999508116084604,
    0.9990162321692081
  ],
  "val_acc_false": [
    0.2789005658852061,
    0.3193209377526273,
    0.21746160064672596,
    0.15602263540824576,
    0.44381568310428454,
    0.12368633791430882,
    0.012934518997574777,
    0.06143896523848019,
    0.024252223120452707,
    0.0549717057396928
  ],
  "prompt_ppl_ppx": [
    NaN,
    NaN,
    NaN,
    NaN,
    NaN,
    NaN,
    NaN,
    NaN,
    NaN,
    NaN
  ]
}