{
  "lambda_ppl": 0.0,
  "train_joint": [
    17.071030070272723,
    17.09659390181638,
    17.020719789655022,
    17.073961780848126,
    17.093800437584353,
    17.06466152748365,
    17.10755244694399,
    17.073255086748787,
    17.028015653203042,
    17.053826109211098
  ],
  "train_task": [
    17.071030070272723,
    17.09659390181638,
    17.020719789655022,
    17.073961780848126,
    17.093800437584353,
    17.06466152748365,
    17.10755244694399,
    17.073255086748787,
    17.028015653203042,
    17.053826109211098
  ],
  "train_ppl_loss": [
    0.0,
    0.0,
    0.0,
    0.0,
    0.0,
    0.0,
    0.0,
    0.0,
    0.0,
    0.0
  ],
  "train_ppl_ppx": [
    0.0,
    0.0,
    0.0,
    0.0,
    0.0,
    0.0,
    0.0,
    0.0,
    0.0,
    0.0
  ],
  "val_loss": [
    17.481618862617307,
    12.581142234802247,
    11.896050564835711,
    11.462659212438071,
    11.003474565831626,
    10.555835300538599,
    10.09464423482011,
    9.676649707701149,
    9.251375817089546,
    8.761720057231624
  ],
  "val_acc": [
    0.7516819571865443,
    0.5308868501529052,
    0.5073394495412844,
    0.5235474006116208,
    0.5232415902140672,
    0.481039755351682,
    0.4379204892966361,
    0.42446483180428135,
    0.42232415902140674,
    0.4363914373088685
  ],
  "val_acc_true": [
    0.6955238563698967,
    0.2602065912444663,
    0.21938022626660109,
    0.2469257255287752,
    0.24545007378258732,
    0.1721593703885883,
    0.09936055090998525,
    0.07624200688637482,
    0.07378258730939498,
    0.09788489916379735
  ],
  "val_acc_false": [
    0.8439773645917542,
    0.9757477768795473,
    0.9805982215036378,
    0.9781729991915926,
    0.9797898140662894,
    0.9886822958771221,
    0.994341147938561,
    0.9967663702506063,
    0.9951495553759094,
    0.9927243330638642
  ],
  "prompt_ppl_ppx": [
    0.0,
    0.0,
    0.0,
    0.0,
    0.0,
    0.0,
    0.0,
    0.0,
    0.0,
    0.0
  ]
}