{
  "lambda_ppl": 1.0,
  "train_joint": [
    28.092186822784083,
    28.033608910206997,
    28.05587955003374,
    27.98323171379861,
    28.019649544190823,
    28.076660434851487,
    28.08413626853,
    28.02856280294697,
    28.020227020778012,
    28.075671566738173
  ],
  "train_task": [
    16.749920765737468,
    16.691342838158768,
    16.71361349298713,
    16.64096562674876,
    16.677383512861272,
    16.734394337086194,
    16.74187019648177,
    16.686296722326386,
    16.677960944443605,
    16.733405486117586
  ],
  "train_ppl_loss": [
    11.342266082763672,
    11.342266082763672,
    11.342266082763672,
    11.342266082763672,
    11.342266082763672,
    11.342266082763672,
    11.342266082763672,
    11.342266082763672,
    11.342266082763672,
    11.342266082763672
  ],
  "train_ppl_ppx": [
    84310.87023940703,
    84310.87023940703,
    84310.87023940703,
    84310.87023940703,
    84310.87023940703,
    84310.87023940703,
    84310.87023940703,
    84310.87023940703,
    84310.87023940703,
    84310.87023940703
  ],
  "val_loss": [
    16.104028845996393,
    14.441892023784359,
    13.631175190064965,
    13.233957527904975,
    13.011158045326791,
    12.882386430879919,
    12.798679291329734,
    12.743837551954316,
    12.690589681485804,
    12.647364909474442
  ],
  "val_acc": [
    0.7480122324159021,
    0.6993883792048929,
    0.6709480122324158,
    0.645565749235474,
    0.6311926605504588,
    0.6192660550458715,
    0.6091743119266055,
    0.6021406727828746,
    0.5926605504587156,
    0.5877675840978593
  ],
  "val_acc_true": [
    0.7024102311854402,
    0.5971470732907034,
    0.5361534677816036,
    0.4864731923266109,
    0.45696015740285295,
    0.4308903098868667,
    0.411706837186424,
    0.3984259714707329,
    0.38317757009345793,
    0.3743236596163306
  ],
  "val_acc_false": [
    0.8229587712206953,
    0.8674211802748585,
    0.8924818108326596,
    0.9070331447049312,
    0.9175424413904608,
    0.9288601455133387,
    0.9337105901374293,
    0.936944219886823,
    0.936944219886823,
    0.9385610347615198
  ],
  "prompt_ppl_ppx": [
    84310.87023940762,
    84310.87023940762,
    84310.87023940762,
    84310.87023940762,
    84310.87023940762,
    84310.87023940762,
    84310.87023940762,
    84310.87023940762,
    84310.87023940762,
    84310.87023940762
  ]
}