{
  "lambda_ppl": 0.25,
  "train_joint": [
    18.374568896347217,
    18.41166673295953,
    18.382172920998563,
    18.362333061989773,
    18.41680203555675,
    18.394192243426033,
    18.358529881680948,
    18.438034996289886,
    18.383157712957832,
    18.37975199410085
  ],
  "train_task": [
    17.186994488319655,
    17.22409232493197,
    17.194598508684823,
    17.174758662534565,
    17.229227618956834,
    17.20661782468303,
    17.17095548008265,
    17.250460601120853,
    17.195583313502624,
    17.192177586073285
  ],
  "train_ppl_loss": [
    4.750299453735352,
    4.750299453735352,
    4.750299453735352,
    4.750299453735352,
    4.750299453735352,
    4.750299453735352,
    4.750299453735352,
    4.750299453735352,
    4.750299453735352,
    4.750299453735352
  ],
  "train_ppl_ppx": [
    115.61890185582207,
    115.61890185582207,
    115.61890185582207,
    115.61890185582207,
    115.61890185582207,
    115.61890185582207,
    115.61890185582207,
    115.61890185582207,
    115.61890185582207,
    115.61890185582207
  ],
  "val_loss": [
    0.8924144595134549,
    0.23264828963977535,
    0.2789441263712034,
    0.21088439086224975,
    0.17223484359863328,
    0.1946590593857009,
    0.19606014660945753,
    0.2267988562765645,
    0.2095863914344369,
    0.20942310850794724
  ],
  "val_acc": [
    0.6474006116207951,
    0.6339449541284403,
    0.6357798165137615,
    0.6507645259938838,
    0.691131498470948,
    0.6602446483180429,
    0.6562691131498471,
    0.6415902140672783,
    0.6440366972477064,
    0.6385321100917432
  ],
  "val_acc_true": [
    0.9931136251844564,
    0.9985243482538121,
    0.9980324643384161,
    0.9960649286768323,
    0.9886866699458927,
    0.9940973930152484,
    0.9950811608460404,
    0.9975405804230202,
    0.9975405804230202,
    0.9985243482538121
  ],
  "val_acc_false": [
    0.07922392886014551,
    0.034761519805982216,
    0.04042037186742118,
    0.08326596604688763,
    0.2021018593371059,
    0.11156022635408246,
    0.09943411479385611,
    0.056588520614389654,
    0.06305578011317704,
    0.04688763136620857
  ],
  "prompt_ppl_ppx": [
    115.61890185582276,
    115.61890185582276,
    115.61890185582276,
    115.61890185582276,
    115.61890185582276,
    115.61890185582276,
    115.61890185582276,
    115.61890185582276,
    115.61890185582276,
    115.61890185582276
  ]
}