{
  "lambda_ppl": 1.0,
  "train_joint": [
    25.243091930432264,
    25.27460322862261,
    25.285645067022088,
    25.31141169258718,
    25.276432440254126,
    25.22985955570521,
    25.159022479110888,
    25.23447383923477,
    25.225244967857105,
    25.229999040753654
  ],
  "train_task": [
    16.586965929524283,
    16.618477208426828,
    16.629519036110867,
    16.65528565953287,
    16.620306411485995,
    16.573733507649283,
    16.502896480345996,
    16.578347816895903,
    16.569118947661323,
    16.573873035559494
  ],
  "train_ppl_loss": [
    8.656126022338867,
    8.656126022338867,
    8.656126022338867,
    8.656126022338867,
    8.656126022338867,
    8.656126022338867,
    8.656126022338867,
    8.656126022338867,
    8.656126022338867,
    8.656126022338867
  ],
  "train_ppl_ppx": [
    5745.234584951024,
    5745.234584951024,
    5745.234584951024,
    5745.234584951024,
    5745.234584951024,
    5745.234584951024,
    5745.234584951024,
    5745.234584951024,
    5745.234584951024,
    5745.234584951024
  ],
  "val_loss": [
    0.17044908996762298,
    0.17457559984631654,
    0.2169332892429538,
    0.17338068278097524,
    0.1814397099541455,
    0.17244841521833001,
    0.178798594343953,
    0.17988315021119466,
    0.16913812044190196,
    0.1666356357859402
  ],
  "val_acc": [
    0.6220183486238532,
    0.6217125382262997,
    0.3782874617737003,
    0.6217125382262997,
    0.3801223241590214,
    0.5834862385321101,
    0.38409785932721713,
    0.6217125382262997,
    0.6217125382262997,
    0.6217125382262997
  ],
  "val_acc_true": [
    0.999508116084604,
    1.0,
    0.0,
    1.0,
    0.007870142646335464,
    0.82439744220364,
    0.015248401377274963,
    1.0,
    1.0,
    1.0
  ],
  "val_acc_false": [
    0.0016168148746968471,
    0.0,
    1.0,
    0.0,
    0.9919159256265158,
    0.18755052546483428,
    0.9902991107518189,
    0.0,
    0.0,
    0.0
  ],
  "prompt_ppl_ppx": [
    5745.234584951044,
    5745.234584951044,
    5745.234584951044,
    5745.234584951044,
    5745.234584951044,
    5745.234584951044,
    5745.234584951044,
    5745.234584951044,
    5745.234584951044,
    5745.234584951044
  ]
}