{
  "lambda_ppl": 0.01,
  "train_joint": [
    17.29205308335551,
    17.258393632695917,
    17.28450138863553,
    17.254065854361887,
    17.322745854667062,
    17.278768211536192,
    17.216194422861165,
    17.241538255670097,
    17.236508090844314,
    17.255832052766607
  ],
  "train_task": [
    17.20993404174119,
    17.17627459965395,
    17.202382362022828,
    17.171946821319924,
    17.24062682376819,
    17.196649187066583,
    17.134075379103756,
    17.159419216198867,
    17.154389049229998,
    17.173713004723023
  ],
  "train_ppl_loss": [
    8.211982727050781,
    8.211982727050781,
    8.211982727050781,
    8.211982727050781,
    8.211982727050781,
    8.211982727050781,
    8.211982727050781,
    8.211982727050781,
    8.211982727050781,
    8.211982727050781
  ],
  "train_ppl_ppx": [
    3684.841262563816,
    3684.841262563816,
    3684.841262563816,
    3684.841262563816,
    3684.841262563816,
    3684.841262563816,
    3684.841262563816,
    3684.841262563816,
    3684.841262563816,
    3684.841262563816
  ],
  "val_loss": [
    15.301989118064322,
    12.553858724454555,
    11.443849424036538,
    10.878490257263184,
    10.374290122055426,
    9.866272619293957,
    9.430869004784562,
    8.990385860350074,
    8.435225114589784,
    7.727649302598906
  ],
  "val_acc": [
    0.7437308868501529,
    0.6021406727828746,
    0.47889908256880737,
    0.43149847094801225,
    0.41651376146788993,
    0.41406727828746176,
    0.41100917431192663,
    0.42110091743119266,
    0.46269113149847096,
    0.5865443425076453
  ],
  "val_acc_true": [
    0.6989670437776685,
    0.4102311854402361,
    0.1810132808657157,
    0.09591736350221347,
    0.06689621249385146,
    0.06148548942449582,
    0.05705853418593212,
    0.07427447122479094,
    0.15199212985735366,
    0.4181013280865716
  ],
  "val_acc_false": [
    0.8172999191592563,
    0.9175424413904608,
    0.9684721099434115,
    0.9830234438156831,
    0.9911075181891673,
    0.9935327405012127,
    0.9927243330638642,
    0.9911075181891673,
    0.973322554567502,
    0.8633791430881164
  ],
  "prompt_ppl_ppx": [
    3684.8412625638,
    3684.8412625638,
    3684.8412625638,
    3684.8412625638,
    3684.8412625638,
    3684.8412625638,
    3684.8412625638,
    3684.8412625638,
    3684.8412625638,
    3684.8412625638
  ]
}