{
  "lambda_ppl": 0.01,
  "train_joint": [
    16.95698166536481,
    16.90345451054948,
    16.890048738543907,
    16.93318926779072,
    16.900040707963235,
    16.889243207352884,
    16.9314052603218,
    16.892535061782667,
    16.938596166117808,
    16.916865387391507
  ],
  "train_task": [
    16.874832232614583,
    16.821305107802488,
    16.807899361513975,
    16.851039852185195,
    16.817891303073154,
    16.80709381960751,
    16.849255859717893,
    16.81038566332185,
    16.85644674622611,
    16.83471597607216
  ],
  "train_ppl_loss": [
    8.214893341064453,
    8.214893341064453,
    8.214893341064453,
    8.214893341064453,
    8.214893341064453,
    8.214893341064453,
    8.214893341064453,
    8.214893341064453,
    8.214893341064453,
    8.214893341064453
  ],
  "train_ppl_ppx": [
    3695.5820367219844,
    3695.5820367219844,
    3695.5820367219844,
    3695.5820367219844,
    3695.5820367219844,
    3695.5820367219844,
    3695.5820367219844,
    3695.5820367219844,
    3695.5820367219844,
    3695.5820367219844
  ],
  "val_loss": [
    0.17289817656685666,
    0.16875683134648858,
    0.22080949857467558,
    0.17181606590747833,
    0.16978738104424826,
    0.16595137504542745,
    0.17073379820439874,
    0.1824550853996742,
    0.16637031210631859,
    0.16704072043663118
  ],
  "val_acc": [
    0.6232415902140673,
    0.636085626911315,
    0.3782874617737003,
    0.5941896024464832,
    0.6305810397553517,
    0.6217125382262997,
    0.6217125382262997,
    0.37920489296636084,
    0.6217125382262997,
    0.6217125382262997
  ],
  "val_acc_true": [
    1.0,
    0.8868666994589277,
    0.0,
    0.7870142646335465,
    0.9616330545991146,
    1.0,
    1.0,
    0.0054107230693556324,
    1.0,
    1.0
  ],
  "val_acc_false": [
    0.004042037186742118,
    0.22392886014551333,
    1.0,
    0.2772837510105093,
    0.08649959579628133,
    0.0,
    0.0,
    0.9935327405012127,
    0.0,
    0.0
  ],
  "prompt_ppl_ppx": [
    3695.582036721972,
    3695.582036721972,
    3695.582036721972,
    3695.582036721972,
    3695.582036721972,
    3695.582036721972,
    3695.582036721972,
    3695.582036721972,
    3695.582036721972,
    3695.582036721972
  ]
}