{
  "lambda_ppl": 0.25,
  "train_joint": [
    18.8321405517921,
    18.82736076612151,
    18.818959272577523,
    18.772046185611337,
    18.792210773939498,
    18.781984080625385,
    18.861545845631802,
    18.862470121062202,
    18.856252931744866,
    18.80906633955709
  ],
  "train_task": [
    16.78539339772771,
    16.780613627058738,
    16.772212137800924,
    16.725299035833125,
    16.745463628447457,
    16.735236958707315,
    16.814798715141382,
    16.815722962711636,
    16.809505786252824,
    16.76231919406505
  ],
  "train_ppl_loss": [
    8.186986923217773,
    8.186986923217773,
    8.186986923217773,
    8.186986923217773,
    8.186986923217773,
    8.186986923217773,
    8.186986923217773,
    8.186986923217773,
    8.186986923217773,
    8.186986923217773
  ],
  "train_ppl_ppx": [
    3593.8772881070654,
    3593.8772881070654,
    3593.8772881070654,
    3593.8772881070654,
    3593.8772881070654,
    3593.8772881070654,
    3593.8772881070654,
    3593.8772881070654,
    3593.8772881070654,
    3593.8772881070654
  ],
  "val_loss": [
    16.55474369700362,
    12.165481655772139,
    10.757893804224526,
    9.968495206135076,
    9.441687109412216,
    8.816352509289253,
    8.216960011458978,
    7.254723455847763,
    6.575557748282828,
    5.682156788430563
  ],
  "val_acc": [
    0.7660550458715596,
    0.6195718654434251,
    0.499388379204893,
    0.4400611620795107,
    0.44220183486238535,
    0.5116207951070336,
    0.527217125382263,
    0.527217125382263,
    0.6712538226299695,
    0.6599388379204894
  ],
  "val_acc_true": [
    0.7629119527791441,
    0.45794392523364486,
    0.22085587801278897,
    0.11706837186424005,
    0.1264141662567634,
    0.2754549926217413,
    0.3339891785538613,
    0.38170191834727,
    0.8912936546974914,
    0.9926217412690606
  ],
  "val_acc_false": [
    0.7712206952303962,
    0.8852061438965239,
    0.9571544058205336,
    0.9708973322554567,
    0.9611964430072757,
    0.8997574777687954,
    0.8447857720291027,
    0.7663702506063056,
    0.30962004850444624,
    0.11317704122877931
  ],
  "prompt_ppl_ppx": [
    3593.87728810708,
    3593.87728810708,
    3593.87728810708,
    3593.87728810708,
    3593.87728810708,
    3593.87728810708,
    3593.87728810708,
    3593.87728810708,
    3593.87728810708,
    3593.87728810708
  ]
}