{
  "lambda_ppl": 0.1,
  "train_joint": [
    18.296747096201006,
    18.301565431744866,
    18.31681815586733,
    18.273891984746697,
    18.265364293302042,
    18.262653783733924,
    18.25358497962523,
    18.21978728476535,
    18.28376199529412,
    18.26910950307096
  ],
  "train_task": [
    17.34026896873217,
    17.34508729998985,
    17.360340028398493,
    17.317413846562417,
    17.308886148688497,
    17.306175649835822,
    17.297106847870214,
    17.263309140151804,
    17.327283867825283,
    17.312631375602123
  ],
  "train_ppl_loss": [
    9.564784049987793,
    9.564784049987793,
    9.564784049987793,
    9.564784049987793,
    9.564784049987793,
    9.564784049987793,
    9.564784049987793,
    9.564784049987793,
    9.564784049987793,
    9.564784049987793
  ],
  "train_ppl_ppx": [
    14253.874592804423,
    14253.874592804423,
    14253.874592804423,
    14253.874592804423,
    14253.874592804423,
    14253.874592804423,
    14253.874592804423,
    14253.874592804423,
    14253.874592804423,
    14253.874592804423
  ],
  "val_loss": [
    13.43399971752632,
    13.081198152681676,
    12.703866600408787,
    12.10784404103349,
    11.619930537154035,
    11.056295683325791,
    10.499199206654618,
    9.886858344659572,
    9.257216560549852,
    8.687560118698492
  ],
  "val_acc": [
    0.5091743119266054,
    0.46055045871559636,
    0.4379204892966361,
    0.41712538226299695,
    0.40672782874617736,
    0.4,
    0.391131498470948,
    0.3889908256880734,
    0.38837920489296635,
    0.38868501529051985
  ],
  "val_acc_true": [
    0.22036399409739302,
    0.13723561239547466,
    0.09739301524840138,
    0.06345302508607968,
    0.046237088047220855,
    0.03541564190850959,
    0.020659124446630595,
    0.01721593703885883,
    0.016724053123462864,
    0.01819970486965076
  ],
  "val_acc_false": [
    0.9838318512530315,
    0.9919159256265158,
    0.9975747776879548,
    0.9983831851253031,
    0.9991915925626516,
    0.9991915925626516,
    1.0,
    1.0,
    0.9991915925626516,
    0.9975747776879548
  ],
  "prompt_ppl_ppx": [
    14253.874592804546,
    14253.874592804546,
    14253.874592804546,
    14253.874592804546,
    14253.874592804546,
    14253.874592804546,
    14253.874592804546,
    14253.874592804546,
    14253.874592804546,
    14253.874592804546
  ]
}