{
  "lambda_ppl": 0.01,
  "train_joint": [
    17.47559584071127,
    17.45232408502129,
    17.48318777191505,
    17.489995142047324,
    17.464467663711375,
    17.458626987157242,
    17.456604839710707,
    17.492017413792986,
    17.503708059332343,
    17.538035174166218
  ],
  "train_task": [
    17.391142266519953,
    17.36787050654379,
    17.398734189151376,
    17.40554155928365,
    17.380014083090792,
    17.37417340439357,
    17.372151256947035,
    17.4075638331724,
    17.419254482997935,
    17.453581593545636
  ],
  "train_ppl_loss": [
    8.445354461669922,
    8.445354461669922,
    8.445354461669922,
    8.445354461669922,
    8.445354461669922,
    8.445354461669922,
    8.445354461669922,
    8.445354461669922,
    8.445354461669922,
    8.445354461669922
  ],
  "train_ppl_ppx": [
    4653.404874330797,
    4653.404874330797,
    4653.404874330797,
    4653.404874330797,
    4653.404874330797,
    4653.404874330797,
    4653.404874330797,
    4653.404874330797,
    4653.404874330797,
    4653.404874330797
  ],
  "val_loss": [
    15.97895678078256,
    12.531005208085222,
    11.761587933796209,
    11.352591365721167,
    11.082258945558129,
    10.80291010228599,
    10.52542838119879,
    10.159652803002334,
    9.832142601943598,
    9.551626028665682
  ],
  "val_acc": [
    0.7599388379204893,
    0.5935779816513761,
    0.5266055045871559,
    0.481039755351682,
    0.46238532110091746,
    0.4437308868501529,
    0.42507645259938837,
    0.40795107033639144,
    0.40030581039755353,
    0.39357798165137614
  ],
  "val_acc_true": [
    0.7137235612395475,
    0.38121003443187407,
    0.2606984751598623,
    0.18002951303492376,
    0.14608952287260207,
    0.1146089522872602,
    0.08165272995573045,
    0.05115592720118052,
    0.039350713231677326,
    0.026561731431382195
  ],
  "val_acc_false": [
    0.83589329021827,
    0.9426030719482619,
    0.9636216653193209,
    0.9757477768795473,
    0.9822150363783346,
    0.98464025869038,
    0.9894907033144705,
    0.994341147938561,
    0.9935327405012127,
    0.9967663702506063
  ],
  "prompt_ppl_ppx": [
    4653.404874330764,
    4653.404874330764,
    4653.404874330764,
    4653.404874330764,
    4653.404874330764,
    4653.404874330764,
    4653.404874330764,
    4653.404874330764,
    4653.404874330764,
    4653.404874330764
  ]
}