{
  "lambda_ppl": 0.25,
  "train_joint": [
    17.401273120922987,
    17.40360776922676,
    17.36504925288511,
    17.34328992822197,
    17.411766845188783,
    17.31673120862982,
    17.446789574355222,
    17.42784750220481,
    17.362210833088735,
    17.329410745856467
  ],
  "train_task": [
    17.401273120922987,
    17.40360776922676,
    17.36504925288511,
    17.34328992822197,
    17.411766845188783,
    17.31673120862982,
    17.446789574355222,
    17.42784750220481,
    17.362210833088735,
    17.329410745856467
  ],
  "train_ppl_loss": [
    0.0,
    0.0,
    0.0,
    0.0,
    0.0,
    0.0,
    0.0,
    0.0,
    0.0,
    0.0
  ],
  "train_ppl_ppx": [
    1.0,
    1.0,
    1.0,
    1.0,
    1.0,
    1.0,
    1.0,
    1.0,
    1.0,
    1.0
  ],
  "val_loss": [
    0.7799054171980881,
    0.18571325446047435,
    0.17232203901540943,
    0.21817705809343152,
    0.21313743427759263,
    0.1646210458220505,
    0.17335644938596864,
    0.17968647556334008,
    0.1806532999727784,
    0.17907227612123255
  ],
  "val_acc": [
    0.3801223241590214,
    0.6449541284403669,
    0.6321100917431193,
    0.6226299694189602,
    0.6217125382262997,
    0.6287461773700306,
    0.6217125382262997,
    0.6217125382262997,
    0.6217125382262997,
    0.6217125382262997
  ],
  "val_acc_true": [
    0.002951303492375799,
    0.9911460895228726,
    0.9916379734382685,
    1.0,
    1.0,
    0.9783571077225774,
    1.0,
    1.0,
    1.0,
    1.0
  ],
  "val_acc_false": [
    1.0,
    0.07599029911075182,
    0.041228779304769606,
    0.002425222312045271,
    0.0,
    0.054163298302344384,
    0.0,
    0.0,
    0.0,
    0.0
  ],
  "prompt_ppl_ppx": [
    NaN,
    NaN,
    NaN,
    NaN,
    NaN,
    NaN,
    NaN,
    NaN,
    NaN,
    NaN
  ]
}