{
  "lambda_ppl": 0.25,
  "train_joint": [
    18.067950949508152,
    18.161071443021967,
    18.0356264650152,
    18.089463000351124,
    18.049928905187027,
    18.096248279528673,
    18.06104241274716,
    18.08401894301511,
    18.08622920861405,
    18.070287807336015
  ],
  "train_task": [
    15.668777527969874,
    15.761897985051187,
    15.636453030618389,
    15.690289503804753,
    15.650755466504043,
    15.697074832273334,
    15.661868956919466,
    15.684845465756535,
    15.687055782789594,
    15.671114355794499
  ],
  "train_ppl_loss": [
    9.59669303894043,
    9.59669303894043,
    9.59669303894043,
    9.59669303894043,
    9.59669303894043,
    9.59669303894043,
    9.59669303894043,
    9.59669303894043,
    9.59669303894043,
    9.59669303894043
  ],
  "train_ppl_ppx": [
    14716.035652728471,
    14716.035652728471,
    14716.035652728471,
    14716.035652728471,
    14716.035652728471,
    14716.035652728471,
    14716.035652728471,
    14716.035652728471,
    14716.035652728471,
    14716.035652728471
  ],
  "val_loss": [
    0.16259119358004592,
    0.17665312526429572,
    0.18961379666153977,
    0.1655191569066629,
    0.17801973667086624,
    0.18007241065909224,
    0.1669559922160172,
    0.1702719849057314,
    0.16766805474351093,
    0.17409811470566727
  ],
  "val_acc": [
    0.6299694189602446,
    0.6217125382262997,
    0.3779816513761468,
    0.6220183486238532,
    0.41345565749235474,
    0.38256880733944953,
    0.6217125382262997,
    0.6226299694189602,
    0.6217125382262997,
    0.5042813455657492
  ],
  "val_acc_true": [
    0.9990162321692081,
    1.0,
    0.000983767830791933,
    1.0,
    0.10772257747171668,
    0.026069847515986226,
    1.0,
    0.9837678307919331,
    1.0,
    0.5125430398425972
  ],
  "val_acc_false": [
    0.023443815683104285,
    0.0,
    0.9975747776879548,
    0.0008084074373484236,
    0.9159256265157639,
    0.9684721099434115,
    0.0,
    0.02910266774454325,
    0.0,
    0.49070331447049315
  ],
  "prompt_ppl_ppx": [
    14716.035652728382,
    14716.035652728382,
    14716.035652728382,
    14716.035652728382,
    14716.035652728382,
    14716.035652728382,
    14716.035652728382,
    14716.035652728382,
    14716.035652728382,
    14716.035652728382
  ]
}