{
  "lambda_ppl": 0.0,
  "train_joint": [
    17.63312513801489,
    17.686070950111645,
    17.657021728258453,
    17.660775954000066,
    17.622893804914497,
    17.657843079727687,
    17.610144801622027,
    17.585823509130584,
    17.627602043580474,
    17.687114394112918
  ],
  "train_task": [
    17.63312513801489,
    17.686070950111645,
    17.657021728258453,
    17.660775954000066,
    17.622893804914497,
    17.657843079727687,
    17.610144801622027,
    17.585823509130584,
    17.627602043580474,
    17.687114394112918
  ],
  "train_ppl_loss": [
    0.0,
    0.0,
    0.0,
    0.0,
    0.0,
    0.0,
    0.0,
    0.0,
    0.0,
    0.0
  ],
  "train_ppl_ppx": [
    0.0,
    0.0,
    0.0,
    0.0,
    0.0,
    0.0,
    0.0,
    0.0,
    0.0,
    0.0
  ],
  "val_loss": [
    0.9692260352576652,
    15.013985619893889,
    0.15881473169457622,
    0.21640954475577284,
    0.17296819254392531,
    0.16407917737960814,
    0.1493598179482832,
    0.17309481194469986,
    0.16725231678020663,
    0.17307825548256317
  ],
  "val_acc": [
    0.6954128440366972,
    0.708868501529052,
    0.7,
    0.654434250764526,
    0.6718654434250765,
    0.6785932721712539,
    0.6957186544342507,
    0.6605504587155964,
    0.6675840978593273,
    0.6587155963302752
  ],
  "val_acc_true": [
    0.9768814559763895,
    0.6158386620757501,
    0.9758976881455976,
    0.9955730447614363,
    0.9931136251844564,
    0.9921298573536645,
    0.9788489916379735,
    0.9945892769306444,
    0.9945892769306444,
    0.9965568125922283
  ],
  "val_acc_false": [
    0.232821341956346,
    0.8617623282134196,
    0.2465642683912692,
    0.09377526273241714,
    0.1438965238480194,
    0.16329830234438156,
    0.23039611964430073,
    0.11156022635408246,
    0.1301535974130962,
    0.10347615198059822
  ],
  "prompt_ppl_ppx": [
    0.0,
    0.0,
    0.0,
    0.0,
    0.0,
    0.0,
    0.0,
    0.0,
    0.0,
    0.0
  ]
}