{
  "lambda_ppl": 0.5,
  "train_joint": [
    20.19765298821953,
    20.23359653172868,
    20.219070674596207,
    20.220916842342763,
    20.188841050394466,
    20.22971799614724,
    20.260511184006596,
    20.235077658663975,
    20.233988168266382,
    20.225988748100367
  ],
  "train_task": [
    15.90472145509184,
    15.94066501360261,
    15.926139107179106,
    15.927985358506106,
    15.8959095129806,
    15.936786514453674,
    15.967579612303316,
    15.942146082674519,
    15.941056632995606,
    15.933057193541794
  ],
  "train_ppl_loss": [
    8.58586311340332,
    8.58586311340332,
    8.58586311340332,
    8.58586311340332,
    8.58586311340332,
    8.58586311340332,
    8.58586311340332,
    8.58586311340332,
    8.58586311340332,
    8.58586311340332
  ],
  "train_ppl_ppx": [
    5355.4130498716095,
    5355.4130498716095,
    5355.4130498716095,
    5355.4130498716095,
    5355.4130498716095,
    5355.4130498716095,
    5355.4130498716095,
    5355.4130498716095,
    5355.4130498716095,
    5355.4130498716095
  ],
  "val_loss": [
    12.562445152096632,
    10.958152343005668,
    10.25816621082585,
    9.826128927091274,
    9.4178991782956,
    9.028658666843322,
    8.61339623521014,
    8.10853276136445,
    7.492823198365002,
    6.616573910596894
  ],
  "val_acc": [
    0.5877675840978593,
    0.43669724770642204,
    0.3966360856269113,
    0.38685015290519875,
    0.3834862385321101,
    0.38134556574923545,
    0.3804281345565749,
    0.3801223241590214,
    0.3804281345565749,
    0.381651376146789
  ],
  "val_acc_true": [
    0.38022626660108216,
    0.10329562223315297,
    0.030496802754549926,
    0.01426463354648303,
    0.008362026561731432,
    0.004918839153959666,
    0.003443187407771766,
    0.002951303492375799,
    0.003443187407771766,
    0.0054107230693556324
  ],
  "val_acc_false": [
    0.9288601455133387,
    0.98464025869038,
    0.9983831851253031,
    0.9991915925626516,
    1.0,
    1.0,
    1.0,
    1.0,
    1.0,
    1.0
  ],
  "prompt_ppl_ppx": [
    5355.4130498716495,
    5355.4130498716495,
    5355.4130498716495,
    5355.4130498716495,
    5355.4130498716495,
    5355.4130498716495,
    5355.4130498716495,
    5355.4130498716495,
    5355.4130498716495,
    5355.4130498716495
  ]
}