{
  "lambda_ppl": 0.25,
  "train_joint": [
    18.917186591330537,
    18.917625594406985,
    18.91106305497416,
    18.84866245569808,
    18.923787037710124,
    18.89955682647362,
    18.91797245325667,
    18.90923875958732,
    18.91116750910041,
    18.923006842109594
  ],
  "train_task": [
    16.51577274236786,
    16.516211724013424,
    16.509649193152953,
    16.447248538156575,
    16.522373103023916,
    16.49814294107844,
    16.5165585485737,
    16.50782490205229,
    16.509753570128023,
    16.521592930997354
  ],
  "train_ppl_loss": [
    9.605655670166016,
    9.605655670166016,
    9.605655670166016,
    9.605655670166016,
    9.605655670166016,
    9.605655670166016,
    9.605655670166016,
    9.605655670166016,
    9.605655670166016,
    9.605655670166016
  ],
  "train_ppl_ppx": [
    14848.522883605918,
    14848.522883605918,
    14848.522883605918,
    14848.522883605918,
    14848.522883605918,
    14848.522883605918,
    14848.522883605918,
    14848.522883605918,
    14848.522883605918,
    14848.522883605918
  ],
  "val_loss": [
    0.17212447345983692,
    0.16200511404653875,
    0.19824702499843225,
    0.18805433260958368,
    0.16345454316313673,
    0.16225150431074747,
    0.1652071763829487,
    0.16648895246226614,
    0.1709523096317198,
    0.1805116784281847
  ],
  "val_acc": [
    0.6314984709480123,
    0.636085626911315,
    0.6217125382262997,
    0.6217125382262997,
    0.6324159021406728,
    0.653822629969419,
    0.6232415902140673,
    0.6217125382262997,
    0.5926605504587156,
    0.40519877675840976
  ],
  "val_acc_true": [
    0.999508116084604,
    0.9970486965076242,
    1.0,
    1.0,
    0.9945892769306444,
    0.9886866699458927,
    0.999508116084604,
    1.0,
    0.807673389080177,
    0.08116084604033448
  ],
  "val_acc_false": [
    0.02667744543249798,
    0.04284559417946645,
    0.0,
    0.0,
    0.037186742118027485,
    0.10347615198059822,
    0.004850444624090542,
    0.0,
    0.2392886014551334,
    0.9377526273241714
  ],
  "prompt_ppl_ppx": [
    14848.522883605878,
    14848.522883605878,
    14848.522883605878,
    14848.522883605878,
    14848.522883605878,
    14848.522883605878,
    14848.522883605878,
    14848.522883605878,
    14848.522883605878,
    14848.522883605878
  ]
}