{
  "lambda_ppl": 0.5,
  "train_joint": [
    23.042063145155318,
    22.97246466647373,
    23.039548959624902,
    23.035210855891197,
    23.06699360622449,
    23.055663822474106,
    23.027874991599095,
    22.961891165744053,
    22.96243472581499,
    23.00950250518456
  ],
  "train_task": [
    17.703309498476177,
    17.63371099836371,
    17.700795327947382,
    17.696457147062496,
    17.728239901681963,
    17.71691014150555,
    17.689121400640254,
    17.623137450486087,
    17.62368109413747,
    17.67074881992983
  ],
  "train_ppl_loss": [
    10.677507400512695,
    10.677507400512695,
    10.677507400512695,
    10.677507400512695,
    10.677507400512695,
    10.677507400512695,
    10.677507400512695,
    10.677507400512695,
    10.677507400512695,
    10.677507400512695
  ],
  "train_ppl_ppx": [
    43369.31318438214,
    43369.31318438214,
    43369.31318438214,
    43369.31318438214,
    43369.31318438214,
    43369.31318438214,
    43369.31318438214,
    43369.31318438214,
    43369.31318438214,
    43369.31318438214
  ],
  "val_loss": [
    19.10092689700243,
    13.621760759121035,
    11.87567221943925,
    11.408198119372857,
    11.033349627983279,
    10.671409927926412,
    10.300768587065907,
    9.800968970322028,
    9.464406743863734,
    8.998791652772486
  ],
  "val_acc": [
    0.7700305810397553,
    0.6085626911314985,
    0.45718654434250766,
    0.42385321100917434,
    0.4036697247706422,
    0.39174311926605504,
    0.38470948012232414,
    0.3804281345565749,
    0.37889908256880733,
    0.37889908256880733
  ],
  "val_acc_true": [
    0.7117560255779636,
    0.40531234628627644,
    0.1308411214953271,
    0.07624200688637482,
    0.04131824889326119,
    0.022134776192818496,
    0.010821446138711265,
    0.003443187407771766,
    0.000983767830791933,
    0.000983767830791933
  ],
  "val_acc_false": [
    0.8658043654001617,
    0.9426030719482619,
    0.9935327405012127,
    0.9951495553759094,
    0.9991915925626516,
    0.9991915925626516,
    0.9991915925626516,
    1.0,
    1.0,
    1.0
  ],
  "prompt_ppl_ppx": [
    43369.31318438233,
    43369.31318438233,
    43369.31318438233,
    43369.31318438233,
    43369.31318438233,
    43369.31318438233,
    43369.31318438233,
    43369.31318438233,
    43369.31318438233,
    43369.31318438233
  ]
}