{
  "lambda_ppl": 0.0,
  "train_joint": [
    15.760726750834605,
    15.77118867595544,
    15.780587817845719,
    15.763789989171404,
    15.783827447355463,
    15.785245239600707,
    15.780548901504345,
    15.76753557612387,
    15.685823301251014,
    15.794420613063854
  ],
  "train_task": [
    15.760726750834605,
    15.77118867595544,
    15.780587817845719,
    15.763789989171404,
    15.783827447355463,
    15.785245239600707,
    15.780548901504345,
    15.76753557612387,
    15.685823301251014,
    15.794420613063854
  ],
  "train_ppl_loss": [
    0.0,
    0.0,
    0.0,
    0.0,
    0.0,
    0.0,
    0.0,
    0.0,
    0.0,
    0.0
  ],
  "train_ppl_ppx": [
    0.0,
    0.0,
    0.0,
    0.0,
    0.0,
    0.0,
    0.0,
    0.0,
    0.0,
    0.0
  ],
  "val_loss": [
    2.0215421066051578,
    0.19668716010524007,
    0.19982585554442756,
    0.20220991943667574,
    0.17804303194691495,
    0.18005983727734262,
    0.206937159634218,
    0.20423647634139874,
    0.18630182833933248,
    0.1709128217726219
  ],
  "val_acc": [
    0.6100917431192661,
    0.6232415902140673,
    0.6226299694189602,
    0.6214067278287462,
    0.6250764525993884,
    0.6204892966360857,
    0.6217125382262997,
    0.6217125382262997,
    0.6217125382262997,
    0.6220183486238532
  ],
  "val_acc_true": [
    0.7304476143630103,
    0.9936055090998525,
    0.9985243482538121,
    0.9980324643384161,
    0.9911460895228726,
    0.9965568125922283,
    1.0,
    1.0,
    0.999508116084604,
    0.9960649286768323
  ],
  "val_acc_false": [
    0.412287793047696,
    0.014551333872271624,
    0.004850444624090542,
    0.002425222312045271,
    0.023443815683104285,
    0.002425222312045271,
    0.0,
    0.0,
    0.0008084074373484236,
    0.007275666936135812
  ],
  "prompt_ppl_ppx": [
    0.0,
    0.0,
    0.0,
    0.0,
    0.0,
    0.0,
    0.0,
    0.0,
    0.0,
    0.0
  ]
}