{
  "lambda_ppl": 1.0,
  "train_joint": [
    24.36583557128906,
    24.368214416503907,
    24.32017920847689,
    24.419303169679107,
    24.368155528722184,
    24.36012535095215,
    24.368989743007702,
    24.354067585977276,
    24.333333694800903,
    24.319315976775094
  ],
  "train_task": [
    16.302645096082365,
    16.305023986302064,
    16.256988761130344,
    16.35611272018947,
    16.3049650513724,
    16.296934884317807,
    16.305799257085564,
    16.290877160061612,
    16.270143281743767,
    16.256125505854573
  ],
  "train_ppl_loss": [
    8.063190460205078,
    8.063190460205078,
    8.063190460205078,
    8.063190460205078,
    8.063190460205078,
    8.063190460205078,
    8.063190460205078,
    8.063190460205078,
    8.063190460205078,
    8.063190460205078
  ],
  "train_ppl_ppx": [
    3175.40499351623,
    3175.40499351623,
    3175.40499351623,
    3175.40499351623,
    3175.40499351623,
    3175.40499351623,
    3175.40499351623,
    3175.40499351623,
    3175.40499351623,
    3175.40499351623
  ],
  "val_loss": [
    0.22208158093981625,
    0.170182408719528,
    0.17135683447122574,
    0.17249243015923152,
    0.17699736138669456,
    0.1727399318319995,
    0.1726604180001631,
    0.17496885250254376,
    0.185252383351326,
    0.18118596364085268
  ],
  "val_acc": [
    0.6217125382262997,
    0.6061162079510704,
    0.6217125382262997,
    0.6217125382262997,
    0.6217125382262997,
    0.6217125382262997,
    0.6217125382262997,
    0.6217125382262997,
    0.6217125382262997,
    0.6217125382262997
  ],
  "val_acc_true": [
    1.0,
    0.9517953762911953,
    1.0,
    1.0,
    1.0,
    1.0,
    1.0,
    1.0,
    1.0,
    1.0
  ],
  "val_acc_false": [
    0.0,
    0.03799514955537591,
    0.0,
    0.0,
    0.0,
    0.0,
    0.0,
    0.0,
    0.0,
    0.0
  ],
  "prompt_ppl_ppx": [
    3175.404993516244,
    3175.404993516244,
    3175.404993516244,
    3175.404993516244,
    3175.404993516244,
    3175.404993516244,
    3175.404993516244,
    3175.404993516244,
    3175.404993516244,
    3175.404993516244
  ]
}