{
  "lambda_ppl": 0.75,
  "train_joint": [
    23.494169196653903,
    23.500066418594187,
    23.513580583722405,
    23.495133629273834,
    23.50618798759546,
    23.53237380981445,
    23.533542384458393,
    23.51332058852978,
    23.495097046755674,
    23.493214407931553
  ],
  "train_task": [
    16.723512610960544,
    16.729409828614653,
    16.742923989456692,
    16.724477026435768,
    16.735531412617544,
    16.76171722626418,
    16.7628857859065,
    16.742663992120978,
    16.724440450346872,
    16.722557830810548
  ],
  "train_ppl_loss": [
    9.027542114257812,
    9.027542114257812,
    9.027542114257812,
    9.027542114257812,
    9.027542114257812,
    9.027542114257812,
    9.027542114257812,
    9.027542114257812,
    9.027542114257812,
    9.027542114257812
  ],
  "train_ppl_ppx": [
    8329.361772328515,
    8329.361772328515,
    8329.361772328515,
    8329.361772328515,
    8329.361772328515,
    8329.361772328515,
    8329.361772328515,
    8329.361772328515,
    8329.361772328515,
    8329.361772328515
  ],
  "val_loss": [
    14.36994799637213,
    11.951271866589058,
    11.003565727792136,
    10.14427769823772,
    9.433089349328018,
    8.781076724354813,
    8.167610415016732,
    7.538452099590767,
    6.755112973655143,
    5.869103066514178
  ],
  "val_acc": [
    0.7446483180428135,
    0.6214067278287462,
    0.5516819571865443,
    0.47339449541284406,
    0.4379204892966361,
    0.40305810397553515,
    0.391131498470948,
    0.38440366972477064,
    0.382262996941896,
    0.37920489296636084
  ],
  "val_acc_true": [
    0.7024102311854402,
    0.4500737825873094,
    0.3133300541072307,
    0.16428922774225282,
    0.1042793900639449,
    0.04426955238563699,
    0.022134776192818496,
    0.010821446138711265,
    0.006886374815543532,
    0.0014756517461878996
  ],
  "val_acc_false": [
    0.8140662894098626,
    0.9029911075181891,
    0.9434114793856103,
    0.9814066289409863,
    0.9862570735650767,
    0.9927243330638642,
    0.9975747776879548,
    0.9983831851253031,
    0.9991915925626516,
    1.0
  ],
  "prompt_ppl_ppx": [
    8329.36177232848,
    8329.36177232848,
    8329.36177232848,
    8329.36177232848,
    8329.36177232848,
    8329.36177232848,
    8329.36177232848,
    8329.36177232848,
    8329.36177232848,
    8329.36177232848
  ]
}