{
  "lambda_ppl": 0.75,
  "train_joint": [
    25.911142413535813,
    25.86312418305472,
    25.850180743785387,
    25.87594412900089,
    25.853112235765778,
    25.85493470952752,
    25.85482402758652,
    25.877716085884007,
    25.824579483203674,
    25.856994560327422
  ],
  "train_task": [
    17.268372574281155,
    17.22035443809595,
    17.207410938820143,
    17.23317435832506,
    17.210342405083473,
    17.212164947424043,
    17.212054259053776,
    17.234946317351266,
    17.181809697526223,
    17.21422483037027
  ],
  "train_ppl_loss": [
    11.523693084716797,
    11.523693084716797,
    11.523693084716797,
    11.523693084716797,
    11.523693084716797,
    11.523693084716797,
    11.523693084716797,
    11.523693084716797,
    11.523693084716797,
    11.523693084716797
  ],
  "train_ppl_ppx": [
    101082.57991946265,
    101082.57991946265,
    101082.57991946265,
    101082.57991946265,
    101082.57991946265,
    101082.57991946265,
    101082.57991946265,
    101082.57991946265,
    101082.57991946265,
    101082.57991946265
  ],
  "val_loss": [
    0.1458732775435215,
    0.19126404396644453,
    0.16419843678794255,
    0.165782722903461,
    0.16589412427530056,
    0.16776879204482567,
    0.16738399038227594,
    0.16639544680351165,
    0.16609864736475596,
    0.1760035423970804
  ],
  "val_acc": [
    0.7,
    0.627217125382263,
    0.6308868501529052,
    0.6266055045871559,
    0.6253822629969419,
    0.6217125382262997,
    0.6217125382262997,
    0.6223241590214067,
    0.6376146788990825,
    0.47003058103975537
  ],
  "val_acc_true": [
    0.9798327594687654,
    0.999508116084604,
    0.9990162321692081,
    0.999508116084604,
    0.999508116084604,
    0.999508116084604,
    0.999508116084604,
    0.999508116084604,
    0.9842597147073291,
    0.30545991146089524
  ],
  "val_acc_false": [
    0.2400970088924818,
    0.015359741309620048,
    0.025869037995149554,
    0.0137429264349232,
    0.010509296685529508,
    0.0008084074373484236,
    0.0008084074373484236,
    0.002425222312045271,
    0.06790622473726758,
    0.740501212611156
  ],
  "prompt_ppl_ppx": [
    101082.57991946225,
    101082.57991946225,
    101082.57991946225,
    101082.57991946225,
    101082.57991946225,
    101082.57991946225,
    101082.57991946225,
    101082.57991946225,
    101082.57991946225,
    101082.57991946225
  ]
}