{
  "lambda_ppl": 0.01,
  "train_joint": [
    17.687383096673514,
    17.652727234229612,
    17.753855364510184,
    17.705082771215547,
    17.705771463372734,
    17.69829310942232,
    17.721602056267557,
    17.663213699855163,
    17.676539920421128,
    17.678265957350142
  ],
  "train_task": [
    17.592744272210624,
    17.55808840976672,
    17.659216540047293,
    17.610443946752657,
    17.611132638909844,
    17.60365428495943,
    17.626963233947755,
    17.568574879678447,
    17.581901098101326,
    17.58362713288725
  ],
  "train_ppl_loss": [
    9.4638671875,
    9.4638671875,
    9.4638671875,
    9.4638671875,
    9.4638671875,
    9.4638671875,
    9.4638671875,
    9.4638671875,
    9.4638671875,
    9.4638671875
  ],
  "train_ppl_ppx": [
    12885.619324852036,
    12885.619324852036,
    12885.619324852036,
    12885.619324852036,
    12885.619324852036,
    12885.619324852036,
    12885.619324852036,
    12885.619324852036,
    12885.619324852036,
    12885.619324852036
  ],
  "val_loss": [
    0.20363767350592266,
    0.23611386774516688,
    0.17059535456866753,
    0.17349753459779227,
    0.19093085440193736,
    0.17189012533280906,
    0.17304016707873926,
    0.1810049122426568,
    0.1672456493464912,
    0.16738455339175898
  ],
  "val_acc": [
    0.3798165137614679,
    0.3782874617737003,
    0.590519877675841,
    0.6217125382262997,
    0.3782874617737003,
    0.6217125382262997,
    0.6217125382262997,
    0.391131498470948,
    0.6217125382262997,
    0.6217125382262997
  ],
  "val_acc_true": [
    0.003443187407771766,
    0.0,
    0.6704377766847024,
    1.0,
    0.0004918839153959665,
    1.0,
    1.0,
    0.04918839153959666,
    1.0,
    1.0
  ],
  "val_acc_false": [
    0.9983831851253031,
    1.0,
    0.45917542441390463,
    0.0,
    0.9991915925626516,
    0.0,
    0.0,
    0.9531123686337915,
    0.0,
    0.0
  ],
  "prompt_ppl_ppx": [
    12885.619324852016,
    12885.619324852016,
    12885.619324852016,
    12885.619324852016,
    12885.619324852016,
    12885.619324852016,
    12885.619324852016,
    12885.619324852016,
    12885.619324852016,
    12885.619324852016
  ]
}