{
  "lambda_ppl": 0.5,
  "train_joint": [
    22.67389036028573,
    22.675097000464966,
    22.66598190564788,
    22.658555830194707,
    22.66732202165582,
    22.661237785253633,
    22.687377329622763,
    22.668664083587988,
    22.67186070988687,
    22.679790882582076
  ],
  "train_task": [
    16.890918090906037,
    16.892124731085275,
    16.883009599835685,
    16.875583550099577,
    16.88434975227613,
    16.87826549229997,
    16.904405051670718,
    16.885691782061972,
    16.888888410503945,
    16.896818598200767
  ],
  "train_ppl_loss": [
    11.565943717956543,
    11.565943717956543,
    11.565943717956543,
    11.565943717956543,
    11.565943717956543,
    11.565943717956543,
    11.565943717956543,
    11.565943717956543,
    11.565943717956543,
    11.565943717956543
  ],
  "train_ppl_ppx": [
    105444.88917848961,
    105444.88917848961,
    105444.88917848961,
    105444.88917848961,
    105444.88917848961,
    105444.88917848961,
    105444.88917848961,
    105444.88917848961,
    105444.88917848961,
    105444.88917848961
  ],
  "val_loss": [
    1.0028536625024749,
    0.1959562888959559,
    0.16348682790994645,
    0.16436077312725347,
    0.179672737019818,
    0.17244085273364695,
    0.1680577494749209,
    0.1655574974490375,
    0.1668407628085555,
    0.16612945853210076
  ],
  "val_acc": [
    0.7327217125382263,
    0.6220183486238532,
    0.627217125382263,
    0.6406727828746177,
    0.42171253822629967,
    0.6217125382262997,
    0.6165137614678899,
    0.6220183486238532,
    0.6217125382262997,
    0.6217125382262997
  ],
  "val_acc_true": [
    0.9655681259222824,
    1.0,
    0.999508116084604,
    0.9065420560747663,
    0.11411706837186424,
    1.0,
    0.9104771273979341,
    1.0,
    1.0,
    1.0
  ],
  "val_acc_false": [
    0.35004042037186744,
    0.0008084074373484236,
    0.015359741309620048,
    0.20371867421180276,
    0.9272433306386418,
    0.0,
    0.1333872271624899,
    0.0008084074373484236,
    0.0,
    0.0
  ],
  "prompt_ppl_ppx": [
    105444.88917848919,
    105444.88917848919,
    105444.88917848919,
    105444.88917848919,
    105444.88917848919,
    105444.88917848919,
    105444.88917848919,
    105444.88917848919,
    105444.88917848919,
    105444.88917848919
  ]
}