{
  "lambda_ppl": 0.75,
  "train_joint": [
    23.565639770164918,
    23.554108861858925,
    23.559508801578136,
    23.579490022980764,
    23.549513416075975,
    23.593395910370216,
    23.61047283986981,
    23.57274527389012,
    23.538516556814816,
    23.643750801515043
  ],
  "train_task": [
    17.423310517729,
    17.41177960299374,
    17.417179587717808,
    17.43716080483426,
    17.407184161496968,
    17.45106662793106,
    17.468143527427415,
    17.430415940016843,
    17.3961872486586,
    17.501421465498677
  ],
  "train_ppl_loss": [
    8.189772605895996,
    8.189772605895996,
    8.189772605895996,
    8.189772605895996,
    8.189772605895996,
    8.189772605895996,
    8.189772605895996,
    8.189772605895996,
    8.189772605895996,
    8.189772605895996
  ],
  "train_ppl_ppx": [
    3603.9026470675453,
    3603.9026470675453,
    3603.9026470675453,
    3603.9026470675453,
    3603.9026470675453,
    3603.9026470675453,
    3603.9026470675453,
    3603.9026470675453,
    3603.9026470675453,
    3603.9026470675453
  ],
  "val_loss": [
    0.18253295726892424,
    0.24138465974389053,
    0.16509134427803318,
    0.18175919488435838,
    0.16617044239509396,
    0.16601740234508747,
    0.17052742133780224,
    0.1663022774748686,
    0.1655569165945053,
    0.16718773798244754
  ],
  "val_acc": [
    0.6314984709480123,
    0.6220183486238532,
    0.6223241590214067,
    0.6220183486238532,
    0.6244648318042814,
    0.6235474006116208,
    0.5929663608562691,
    0.6238532110091743,
    0.6256880733944954,
    0.6226299694189602
  ],
  "val_acc_true": [
    0.999508116084604,
    1.0,
    0.9478603049680275,
    1.0,
    1.0,
    1.0,
    0.794884407279882,
    0.9955730447614363,
    1.0,
    0.9926217412690606
  ],
  "val_acc_false": [
    0.02667744543249798,
    0.0008084074373484236,
    0.08730800323362975,
    0.0008084074373484236,
    0.007275666936135812,
    0.004850444624090542,
    0.2611156022635408,
    0.012934518997574777,
    0.010509296685529508,
    0.014551333872271624
  ],
  "prompt_ppl_ppx": [
    3603.9026470675294,
    3603.9026470675294,
    3603.9026470675294,
    3603.9026470675294,
    3603.9026470675294,
    3603.9026470675294,
    3603.9026470675294,
    3603.9026470675294,
    3603.9026470675294,
    3603.9026470675294
  ]
}