{
  "lambda_ppl": 0.25,
  "train_joint": [
    19.19425660036923,
    19.161441490087615,
    19.17476744062445,
    19.14696177364735,
    19.19085074435459,
    19.21629416219304,
    19.150002464551605,
    19.157611906930303,
    19.234741412387805,
    19.17334176395716
  ],
  "train_task": [
    16.785685410660303,
    16.75287031966649,
    16.766196268060234,
    16.738390601083132,
    16.782279586791994,
    16.807722989628825,
    16.741431276985768,
    16.74904073007991,
    16.8261702376805,
    16.76477058496368
  ],
  "train_ppl_loss": [
    9.634284019470215,
    9.634284019470215,
    9.634284019470215,
    9.634284019470215,
    9.634284019470215,
    9.634284019470215,
    9.634284019470215,
    9.634284019470215,
    9.634284019470215,
    9.634284019470215
  ],
  "train_ppl_ppx": [
    15279.754861101777,
    15279.754861101777,
    15279.754861101777,
    15279.754861101777,
    15279.754861101777,
    15279.754861101777,
    15279.754861101777,
    15279.754861101777,
    15279.754861101777,
    15279.754861101777
  ],
  "val_loss": [
    0.1675194032308532,
    0.1731230502448431,
    0.16739345897988575,
    0.19865529417264752,
    0.16956853474058756,
    0.20432201798369246,
    0.16745371858521205,
    0.16893335777085003,
    0.16917331364096666,
    0.17807110726106457
  ],
  "val_acc": [
    0.6217125382262997,
    0.5492354740061162,
    0.6217125382262997,
    0.6217125382262997,
    0.6217125382262997,
    0.37920489296636084,
    0.6217125382262997,
    0.6217125382262997,
    0.6211009174311927,
    0.6217125382262997
  ],
  "val_acc_true": [
    1.0,
    0.7329070339399901,
    1.0,
    1.0,
    1.0,
    0.003935071323167732,
    1.0,
    0.999508116084604,
    0.9960649286768323,
    1.0
  ],
  "val_acc_false": [
    0.0,
    0.24737267582861763,
    0.0,
    0.0,
    0.0,
    0.9959579628132579,
    0.0,
    0.0008084074373484236,
    0.004850444624090542,
    0.0
  ],
  "prompt_ppl_ppx": [
    15279.754861101885,
    15279.754861101885,
    15279.754861101885,
    15279.754861101885,
    15279.754861101885,
    15279.754861101885,
    15279.754861101885,
    15279.754861101885,
    15279.754861101885,
    15279.754861101885
  ]
}