{
  "lambda_ppl": 0.1,
  "train_joint": [
    18.15016126739845,
    18.12960579261351,
    18.112402639496192,
    18.063309075859156,
    18.141156820232947,
    18.10512147967735,
    18.10516427286555,
    18.120362558257714,
    18.073677491605952,
    18.100836648833887
  ],
  "train_task": [
    17.335858831512795,
    17.315303356727856,
    17.298100205753627,
    17.249006648545855,
    17.326854382204207,
    17.290819041648607,
    17.290861839122986,
    17.306060133087502,
    17.259375062149562,
    17.286534221520586
  ],
  "train_ppl_loss": [
    8.143019676208496,
    8.143019676208496,
    8.143019676208496,
    8.143019676208496,
    8.143019676208496,
    8.143019676208496,
    8.143019676208496,
    8.143019676208496,
    8.143019676208496,
    8.143019676208496
  ],
  "train_ppl_ppx": [
    3439.2877386412433,
    3439.2877386412433,
    3439.2877386412433,
    3439.2877386412433,
    3439.2877386412433,
    3439.2877386412433,
    3439.2877386412433,
    3439.2877386412433,
    3439.2877386412433,
    3439.2877386412433
  ],
  "val_loss": [
    0.19357437952989484,
    0.15748714139548745,
    0.16171696444110173,
    0.16652267400811357,
    0.1646733753564881,
    0.16660352200269699,
    0.16633615075815014,
    0.168421906741654,
    0.17305861122724486,
    0.16631675944095706
  ],
  "val_acc": [
    0.6477064220183486,
    0.6504587155963303,
    0.6370030581039755,
    0.6308868501529052,
    0.6467889908256881,
    0.6223241590214067,
    0.6226299694189602,
    0.6180428134556575,
    0.5299694189602446,
    0.6253822629969419
  ],
  "val_acc_true": [
    0.9985243482538121,
    0.9975405804230202,
    0.9985243482538121,
    0.7594687653713723,
    0.9380226266601082,
    1.0,
    1.0,
    0.8908017707820954,
    0.5622233152975897,
    0.999508116084604
  ],
  "val_acc_false": [
    0.07113985448666128,
    0.08003233629749394,
    0.04284559417946645,
    0.4195634599838319,
    0.16814874696847212,
    0.0016168148746968471,
    0.002425222312045271,
    0.16976556184316896,
    0.47696038803556995,
    0.010509296685529508
  ],
  "prompt_ppl_ppx": [
    3439.287738641225,
    3439.287738641225,
    3439.287738641225,
    3439.287738641225,
    3439.287738641225,
    3439.287738641225,
    3439.287738641225,
    3439.287738641225,
    3439.287738641225,
    3439.287738641225
  ]
}