{
  "lambda_ppl": 0.25,
  "train_joint": [
    19.770188976673598,
    19.823955788773098,
    19.85977634044176,
    19.869113604942065,
    19.816630168443314,
    19.799526484628743,
    19.859224876660978,
    19.787400517838723,
    19.87188307087073,
    19.8369557155652
  ],
  "train_task": [
    17.247232985764406,
    17.300999823580966,
    17.336820394537423,
    17.34615765689464,
    17.293674246112953,
    17.276570558012203,
    17.336268900753407,
    17.26444464908557,
    17.348927142111105,
    17.313999838239692
  ],
  "train_ppl_loss": [
    10.09182357788086,
    10.09182357788086,
    10.09182357788086,
    10.09182357788086,
    10.09182357788086,
    10.09182357788086,
    10.09182357788086,
    10.09182357788086,
    10.09182357788086,
    10.09182357788086
  ],
  "train_ppl_ppx": [
    24144.7822027777,
    24144.7822027777,
    24144.7822027777,
    24144.7822027777,
    24144.7822027777,
    24144.7822027777,
    24144.7822027777,
    24144.7822027777,
    24144.7822027777,
    24144.7822027777
  ],
  "val_loss": [
    14.6567629883929,
    12.416455040908442,
    11.459881898833483,
    10.664265944318073,
    10.051942476412146,
    9.571082538511694,
    9.079755573737913,
    8.589711928949123,
    8.10119385835601,
    7.605249607272264
  ],
  "val_acc": [
    0.6966360856269113,
    0.5969418960244648,
    0.5311926605504587,
    0.5042813455657492,
    0.5,
    0.4917431192660551,
    0.5030581039755352,
    0.4941896024464832,
    0.4902140672782875,
    0.4932721712538226
  ],
  "val_acc_true": [
    0.5745204131824889,
    0.39055582882439743,
    0.2695523856369897,
    0.21692080668962124,
    0.21052631578947367,
    0.19773733398917856,
    0.21987211018199704,
    0.2085587801278898,
    0.20265617314313822,
    0.21249385145105756
  ],
  "val_acc_false": [
    0.8973322554567502,
    0.9361358124494745,
    0.9611964430072757,
    0.9765561843168957,
    0.9757477768795473,
    0.9749393694421988,
    0.9684721099434115,
    0.9636216653193209,
    0.9628132578819725,
    0.9547291835084882
  ],
  "prompt_ppl_ppx": [
    24144.782202777642,
    24144.782202777642,
    24144.782202777642,
    24144.782202777642,
    24144.782202777642,
    24144.782202777642,
    24144.782202777642,
    24144.782202777642,
    24144.782202777642,
    24144.782202777642
  ]
}