{
  "lambda_ppl": 10.0,
  "train_joint": [
    97.32367294825865,
    97.35094193019223,
    97.29988867941867,
    97.30250120698736,
    97.29196429306202,
    97.34189441123705,
    97.35705552690484,
    97.31204264780109,
    97.3397667016876,
    97.29106721342279
  ],
  "train_task": [
    16.778293131710438,
    16.805562066496087,
    16.754509042889886,
    16.75712143115783,
    16.74658456652352,
    16.796514806854592,
    16.811675742502963,
    16.766663109854367,
    16.79438712730836,
    16.745687677619163
  ],
  "train_ppl_loss": [
    8.054537773132324,
    8.054537773132324,
    8.054537773132324,
    8.054537773132324,
    8.054537773132324,
    8.054537773132324,
    8.054537773132324,
    8.054537773132324,
    8.054537773132324,
    8.054537773132324
  ],
  "train_ppl_ppx": [
    3148.0477353590586,
    3148.0477353590586,
    3148.0477353590586,
    3148.0477353590586,
    3148.0477353590586,
    3148.0477353590586,
    3148.0477353590586,
    3148.0477353590586,
    3148.0477353590586,
    3148.0477353590586
  ],
  "val_loss": [
    0.18327365593939293,
    0.1894760533076961,
    0.2867844331918693,
    0.20062006719228698,
    0.1680139018631563,
    0.18100916797794947,
    0.16506181304774634,
    0.16738283841348275,
    0.16598508656024932,
    0.1682551944401206
  ],
  "val_acc": [
    0.6278287461773701,
    0.39541284403669724,
    0.6217125382262997,
    0.39938837920489295,
    0.6220183486238532,
    0.6217125382262997,
    0.6269113149847095,
    0.6217125382262997,
    0.6223241590214067,
    0.6235474006116208
  ],
  "val_acc_true": [
    0.9803246433841614,
    0.04476143630103296,
    1.0,
    0.05705853418593212,
    0.999508116084604,
    1.0,
    0.9990162321692081,
    1.0,
    1.0,
    0.9985243482538121
  ],
  "val_acc_false": [
    0.04850444624090541,
    0.9717057396928052,
    0.0,
    0.9620048504446241,
    0.0016168148746968471,
    0.0,
    0.015359741309620048,
    0.0,
    0.0016168148746968471,
    0.007275666936135812
  ],
  "prompt_ppl_ppx": [
    3148.0477353590745,
    3148.0477353590745,
    3148.0477353590745,
    3148.0477353590745,
    3148.0477353590745,
    3148.0477353590745,
    3148.0477353590745,
    3148.0477353590745,
    3148.0477353590745,
    3148.0477353590745
  ]
}