{
  "lambda_ppl": 0.1,
  "train_joint": [
    17.500438943069973,
    17.54535180209728,
    17.430673522091983,
    17.47133312225342,
    17.510509548830182,
    17.506580789973228,
    17.470330150475665,
    17.546215520280132,
    17.461024605826047,
    17.42159807655249
  ],
  "train_task": [
    16.43300474359748,
    16.477917604767875,
    16.363239371910524,
    16.40389893135328,
    16.44307536007313,
    16.439146594786912,
    16.40289597886332,
    16.478781320807638,
    16.393590419212085,
    16.354163892081615
  ],
  "train_ppl_loss": [
    10.674337387084961,
    10.674337387084961,
    10.674337387084961,
    10.674337387084961,
    10.674337387084961,
    10.674337387084961,
    10.674337387084961,
    10.674337387084961,
    10.674337387084961,
    10.674337387084961
  ],
  "train_ppl_ppx": [
    43232.049557952465,
    43232.049557952465,
    43232.049557952465,
    43232.049557952465,
    43232.049557952465,
    43232.049557952465,
    43232.049557952465,
    43232.049557952465,
    43232.049557952465,
    43232.049557952465
  ],
  "val_loss": [
    13.944225953264935,
    11.196752041142162,
    10.733648728161324,
    10.412558109004323,
    10.151415699284252,
    9.876924538030856,
    9.53740145520466,
    9.215435376981409,
    8.799531638913038,
    8.500880278610602
  ],
  "val_acc": [
    0.6535168195718655,
    0.46636085626911317,
    0.40856269113149846,
    0.39327217125382263,
    0.3856269113149847,
    0.38256880733944953,
    0.38287461773700304,
    0.3819571865443425,
    0.38318042813455655,
    0.3874617737003058
  ],
  "val_acc_true": [
    0.4913920314805706,
    0.14608952287260207,
    0.04918839153959666,
    0.02459419576979833,
    0.011805213969503197,
    0.006886374815543532,
    0.0073782587309394985,
    0.005902606984751598,
    0.007870142646335464,
    0.014756517461878997
  ],
  "val_acc_false": [
    0.919967663702506,
    0.9927243330638642,
    0.9991915925626516,
    0.9991915925626516,
    1.0,
    1.0,
    1.0,
    1.0,
    1.0,
    1.0
  ],
  "prompt_ppl_ppx": [
    43232.04955795234,
    43232.04955795234,
    43232.04955795234,
    43232.04955795234,
    43232.04955795234,
    43232.04955795234,
    43232.04955795234,
    43232.04955795234,
    43232.04955795234,
    43232.04955795234
  ]
}