{
  "lambda_ppl": 1.0,
  "train_joint": [
    27.450020376484044,
    27.478978304916552,
    27.39204347589043,
    27.398079848557376,
    27.449661477764,
    27.417995821492056,
    27.4949420757508,
    27.446403194813247,
    27.445122703809417,
    27.403663099481818
  ],
  "train_task": [
    16.751899354913263,
    16.78085731763518,
    16.693922424316405,
    16.69995879055409,
    16.75154044976395,
    16.71987482778142,
    16.796821045607665,
    16.74828221181805,
    16.74700170152643,
    16.70554207148177
  ],
  "train_ppl_loss": [
    10.698121070861816,
    10.698121070861816,
    10.698121070861816,
    10.698121070861816,
    10.698121070861816,
    10.698121070861816,
    10.698121070861816,
    10.698121070861816,
    10.698121070861816,
    10.698121070861816
  ],
  "train_ppl_ppx": [
    44272.5918690242,
    44272.5918690242,
    44272.5918690242,
    44272.5918690242,
    44272.5918690242,
    44272.5918690242,
    44272.5918690242,
    44272.5918690242,
    44272.5918690242,
    44272.5918690242
  ],
  "val_loss": [
    13.48069188187762,
    11.936610510291123,
    10.736416826015565,
    9.877980823051638,
    9.134537450278678,
    8.503881570769519,
    7.7476410609919855,
    6.905436990319229,
    5.938457312235018,
    4.879281113787395
  ],
  "val_acc": [
    0.7311926605504587,
    0.7021406727828746,
    0.6617737003058104,
    0.627217125382263,
    0.6314984709480123,
    0.6672782874617736,
    0.7073394495412844,
    0.7464831804281346,
    0.7669724770642202,
    0.7541284403669725
  ],
  "val_acc_true": [
    0.676340383669454,
    0.6094441711756026,
    0.5332021642892277,
    0.46040334481062467,
    0.46679783571077227,
    0.5410723069355632,
    0.6394490900147565,
    0.7535661583866208,
    0.8735858337432366,
    0.9104771273979341
  ],
  "val_acc_false": [
    0.8213419563459984,
    0.8544866612772838,
    0.8730800323362975,
    0.9013742926434923,
    0.9021827000808408,
    0.8746968472109944,
    0.8189167340339532,
    0.7348423605497171,
    0.5917542441390461,
    0.4971705739692805
  ],
  "prompt_ppl_ppx": [
    44272.59186902425,
    44272.59186902425,
    44272.59186902425,
    44272.59186902425,
    44272.59186902425,
    44272.59186902425,
    44272.59186902425,
    44272.59186902425,
    44272.59186902425,
    44272.59186902425
  ]
}