{
  "lambda_ppl": 0.01,
  "train_joint": [
    15.863180762730288,
    15.866670400640938,
    15.845787037624403,
    15.843437874183227,
    15.879993537302767,
    15.829736426707065,
    15.849818812595325,
    15.867249589555719,
    15.88444741066922,
    15.87102708495065
  ],
  "train_task": [
    15.782379739739921,
    15.785869377650572,
    15.76498601034786,
    15.762636849049771,
    15.799192505740049,
    15.748935390858168,
    15.76901777460334,
    15.786448553706823,
    15.803646376963412,
    15.790226072675726
  ],
  "train_ppl_loss": [
    8.080120086669922,
    8.080120086669922,
    8.080120086669922,
    8.080120086669922,
    8.080120086669922,
    8.080120086669922,
    8.080120086669922,
    8.080120086669922,
    8.080120086669922,
    8.080120086669922
  ],
  "train_ppl_ppx": [
    3229.6210477955,
    3229.6210477955,
    3229.6210477955,
    3229.6210477955,
    3229.6210477955,
    3229.6210477955,
    3229.6210477955,
    3229.6210477955,
    3229.6210477955,
    3229.6210477955
  ],
  "val_loss": [
    13.21388475836777,
    12.022316281388445,
    11.396481997792314,
    10.873581407128311,
    10.425619320753144,
    9.968199306581079,
    9.485750542617426,
    8.901255979770568,
    8.18965112407033,
    7.40037372635632
  ],
  "val_acc": [
    0.6085626911314985,
    0.5100917431192661,
    0.46085626911314986,
    0.42385321100917434,
    0.40948012232415903,
    0.40122324159021405,
    0.40152905198776756,
    0.42018348623853213,
    0.46238532110091746,
    0.5394495412844037
  ],
  "val_acc_true": [
    0.4190850959173635,
    0.23315297589768816,
    0.14461387112641416,
    0.07771765863256272,
    0.05312346286276439,
    0.038366945400885394,
    0.039350713231677326,
    0.07378258730939498,
    0.15395966551893753,
    0.31283817019183474
  ],
  "val_acc_false": [
    0.919967663702506,
    0.9652384801940178,
    0.9805982215036378,
    0.9927243330638642,
    0.9951495553759094,
    0.9975747776879548,
    0.9967663702506063,
    0.9894907033144705,
    0.9692805173807599,
    0.9118835893290218
  ],
  "prompt_ppl_ppx": [
    3229.6210477954796,
    3229.6210477954796,
    3229.6210477954796,
    3229.6210477954796,
    3229.6210477954796,
    3229.6210477954796,
    3229.6210477954796,
    3229.6210477954796,
    3229.6210477954796,
    3229.6210477954796
  ]
}