{
  "lambda_ppl": 0.75,
  "train_joint": [
    23.747203098254257,
    23.698899738440353,
    23.708855305360945,
    23.735411646125023,
    23.68968095243647,
    23.698741771397966,
    23.621056074506782,
    23.757194561904736,
    23.802130512709027,
    23.75052552812555
  ],
  "train_task": [
    16.89308856149738,
    16.844785214542004,
    16.854740753602446,
    16.881297120083584,
    16.83556640282106,
    16.844627260358145,
    16.766941546322254,
    16.903080025147855,
    16.948015990953767,
    16.896410987082493
  ],
  "train_ppl_loss": [
    9.138819694519043,
    9.138819694519043,
    9.138819694519043,
    9.138819694519043,
    9.138819694519043,
    9.138819694519043,
    9.138819694519043,
    9.138819694519043,
    9.138819694519043,
    9.138819694519043
  ],
  "train_ppl_ppx": [
    9309.770271582553,
    9309.770271582553,
    9309.770271582553,
    9309.770271582553,
    9309.770271582553,
    9309.770271582553,
    9309.770271582553,
    9309.770271582553,
    9309.770271582553,
    9309.770271582553
  ],
  "val_loss": [
    12.817013912666134,
    11.624371803097608,
    11.262878008586604,
    11.03172493911371,
    10.783231386324255,
    10.454918498527713,
    10.0973272230567,
    9.621217099631705,
    9.174286772565145,
    8.65479766566579
  ],
  "val_acc": [
    0.608868501529052,
    0.5042813455657492,
    0.46819571865443427,
    0.4474006116207951,
    0.42446483180428135,
    0.41131498470948014,
    0.40275229357798165,
    0.39143730886850153,
    0.3892966360856269,
    0.3871559633027523
  ],
  "val_acc_true": [
    0.4107230693556321,
    0.21692080668962124,
    0.15248401377274964,
    0.11510083620265617,
    0.07575012297097884,
    0.05410723069355632,
    0.03984259714707329,
    0.02164289227742253,
    0.017707820954254796,
    0.01426463354648303
  ],
  "val_acc_false": [
    0.9345189975747777,
    0.9765561843168957,
    0.9870654810024252,
    0.9935327405012127,
    0.9975747776879548,
    0.9983831851253031,
    0.9991915925626516,
    0.9991915925626516,
    1.0,
    1.0
  ],
  "prompt_ppl_ppx": [
    9309.770271582604,
    9309.770271582604,
    9309.770271582604,
    9309.770271582604,
    9309.770271582604,
    9309.770271582604,
    9309.770271582604,
    9309.770271582604,
    9309.770271582604,
    9309.770271582604
  ]
}