{
  "lambda_ppl": 0.01,
  "train_joint": [
    17.044770671544452,
    17.012504935532473,
    16.976588750689217,
    17.038960791169927,
    16.998547251840655,
    17.023459239488236,
    17.0784561264381,
    16.994854487729878,
    17.00071888827206,
    17.017028240675337
  ],
  "train_task": [
    16.962151966737895,
    16.92988622858283,
    16.89397005231193,
    16.95634207993411,
    16.915928547034103,
    16.940840534681683,
    16.99583742591772,
    16.912235791495675,
    16.918100192037862,
    16.93440952943952
  ],
  "train_ppl_loss": [
    8.261847496032715,
    8.261847496032715,
    8.261847496032715,
    8.261847496032715,
    8.261847496032715,
    8.261847496032715,
    8.261847496032715,
    8.261847496032715,
    8.261847496032715,
    8.261847496032715
  ],
  "train_ppl_ppx": [
    3873.243296015525,
    3873.243296015525,
    3873.243296015525,
    3873.243296015525,
    3873.243296015525,
    3873.243296015525,
    3873.243296015525,
    3873.243296015525,
    3873.243296015525,
    3873.243296015525
  ],
  "val_loss": [
    0.18628899556834524,
    0.17630250468486694,
    0.19338976035757763,
    0.16692904739118203,
    0.21782595856887538,
    0.1652370827227104,
    0.17336200257626974,
    0.16469779428912373,
    0.1673000651161845,
    0.17215381006642086
  ],
  "val_acc": [
    0.6232415902140673,
    0.6217125382262997,
    0.3785932721712538,
    0.6217125382262997,
    0.3782874617737003,
    0.6296636085626911,
    0.6217125382262997,
    0.6241590214067279,
    0.6250764525993884,
    0.6217125382262997
  ],
  "val_acc_true": [
    1.0,
    1.0,
    0.0004918839153959665,
    1.0,
    0.0,
    1.0,
    1.0,
    1.0,
    0.999508116084604,
    1.0
  ],
  "val_acc_false": [
    0.004042037186742118,
    0.0,
    1.0,
    0.0,
    1.0,
    0.021018593371059015,
    0.0,
    0.0064672594987873885,
    0.009700889248181084,
    0.0
  ],
  "prompt_ppl_ppx": [
    3873.243296015494,
    3873.243296015494,
    3873.243296015494,
    3873.243296015494,
    3873.243296015494,
    3873.243296015494,
    3873.243296015494,
    3873.243296015494,
    3873.243296015494,
    3873.243296015494
  ]
}