{
  "lambda_ppl": 1.0,
  "train_joint": [
    23.419789037811622,
    23.419709550664667,
    23.430173501003996,
    23.45638318865487,
    23.416114117054455,
    23.488882043388454,
    23.412972846727694,
    23.47180178352956,
    23.444757731576985,
    23.503296558508712
  ],
  "train_task": [
    16.704534303472283,
    16.704454762748117,
    16.714918700228917,
    16.741128372878173,
    16.70085926270217,
    16.773627268330436,
    16.697718110245265,
    16.756547068478017,
    16.729502932944996,
    16.78804174916128
  ],
  "train_ppl_loss": [
    6.715254783630371,
    6.715254783630371,
    6.715254783630371,
    6.715254783630371,
    6.715254783630371,
    6.715254783630371,
    6.715254783630371,
    6.715254783630371,
    6.715254783630371,
    6.715254783630371
  ],
  "train_ppl_ppx": [
    824.8939095908437,
    824.8939095908437,
    824.8939095908437,
    824.8939095908437,
    824.8939095908437,
    824.8939095908437,
    824.8939095908437,
    824.8939095908437,
    824.8939095908437,
    824.8939095908437
  ],
  "val_loss": [
    14.50467894484357,
    13.30754054464945,
    13.297717648017697,
    13.150369430169826,
    13.119304884933843,
    12.976111263182105,
    12.806665504269484,
    12.620810066781393,
    12.42089955399676,
    12.178156601510397
  ],
  "val_acc": [
    0.689908256880734,
    0.6113149847094801,
    0.5923547400611621,
    0.5651376146788991,
    0.5547400611620795,
    0.5571865443425077,
    0.5577981651376147,
    0.5382262996941896,
    0.5113149847094801,
    0.4944954128440367
  ],
  "val_acc_true": [
    0.5646827348745695,
    0.411214953271028,
    0.37727496310870634,
    0.32759468765371375,
    0.3108706345302509,
    0.31283817019183474,
    0.30939498278406297,
    0.2754549926217413,
    0.2262666010821446,
    0.19675356615838663
  ],
  "val_acc_false": [
    0.8957154405820533,
    0.9401778496362166,
    0.9458367016976557,
    0.9555375909458367,
    0.9555375909458367,
    0.9587712206952304,
    0.9660468876313663,
    0.9700889248181084,
    0.9797898140662894,
    0.9838318512530315
  ],
  "prompt_ppl_ppx": [
    824.8939095908473,
    824.8939095908473,
    824.8939095908473,
    824.8939095908473,
    824.8939095908473,
    824.8939095908473,
    824.8939095908473,
    824.8939095908473,
    824.8939095908473,
    824.8939095908473
  ]
}