{
  "lambda_ppl": 0.0,
  "train_joint": [
    17.75273208832473,
    17.796982280859787,
    17.788122322854033,
    17.76200727184167,
    17.75297367867459,
    17.785604239045902,
    17.805142685536588,
    17.76624273450187,
    17.780863223986678,
    17.754247703980862
  ],
  "train_task": [
    17.75273208832473,
    17.796982280859787,
    17.788122322854033,
    17.76200727184167,
    17.75297367867459,
    17.785604239045902,
    17.805142685536588,
    17.76624273450187,
    17.780863223986678,
    17.754247703980862
  ],
  "train_ppl_loss": [
    0.0,
    0.0,
    0.0,
    0.0,
    0.0,
    0.0,
    0.0,
    0.0,
    0.0,
    0.0
  ],
  "train_ppl_ppx": [
    0.0,
    0.0,
    0.0,
    0.0,
    0.0,
    0.0,
    0.0,
    0.0,
    0.0,
    0.0
  ],
  "val_loss": [
    0.2283642432311686,
    0.16833044690329854,
    0.19258595923098124,
    0.18300309057642775,
    0.1717994929450314,
    0.16828286611452337,
    0.17103445598991907,
    0.1663973833002695,
    0.16778173068674598,
    0.17106503818820162
  ],
  "val_acc": [
    0.6217125382262997,
    0.6165137614678899,
    0.6217125382262997,
    0.3819571865443425,
    0.6217125382262997,
    0.6186544342507645,
    0.6217125382262997,
    0.6217125382262997,
    0.6217125382262997,
    0.6217125382262997
  ],
  "val_acc_true": [
    1.0,
    0.9803246433841614,
    1.0,
    0.010821446138711265,
    1.0,
    0.9906542056074766,
    1.0,
    1.0,
    1.0,
    1.0
  ],
  "val_acc_false": [
    0.0,
    0.018593371059013743,
    0.0,
    0.9919159256265158,
    0.0,
    0.007275666936135812,
    0.0,
    0.0,
    0.0,
    0.0
  ],
  "prompt_ppl_ppx": [
    0.0,
    0.0,
    0.0,
    0.0,
    0.0,
    0.0,
    0.0,
    0.0,
    0.0,
    0.0
  ]
}