{
  "lambda_ppl": 0.1,
  "train_joint": [
    18.493355470293025,
    18.50061915108327,
    18.51269181497981,
    18.461221026302724,
    18.500168069560875,
    18.48058621695872,
    18.489500281516086,
    18.48893151015378,
    18.49770059478417,
    18.470285672820015
  ],
  "train_task": [
    17.481220926863426,
    17.488484603367496,
    17.50055727583639,
    17.449086478586946,
    17.4880335218451,
    17.468451667099856,
    17.477365738086487,
    17.47679696672418,
    17.485566053497656,
    17.458151127247326
  ],
  "train_ppl_loss": [
    10.121338844299316,
    10.121338844299316,
    10.121338844299316,
    10.121338844299316,
    10.121338844299316,
    10.121338844299316,
    10.121338844299316,
    10.121338844299316,
    10.121338844299316,
    10.121338844299316
  ],
  "train_ppl_ppx": [
    24868.04299457318,
    24868.04299457318,
    24868.04299457318,
    24868.04299457318,
    24868.04299457318,
    24868.04299457318,
    24868.04299457318,
    24868.04299457318,
    24868.04299457318,
    24868.04299457318
  ],
  "val_loss": [
    0.19044666522886694,
    0.17210188755174963,
    0.1635807991754718,
    0.17319726689559659,
    0.17617528438568114,
    0.16986916028871768,
    0.17580080584781926,
    0.16798454704808025,
    0.16938202853609877,
    0.18700791146697068
  ],
  "val_acc": [
    0.4253822629969419,
    0.5431192660550459,
    0.6266055045871559,
    0.537920489296636,
    0.4522935779816514,
    0.6192660550458715,
    0.46788990825688076,
    0.6217125382262997,
    0.6174311926605505,
    0.6217125382262997
  ],
  "val_acc_true": [
    0.1057550418101328,
    0.46138711264141663,
    0.9990162321692081,
    0.5223807181505165,
    0.3266109198229218,
    0.9867191342843089,
    0.37383177570093457,
    1.0,
    0.9527791441219872,
    1.0
  ],
  "val_acc_false": [
    0.9506871463217461,
    0.677445432497979,
    0.014551333872271624,
    0.5634599838318513,
    0.6588520614389652,
    0.015359741309620048,
    0.6224737267582862,
    0.0,
    0.06628940986257073,
    0.0
  ],
  "prompt_ppl_ppx": [
    24868.042994573243,
    24868.042994573243,
    24868.042994573243,
    24868.042994573243,
    24868.042994573243,
    24868.042994573243,
    24868.042994573243,
    24868.042994573243,
    24868.042994573243,
    24868.042994573243
  ]
}