{
  "lambda_ppl": 1.0,
  "train_joint": [
    25.245365451426988,
    25.27586695638935,
    25.276381061853986,
    25.247958194004017,
    25.26359436806668,
    25.262234985694455,
    25.306511602508888,
    25.270462940516097,
    25.205324717318074,
    25.28133216172122
  ],
  "train_task": [
    16.23019917091627,
    16.260700630873778,
    16.261214678475028,
    16.232791864202262,
    16.248428046837283,
    16.247068617317115,
    16.291345257705515,
    16.255296664291553,
    16.190158426091912,
    16.266165872638144
  ],
  "train_ppl_loss": [
    9.015166282653809,
    9.015166282653809,
    9.015166282653809,
    9.015166282653809,
    9.015166282653809,
    9.015166282653809,
    9.015166282653809,
    9.015166282653809,
    9.015166282653809,
    9.015166282653809
  ],
  "train_ppl_ppx": [
    8226.914237961148,
    8226.914237961148,
    8226.914237961148,
    8226.914237961148,
    8226.914237961148,
    8226.914237961148,
    8226.914237961148,
    8226.914237961148,
    8226.914237961148,
    8226.914237961148
  ],
  "val_loss": [
    0.1687767305752126,
    0.1623726124443659,
    0.16947029938058156,
    0.1542412321741988,
    0.15582636809203682,
    0.16006310040630944,
    0.1637279104168822,
    0.1834800231747511,
    0.16347582158519,
    0.1652454857419177
  ],
  "val_acc": [
    0.6636085626911316,
    0.6633027522935779,
    0.5134556574923548,
    0.6865443425076453,
    0.6874617737003058,
    0.6452599388379205,
    0.6559633027522935,
    0.39541284403669724,
    0.6321100917431193,
    0.6336391437308868
  ],
  "val_acc_true": [
    0.9936055090998525,
    0.9931136251844564,
    0.28873585833743237,
    0.9827840629611412,
    0.9822921790457452,
    0.9970486965076242,
    0.9773733398917855,
    0.05263157894736842,
    0.999508116084604,
    0.9965568125922283
  ],
  "val_acc_false": [
    0.12126111560226355,
    0.12126111560226355,
    0.8827809215844786,
    0.19967663702506064,
    0.2029102667744543,
    0.06709781729991916,
    0.12772837510105092,
    0.9587712206952304,
    0.028294260307194827,
    0.037186742118027485
  ],
  "prompt_ppl_ppx": [
    8226.914237961108,
    8226.914237961108,
    8226.914237961108,
    8226.914237961108,
    8226.914237961108,
    8226.914237961108,
    8226.914237961108,
    8226.914237961108,
    8226.914237961108,
    8226.914237961108
  ]
}