{
  "lambda_ppl": 0.75,
  "train_joint": [
    23.508516054474907,
    23.494981581441472,
    23.56239795041888,
    23.52735764578487,
    23.472329497605227,
    23.480859224983817,
    23.47306815586733,
    23.445007405656106,
    23.506463747346,
    23.478658804732763
  ],
  "train_task": [
    16.848617230104598,
    16.835082765643516,
    16.90249914105019,
    16.86745883855927,
    16.812430677521096,
    16.820960415615126,
    16.813169327210844,
    16.785108581285797,
    16.84656493797731,
    16.818759988934808
  ],
  "train_ppl_loss": [
    8.879865646362305,
    8.879865646362305,
    8.879865646362305,
    8.879865646362305,
    8.879865646362305,
    8.879865646362305,
    8.879865646362305,
    8.879865646362305,
    8.879865646362305,
    8.879865646362305
  ],
  "train_ppl_ppx": [
    7185.825229183313,
    7185.825229183313,
    7185.825229183313,
    7185.825229183313,
    7185.825229183313,
    7185.825229183313,
    7185.825229183313,
    7185.825229183313,
    7185.825229183313,
    7185.825229183313
  ],
  "val_loss": [
    0.20861449088992143,
    0.22439044495908225,
    0.17019967393177313,
    0.16817986343691987,
    0.175137316744502,
    0.16870011229340623,
    0.16682944835686103,
    0.16990638884102427,
    0.1699960890339642,
    0.16785957522508574
  ],
  "val_acc": [
    0.3782874617737003,
    0.6217125382262997,
    0.6048929663608563,
    0.6217125382262997,
    0.44281345565749236,
    0.6217125382262997,
    0.6217125382262997,
    0.6217125382262997,
    0.617737003058104,
    0.6217125382262997
  ],
  "val_acc_true": [
    0.0,
    1.0,
    0.9301524840137727,
    1.0,
    0.2523364485981308,
    0.9970486965076242,
    1.0,
    1.0,
    0.9714707329070339,
    1.0
  ],
  "val_acc_false": [
    1.0,
    0.0,
    0.07033144704931285,
    0.0,
    0.7558609539207761,
    0.004850444624090542,
    0.0,
    0.0,
    0.03637833468067906,
    0.0
  ],
  "prompt_ppl_ppx": [
    7185.825229183345,
    7185.825229183345,
    7185.825229183345,
    7185.825229183345,
    7185.825229183345,
    7185.825229183345,
    7185.825229183345,
    7185.825229183345,
    7185.825229183345,
    7185.825229183345
  ]
}