{
  "lambda_ppl": 1.0,
  "train_joint": [
    26.979499761174235,
    26.9989245854067,
    27.027969223193907,
    26.986169060696376,
    27.015770528557596,
    27.007312397474653,
    26.968143596006243,
    26.999457661489423,
    27.08010252620397,
    27.007795398154954
  ],
  "train_task": [
    17.448374795377923,
    17.467799587464064,
    17.496844133098474,
    17.455044015605797,
    17.484645487753195,
    17.476187294520688,
    17.437018535914046,
    17.468332665689875,
    17.548977590410896,
    17.476670312345696
  ],
  "train_ppl_loss": [
    9.53112506866455,
    9.53112506866455,
    9.53112506866455,
    9.53112506866455,
    9.53112506866455,
    9.53112506866455,
    9.53112506866455,
    9.53112506866455,
    9.53112506866455,
    9.53112506866455
  ],
  "train_ppl_ppx": [
    13782.08816025469,
    13782.08816025469,
    13782.08816025469,
    13782.08816025469,
    13782.08816025469,
    13782.08816025469,
    13782.08816025469,
    13782.08816025469,
    13782.08816025469,
    13782.08816025469
  ],
  "val_loss": [
    0.2148366689682007,
    0.16734633954559885,
    0.16814017419408006,
    0.19762812860128356,
    0.16678868626675955,
    0.17666019055901505,
    0.18092310628513011,
    0.17770098258809344,
    0.16852962294729745,
    0.16859753800601493
  ],
  "val_acc": [
    0.3782874617737003,
    0.6321100917431193,
    0.6275229357798165,
    0.3782874617737003,
    0.6217125382262997,
    0.45198776758409787,
    0.6217125382262997,
    0.6217125382262997,
    0.6217125382262997,
    0.6229357798165137
  ],
  "val_acc_true": [
    0.0,
    0.9699950811608461,
    0.9813084112149533,
    0.0,
    1.0,
    0.2336448598130841,
    1.0,
    1.0,
    0.9896704377766847,
    0.9985243482538121
  ],
  "val_acc_false": [
    1.0,
    0.07679870654810024,
    0.046079223928860144,
    1.0,
    0.0,
    0.8108326596604689,
    0.0,
    0.0,
    0.016976556184316895,
    0.005658852061438965
  ],
  "prompt_ppl_ppx": [
    13782.088160254601,
    13782.088160254601,
    13782.088160254601,
    13782.088160254601,
    13782.088160254601,
    13782.088160254601,
    13782.088160254601,
    13782.088160254601,
    13782.088160254601,
    13782.088160254601
  ]
}