{
  "lambda_ppl": 1.0,
  "train_joint": [
    25.071064698294308,
    25.01701254683934,
    25.018748551272274,
    25.003557415222854,
    25.054728441559867,
    24.977777283914975,
    24.967293925767535,
    25.056875923242462,
    25.057015245416192,
    25.107057519977012
  ],
  "train_task": [
    16.237743156947445,
    16.18369099049086,
    16.185427033499387,
    16.17023580101099,
    16.22140692164389,
    16.144455688990902,
    16.133972384420673,
    16.22355434332001,
    16.22369366763683,
    16.273735946483825
  ],
  "train_ppl_loss": [
    8.833321571350098,
    8.833321571350098,
    8.833321571350098,
    8.833321571350098,
    8.833321571350098,
    8.833321571350098,
    8.833321571350098,
    8.833321571350098,
    8.833321571350098,
    8.833321571350098
  ],
  "train_ppl_ppx": [
    6859.031783656177,
    6859.031783656177,
    6859.031783656177,
    6859.031783656177,
    6859.031783656177,
    6859.031783656177,
    6859.031783656177,
    6859.031783656177,
    6859.031783656177,
    6859.031783656177
  ],
  "val_loss": [
    13.227932864863698,
    11.885863318094392,
    11.22663631439209,
    10.790056382156,
    10.424544446061297,
    10.025037104909012,
    9.600727941931748,
    9.131349619423471,
    8.606104180870986,
    8.179187651378353
  ],
  "val_acc": [
    0.6629969418960244,
    0.5715596330275229,
    0.5131498470948013,
    0.47553516819571867,
    0.45535168195718656,
    0.43241590214067277,
    0.41926605504587156,
    0.41651376146788993,
    0.42201834862385323,
    0.4874617737003058
  ],
  "val_acc_true": [
    0.5213969503197246,
    0.34923757993113624,
    0.24249877029021152,
    0.17265125430398426,
    0.13772749631087064,
    0.09739301524840138,
    0.07378258730939498,
    0.06689621249385146,
    0.07919331037875062,
    0.19232661091982292
  ],
  "val_acc_false": [
    0.8957154405820533,
    0.936944219886823,
    0.957962813257882,
    0.973322554567502,
    0.9773645917542442,
    0.9830234438156831,
    0.9870654810024252,
    0.9911075181891673,
    0.9854486661277284,
    0.9725141471301536
  ],
  "prompt_ppl_ppx": [
    6859.031783656114,
    6859.031783656114,
    6859.031783656114,
    6859.031783656114,
    6859.031783656114,
    6859.031783656114,
    6859.031783656114,
    6859.031783656114,
    6859.031783656114,
    6859.031783656114
  ]
}