{
  "lambda_ppl": 0.25,
  "train_joint": [
    18.537423997514704,
    18.53065434145124,
    18.525056817558376,
    18.536454635791564,
    18.55071811033099,
    18.534755792510644,
    18.569206383522978,
    18.515534381652145,
    18.501470450069128,
    18.513811930109945
  ],
  "train_task": [
    16.844367931666,
    16.837598301319595,
    16.83200075170967,
    16.84339857208595,
    16.85766204662537,
    16.841699752379,
    16.87615031981736,
    16.822478339377415,
    16.8084143885066,
    16.820755881405947
  ],
  "train_ppl_loss": [
    6.772223472595215,
    6.772223472595215,
    6.772223472595215,
    6.772223472595215,
    6.772223472595215,
    6.772223472595215,
    6.772223472595215,
    6.772223472595215,
    6.772223472595215,
    6.772223472595215
  ],
  "train_ppl_ppx": [
    873.2513875152605,
    873.2513875152605,
    873.2513875152605,
    873.2513875152605,
    873.2513875152605,
    873.2513875152605,
    873.2513875152605,
    873.2513875152605,
    873.2513875152605,
    873.2513875152605
  ],
  "val_loss": [
    15.43930012307516,
    13.498868360752013,
    12.877410567679057,
    12.762853603828244,
    12.714121088167516,
    12.712385414867866,
    12.628325108784,
    12.585407829284668,
    12.574197894770924,
    12.47938321276409
  ],
  "val_acc": [
    0.7085626911314985,
    0.65565749235474,
    0.6195718654434251,
    0.6073394495412844,
    0.6030581039755352,
    0.6015290519877676,
    0.5944954128440367,
    0.5929663608562691,
    0.5935779816513761,
    0.581651376146789
  ],
  "val_acc_true": [
    0.5961633054599115,
    0.49581898671913427,
    0.42597147073290703,
    0.4048204623708805,
    0.39793408755533693,
    0.39449090014756516,
    0.382685686178062,
    0.37973438268568616,
    0.3807181505164781,
    0.3600590260698475
  ],
  "val_acc_false": [
    0.8932902182700081,
    0.9183508488278093,
    0.9377526273241714,
    0.9401778496362166,
    0.9401778496362166,
    0.9417946645109135,
    0.9426030719482619,
    0.9434114793856103,
    0.9434114793856103,
    0.9458367016976557
  ],
  "prompt_ppl_ppx": [
    873.2513875152522,
    873.2513875152522,
    873.2513875152522,
    873.2513875152522,
    873.2513875152522,
    873.2513875152522,
    873.2513875152522,
    873.2513875152522,
    873.2513875152522,
    873.2513875152522
  ]
}