{
  "lambda_ppl": 1.0,
  "train_joint": [
    25.917730430002962,
    25.919427108764648,
    25.923532966013706,
    25.900705058922927,
    25.91281169076984,
    25.94574418228664,
    25.962770522042607,
    25.879848493083138,
    25.87696542632714,
    25.949793590588516
  ],
  "train_task": [
    17.335134609093828,
    17.33683129214169,
    17.340937138675304,
    17.318109235870704,
    17.330215865574527,
    17.363148352805148,
    17.380174694704206,
    17.29725266574474,
    17.294369596845648,
    17.36719776967938
  ],
  "train_ppl_loss": [
    8.582595825195312,
    8.582595825195312,
    8.582595825195312,
    8.582595825195312,
    8.582595825195312,
    8.582595825195312,
    8.582595825195312,
    8.582595825195312,
    8.582595825195312,
    8.582595825195312
  ],
  "train_ppl_ppx": [
    5337.943925836782,
    5337.943925836782,
    5337.943925836782,
    5337.943925836782,
    5337.943925836782,
    5337.943925836782,
    5337.943925836782,
    5337.943925836782,
    5337.943925836782,
    5337.943925836782
  ],
  "val_loss": [
    0.15968915256785182,
    0.16567199942542285,
    0.16163951354782755,
    0.15886819769696492,
    0.1648149070216388,
    0.16631630913513462,
    0.16813014473130064,
    0.1777912216942485,
    0.16751890938456465,
    0.19967005514517064
  ],
  "val_acc": [
    0.674006116207951,
    0.6357798165137615,
    0.6568807339449542,
    0.6474006116207951,
    0.6266055045871559,
    0.6223241590214067,
    0.6220183486238532,
    0.6217125382262997,
    0.6253822629969419,
    0.3782874617737003
  ],
  "val_acc_true": [
    0.9931136251844564,
    0.9985243482538121,
    0.9458927693064437,
    0.9955730447614363,
    1.0,
    1.0,
    1.0,
    1.0,
    0.9640924741760944,
    0.000983767830791933
  ],
  "val_acc_false": [
    0.14955537590945836,
    0.039611964430072755,
    0.18189167340339532,
    0.07518189167340339,
    0.012934518997574777,
    0.0016168148746968471,
    0.0008084074373484236,
    0.0,
    0.068714632174616,
    0.9983831851253031
  ],
  "prompt_ppl_ppx": [
    5337.943925836764,
    5337.943925836764,
    5337.943925836764,
    5337.943925836764,
    5337.943925836764,
    5337.943925836764,
    5337.943925836764,
    5337.943925836764,
    5337.943925836764,
    5337.943925836764
  ]
}