{
  "lambda_ppl": 10.0,
  "train_joint": [
    79.38418870561578,
    79.46975162806136,
    79.3349015653803,
    79.40856246091006,
    79.45974314828938,
    79.4237458132626,
    79.41986119988259,
    79.44616128300014,
    79.42128395337737,
    79.42103688100751
  ],
  "train_task": [
    16.584742788250527,
    16.67030551567506,
    16.53545557515005,
    16.60911616850435,
    16.66029694803645,
    16.624299645156004,
    16.62041515821821,
    16.646715337774726,
    16.62183783456181,
    16.621590672182233
  ],
  "train_ppl_loss": [
    6.27994441986084,
    6.27994441986084,
    6.27994441986084,
    6.27994441986084,
    6.27994441986084,
    6.27994441986084,
    6.27994441986084,
    6.27994441986084,
    6.27994441986084,
    6.27994441986084
  ],
  "train_ppl_ppx": [
    533.7589966018006,
    533.7589966018006,
    533.7589966018006,
    533.7589966018006,
    533.7589966018006,
    533.7589966018006,
    533.7589966018006,
    533.7589966018006,
    533.7589966018006,
    533.7589966018006
  ],
  "val_loss": [
    13.498776803365567,
    12.662281790012267,
    12.348521311690167,
    12.301130750702649,
    12.221925930860566,
    12.200554531376536,
    12.08324341657685,
    11.994509148016208,
    11.83766581837724,
    11.396187363601312
  ],
  "val_acc": [
    0.5960244648318043,
    0.536085626911315,
    0.4767584097859327,
    0.45137614678899085,
    0.47217125382263,
    0.5198776758409785,
    0.5125382262996941,
    0.5174311926605505,
    0.5489296636085627,
    0.5434250764525994
  ],
  "val_acc_true": [
    0.411706837186424,
    0.2951303492375799,
    0.18494835218888342,
    0.13772749631087064,
    0.17855386128873585,
    0.26512543039842595,
    0.2538121003443187,
    0.2616822429906542,
    0.3207083128381702,
    0.32316773241515
  ],
  "val_acc_false": [
    0.898949070331447,
    0.9320937752627324,
    0.9563459983831851,
    0.9668552950687146,
    0.9547291835084882,
    0.9385610347615198,
    0.9377526273241714,
    0.9377526273241714,
    0.9240097008892482,
    0.9054163298302345
  ],
  "prompt_ppl_ppx": [
    533.7589966018055,
    533.7589966018055,
    533.7589966018055,
    533.7589966018055,
    533.7589966018055,
    533.7589966018055,
    533.7589966018055,
    533.7589966018055,
    533.7589966018055,
    533.7589966018055
  ]
}