{
  "lambda_ppl": 0.0,
  "train_joint": [
    16.66013305749786,
    16.6843807584784,
    16.620259880751707,
    16.63889072075319,
    16.58893286244253,
    16.715852047352307,
    16.67470226073533,
    16.646194224411182,
    16.664172541157583,
    16.662781003887734
  ],
  "train_task": [
    16.66013305749786,
    16.6843807584784,
    16.620259880751707,
    16.63889072075319,
    16.58893286244253,
    16.715852047352307,
    16.67470226073533,
    16.646194224411182,
    16.664172541157583,
    16.662781003887734
  ],
  "train_ppl_loss": [
    0.0,
    0.0,
    0.0,
    0.0,
    0.0,
    0.0,
    0.0,
    0.0,
    0.0,
    0.0
  ],
  "train_ppl_ppx": [
    0.0,
    0.0,
    0.0,
    0.0,
    0.0,
    0.0,
    0.0,
    0.0,
    0.0,
    0.0
  ],
  "val_loss": [
    15.889066044877215,
    12.297221025606481,
    11.206779410199422,
    10.754211216438108,
    10.421342891600073,
    10.073304171678497,
    9.697711377027558,
    9.297934839202137,
    8.84497636004192,
    8.309126805096138
  ],
  "val_acc": [
    0.7379204892966361,
    0.5892966360856269,
    0.5333333333333333,
    0.5042813455657492,
    0.4868501529051988,
    0.4941896024464832,
    0.5253822629969419,
    0.5938837920489297,
    0.6443425076452599,
    0.6706422018348623
  ],
  "val_acc_true": [
    0.6792916871618299,
    0.3866207575012297,
    0.27889818002951305,
    0.23069355632070832,
    0.19970486965076242,
    0.21839645843580915,
    0.29070339399901624,
    0.455976389572061,
    0.6335464830300049,
    0.8116084604033448
  ],
  "val_acc_false": [
    0.8342764753435732,
    0.9223928860145514,
    0.9514955537590946,
    0.9539207760711399,
    0.9587712206952304,
    0.9474535165723524,
    0.9110751818916734,
    0.8205335489086499,
    0.6620856911883589,
    0.43896523848019403
  ],
  "prompt_ppl_ppx": [
    0.0,
    0.0,
    0.0,
    0.0,
    0.0,
    0.0,
    0.0,
    0.0,
    0.0,
    0.0
  ]
}