{
  "lambda_ppl": 0.01,
  "train_joint": [
    17.56235270982378,
    17.49827655835098,
    17.480921837453092,
    17.5398319201523,
    17.52938856489203,
    17.509440938542397,
    17.510706860831615,
    17.498058983449187,
    17.495507231723057,
    17.549812481912333
  ],
  "train_task": [
    17.470918250351808,
    17.406842094592832,
    17.389487375838034,
    17.44839745853724,
    17.437954109706236,
    17.41800647478425,
    17.41927240350273,
    17.40662452183413,
    17.404072770107998,
    17.45837801386801
  ],
  "train_ppl_loss": [
    9.143365859985352,
    9.143365859985352,
    9.143365859985352,
    9.143365859985352,
    9.143365859985352,
    9.143365859985352,
    9.143365859985352,
    9.143365859985352,
    9.143365859985352,
    9.143365859985352
  ],
  "train_ppl_ppx": [
    9352.19037904407,
    9352.19037904407,
    9352.19037904407,
    9352.19037904407,
    9352.19037904407,
    9352.19037904407,
    9352.19037904407,
    9352.19037904407,
    9352.19037904407,
    9352.19037904407
  ],
  "val_loss": [
    16.000105494987675,
    11.7132772864365,
    10.312354297172732,
    9.719136200881586,
    9.447872524726682,
    9.134723830804592,
    8.760243178576959,
    8.32396541455897,
    7.88310675969938,
    7.216226649865871
  ],
  "val_acc": [
    0.7819571865443425,
    0.573394495412844,
    0.40428134556574924,
    0.37920489296636084,
    0.3782874617737003,
    0.3782874617737003,
    0.3782874617737003,
    0.3782874617737003,
    0.3782874617737003,
    0.3782874617737003
  ],
  "val_acc_true": [
    0.7771765863256271,
    0.35415641908509593,
    0.046237088047220855,
    0.0014756517461878996,
    0.0,
    0.0,
    0.0,
    0.0,
    0.0,
    0.0
  ],
  "val_acc_false": [
    0.7898140662894099,
    0.9337105901374293,
    0.9927243330638642,
    1.0,
    1.0,
    1.0,
    1.0,
    1.0,
    1.0,
    1.0
  ],
  "prompt_ppl_ppx": [
    9352.190379044148,
    9352.190379044148,
    9352.190379044148,
    9352.190379044148,
    9352.190379044148,
    9352.190379044148,
    9352.190379044148,
    9352.190379044148,
    9352.190379044148,
    9352.190379044148
  ]
}