{
  "lambda_ppl": 0.1,
  "train_joint": [
    17.731528742929523,
    17.72247756357943,
    17.657404734579366,
    17.68415974606289,
    17.741023057230404,
    17.643022547946888,
    17.6482481667165,
    17.68010852899444,
    17.669373698716754,
    17.709523702471444
  ],
  "train_task": [
    16.786504246143814,
    16.77745307965225,
    16.712380265653803,
    16.739135253563354,
    16.79599856687396,
    16.697998064019707,
    16.703223674216968,
    16.735084038637996,
    16.72434920621722,
    16.76449920997191
  ],
  "train_ppl_loss": [
    9.450244903564453,
    9.450244903564453,
    9.450244903564453,
    9.450244903564453,
    9.450244903564453,
    9.450244903564453,
    9.450244903564453,
    9.450244903564453,
    9.450244903564453,
    9.450244903564453
  ],
  "train_ppl_ppx": [
    12711.277919771428,
    12711.277919771428,
    12711.277919771428,
    12711.277919771428,
    12711.277919771428,
    12711.277919771428,
    12711.277919771428,
    12711.277919771428,
    12711.277919771428,
    12711.277919771428
  ],
  "val_loss": [
    0.1657562050150662,
    0.16706570052519076,
    0.17933148560000628,
    0.1623425370309411,
    0.1734663750340299,
    0.17342203521147007,
    0.15925013343008554,
    0.16581916954459214,
    0.166776246050509,
    0.16508939854982424
  ],
  "val_acc": [
    0.6498470948012233,
    0.6290519877675841,
    0.40581039755351683,
    0.6256880733944954,
    0.4935779816513762,
    0.5033639143730887,
    0.6767584097859327,
    0.6639143730886851,
    0.6425076452599389,
    0.635474006116208
  ],
  "val_acc_true": [
    0.9970486965076242,
    0.999508116084604,
    0.06000983767830792,
    0.999508116084604,
    0.31382193802262665,
    0.32710280373831774,
    0.9754058042302016,
    0.9212985735366453,
    0.9773733398917855,
    0.9980324643384161
  ],
  "val_acc_false": [
    0.07922392886014551,
    0.02021018593371059,
    0.9741309620048505,
    0.01131770412287793,
    0.7890056588520614,
    0.7930476960388035,
    0.18593371059013744,
    0.24090541632983023,
    0.09215844785772029,
    0.039611964430072755
  ],
  "prompt_ppl_ppx": [
    12711.277919771472,
    12711.277919771472,
    12711.277919771472,
    12711.277919771472,
    12711.277919771472,
    12711.277919771472,
    12711.277919771472,
    12711.277919771472,
    12711.277919771472,
    12711.277919771472
  ]
}