{
  "lambda_ppl": 0.25,
  "train_joint": [
    18.671897395273273,
    18.660226354706154,
    18.679881625229054,
    18.675148091691263,
    18.675422698460267,
    18.611865217230292,
    18.684838955054122,
    18.706937138418134,
    18.652269556281272,
    18.642658825134962
  ],
  "train_task": [
    16.41446459480886,
    16.40279353924012,
    16.422448790475222,
    16.417715267652877,
    16.417989895852763,
    16.354432410336614,
    16.427406141731176,
    16.44950431009357,
    16.394836740815236,
    16.38522600752584
  ],
  "train_ppl_loss": [
    9.029728889465332,
    9.029728889465332,
    9.029728889465332,
    9.029728889465332,
    9.029728889465332,
    9.029728889465332,
    9.029728889465332,
    9.029728889465332,
    9.029728889465332,
    9.029728889465332
  ],
  "train_ppl_ppx": [
    8347.59614411645,
    8347.59614411645,
    8347.59614411645,
    8347.59614411645,
    8347.59614411645,
    8347.59614411645,
    8347.59614411645,
    8347.59614411645,
    8347.59614411645,
    8347.59614411645
  ],
  "val_loss": [
    13.659300185412896,
    11.708497712670303,
    10.719803256523319,
    10.19519240216511,
    9.734286764191419,
    9.264121911583878,
    8.747112097391268,
    8.26291106619486,
    7.836446866756532,
    7.414741909213182
  ],
  "val_acc": [
    0.7244648318042813,
    0.5804281345565749,
    0.4397553516819572,
    0.38501529051987765,
    0.37920489296636084,
    0.38073394495412843,
    0.41192660550458715,
    0.6685015290519878,
    0.7565749235474006,
    0.7458715596330275
  ],
  "val_acc_true": [
    0.6399409739301525,
    0.3575996064928677,
    0.10329562223315297,
    0.010821446138711265,
    0.0014756517461878996,
    0.003935071323167732,
    0.05853418593212002,
    0.5641908509591737,
    0.8765371372356124,
    0.9468765371372356
  ],
  "val_acc_false": [
    0.8633791430881164,
    0.946645109135004,
    0.9927243330638642,
    1.0,
    1.0,
    1.0,
    0.9927243330638642,
    0.8399353274050121,
    0.5594179466451091,
    0.41552142279708976
  ],
  "prompt_ppl_ppx": [
    8347.596144116369,
    8347.596144116369,
    8347.596144116369,
    8347.596144116369,
    8347.596144116369,
    8347.596144116369,
    8347.596144116369,
    8347.596144116369,
    8347.596144116369,
    8347.596144116369
  ]
}