{
  "lambda_ppl": 0.1,
  "train_joint": [
    19.07735231806723,
    18.97940147485626,
    19.052610774522417,
    18.9980044675677,
    19.018656651357585,
    19.061905798751315,
    19.069763603639068,
    19.01951416958584,
    19.037559749303238,
    18.980156690618966
  ],
  "train_task": [
    18.2771680681893,
    18.179217227121416,
    18.252426526787577,
    18.19782021768977,
    18.218472401479655,
    18.261721548873386,
    18.269579353761138,
    18.21932991970791,
    18.23737549942531,
    18.179972440741036
  ],
  "train_ppl_loss": [
    8.001835823059082,
    8.001835823059082,
    8.001835823059082,
    8.001835823059082,
    8.001835823059082,
    8.001835823059082,
    8.001835823059082,
    8.001835823059082,
    8.001835823059082,
    8.001835823059082
  ],
  "train_ppl_ppx": [
    2986.4355248091747,
    2986.4355248091747,
    2986.4355248091747,
    2986.4355248091747,
    2986.4355248091747,
    2986.4355248091747,
    2986.4355248091747,
    2986.4355248091747,
    2986.4355248091747,
    2986.4355248091747
  ],
  "val_loss": [
    0.21067785584345097,
    0.16176496387981787,
    0.16453381435173314,
    0.1630805738815447,
    0.17881860027952892,
    0.16330653225503317,
    0.16482523410785488,
    0.1658142015701387,
    0.16570475130546383,
    0.1695573396072155
  ],
  "val_acc": [
    0.6223241590214067,
    0.6333333333333333,
    0.6510703363914373,
    0.6339449541284403,
    0.6220183486238532,
    0.6262996941896024,
    0.6275229357798165,
    0.6278287461773701,
    0.6226299694189602,
    0.6327217125382263
  ],
  "val_acc_true": [
    1.0,
    0.999508116084604,
    0.9513034923757994,
    0.9975405804230202,
    1.0,
    1.0,
    1.0,
    0.9990162321692081,
    1.0,
    0.9158878504672897
  ],
  "val_acc_false": [
    0.0016168148746968471,
    0.03152789005658852,
    0.1576394502829426,
    0.03637833468067906,
    0.0008084074373484236,
    0.012126111560226353,
    0.015359741309620048,
    0.01778496362166532,
    0.002425222312045271,
    0.16734033953112368
  ],
  "prompt_ppl_ppx": [
    2986.435524809177,
    2986.435524809177,
    2986.435524809177,
    2986.435524809177,
    2986.435524809177,
    2986.435524809177,
    2986.435524809177,
    2986.435524809177,
    2986.435524809177,
    2986.435524809177
  ]
}