{
  "lambda_ppl": 0.25,
  "train_joint": [
    18.4192451434189,
    18.348547877622455,
    18.369910229457897,
    18.455051392115905,
    18.389298286866605,
    18.356862490364676,
    18.343772682447113,
    18.37871973702077,
    18.393049488710552,
    18.392523870575292
  ],
  "train_task": [
    16.190819352396417,
    16.120122063026,
    16.14148441700453,
    16.22662556251783,
    16.16087250227339,
    16.128436705771456,
    16.115346893567718,
    16.150293939569025,
    16.164623680543365,
    16.16409806669428
  ],
  "train_ppl_loss": [
    8.913701057434082,
    8.913701057434082,
    8.913701057434082,
    8.913701057434082,
    8.913701057434082,
    8.913701057434082,
    8.913701057434082,
    8.913701057434082,
    8.913701057434082,
    8.913701057434082
  ],
  "train_ppl_ppx": [
    7433.120658703725,
    7433.120658703725,
    7433.120658703725,
    7433.120658703725,
    7433.120658703725,
    7433.120658703725,
    7433.120658703725,
    7433.120658703725,
    7433.120658703725,
    7433.120658703725
  ],
  "val_loss": [
    0.1333445866660374,
    0.16200960801868905,
    0.11917309283119876,
    0.15481696650385857,
    0.14722670601998888,
    0.12940586217474648,
    0.11779777190489013,
    0.11940819321245683,
    0.13297415267585255,
    0.11641624655756282
  ],
  "val_acc": [
    0.7547400611620795,
    0.6559633027522935,
    0.7865443425076453,
    0.7269113149847095,
    0.7443425076452599,
    0.7801223241590214,
    0.7975535168195719,
    0.7981651376146789,
    0.7798165137614679,
    0.8045871559633028
  ],
  "val_acc_true": [
    0.9380226266601082,
    0.4894244958189867,
    0.8480078701426463,
    0.6310870634530251,
    0.6773241515002459,
    0.7712739793408756,
    0.8263649778652238,
    0.8204623708804722,
    0.750614854894245,
    0.8303000491883915
  ],
  "val_acc_false": [
    0.4535165723524656,
    0.9296685529506872,
    0.6855295068714632,
    0.8843977364591754,
    0.8544866612772838,
    0.7946645109135004,
    0.7502021018593371,
    0.761519805982215,
    0.8278092158447857,
    0.7623282134195635
  ],
  "prompt_ppl_ppx": [
    7433.120658703731,
    7433.120658703731,
    7433.120658703731,
    7433.120658703731,
    7433.120658703731,
    7433.120658703731,
    7433.120658703731,
    7433.120658703731,
    7433.120658703731,
    7433.120658703731
  ]
}