{
  "lambda_ppl": 0.0,
  "train_joint": [
    17.225319024418177,
    17.25254020690918,
    17.232623316732685,
    17.260209475742297,
    17.217222895247215,
    17.221854272049466,
    17.23487452389149,
    17.18355066535178,
    17.236455274431894,
    17.23867485174972
  ],
  "train_task": [
    17.225319024418177,
    17.25254020690918,
    17.232623316732685,
    17.260209475742297,
    17.217222895247215,
    17.221854272049466,
    17.23487452389149,
    17.18355066535178,
    17.236455274431894,
    17.23867485174972
  ],
  "train_ppl_loss": [
    0.0,
    0.0,
    0.0,
    0.0,
    0.0,
    0.0,
    0.0,
    0.0,
    0.0,
    0.0
  ],
  "train_ppl_ppx": [
    0.0,
    0.0,
    0.0,
    0.0,
    0.0,
    0.0,
    0.0,
    0.0,
    0.0,
    0.0
  ],
  "val_loss": [
    0.21001298907326488,
    0.12359705232992405,
    0.11728127268029423,
    0.11364964035952964,
    0.11170982349573112,
    0.11085978663730912,
    0.11283046654993441,
    0.109661483464808,
    0.11113512595070571,
    0.11328049630108403
  ],
  "val_acc": [
    0.44587155963302755,
    0.7859327217125383,
    0.7847094801223241,
    0.8009174311926606,
    0.8015290519877676,
    0.8003058103975536,
    0.8003058103975536,
    0.8048929663608563,
    0.8045871559633028,
    0.8051987767584098
  ],
  "val_acc_true": [
    0.11510083620265617,
    0.8691588785046729,
    0.9149040826364978,
    0.8785046728971962,
    0.9065420560747663,
    0.9070339399901624,
    0.8465322183964584,
    0.8706345302508608,
    0.8475159862272503,
    0.8475159862272503
  ],
  "val_acc_false": [
    0.9894907033144705,
    0.6491511721907841,
    0.570735650767987,
    0.6734033953112368,
    0.6289409862570736,
    0.6248989490703315,
    0.7243330638641875,
    0.6968472109943411,
    0.7340339531123686,
    0.7356507679870655
  ],
  "prompt_ppl_ppx": [
    0.0,
    0.0,
    0.0,
    0.0,
    0.0,
    0.0,
    0.0,
    0.0,
    0.0,
    0.0
  ]
}