{
  "lambda_ppl": 0.01,
  "train_joint": [
    15.761220057626788,
    15.766500704476003,
    15.782822028170811,
    15.79360824756408,
    15.72079607502798,
    15.712443405322814,
    15.759286297573132,
    15.723531806602907,
    15.802801691548208,
    15.812269056513069
  ],
  "train_task": [
    15.675685621111581,
    15.680966280819325,
    15.697287600227956,
    15.708073821764314,
    15.635261692089982,
    15.626908994524667,
    15.673751863201012,
    15.637997412949465,
    15.717267257176088,
    15.726734622140949
  ],
  "train_ppl_loss": [
    8.553447723388672,
    8.553447723388672,
    8.553447723388672,
    8.553447723388672,
    8.553447723388672,
    8.553447723388672,
    8.553447723388672,
    8.553447723388672,
    8.553447723388672,
    8.553447723388672
  ],
  "train_ppl_ppx": [
    5184.598710658946,
    5184.598710658946,
    5184.598710658946,
    5184.598710658946,
    5184.598710658946,
    5184.598710658946,
    5184.598710658946,
    5184.598710658946,
    5184.598710658946,
    5184.598710658946
  ],
  "val_loss": [
    0.13471868568804207,
    0.12205467404025357,
    0.11572617069341061,
    0.13420658661279736,
    0.14116344512780993,
    0.11096599137001648,
    0.11763712682011651,
    0.11033318355770373,
    0.11196459280554115,
    0.1119972564143742
  ],
  "val_acc": [
    0.7694189602446483,
    0.7948012232415902,
    0.8003058103975536,
    0.7773700305810397,
    0.7651376146788991,
    0.8125382262996942,
    0.8061162079510703,
    0.8122324159021407,
    0.8125382262996942,
    0.8122324159021407
  ],
  "val_acc_true": [
    0.779636005902607,
    0.8322675848499754,
    0.9075258239055582,
    0.7461878996556812,
    0.7122479094933596,
    0.8745696015740285,
    0.8101328086571569,
    0.853418593212002,
    0.839153959665519,
    0.8430890309886867
  ],
  "val_acc_false": [
    0.7526273241713823,
    0.7332255456750202,
    0.624090541632983,
    0.8286176232821342,
    0.8520614389652384,
    0.7105901374292644,
    0.799514955537591,
    0.7445432497978981,
    0.7687954729183508,
    0.761519805982215
  ],
  "prompt_ppl_ppx": [
    5184.5987106589055,
    5184.5987106589055,
    5184.5987106589055,
    5184.5987106589055,
    5184.5987106589055,
    5184.5987106589055,
    5184.5987106589055,
    5184.5987106589055,
    5184.5987106589055,
    5184.5987106589055
  ]
}