{
  "lambda_ppl": 0.25,
  "train_joint": [
    18.363242322943183,
    18.383361597811238,
    18.39608417896742,
    18.387292643343464,
    18.334350997410464,
    18.361798952938464,
    18.406018426445094,
    18.303459793262267,
    18.460155298468774,
    18.35722666536824
  ],
  "train_task": [
    16.290334080042463,
    16.31045336776905,
    16.323175916778908,
    16.31438436615333,
    16.26144275879592,
    16.288890697179216,
    16.33311017282893,
    16.23055155679081,
    16.387247064140407,
    16.284318426753696
  ],
  "train_ppl_loss": [
    8.291631698608398,
    8.291631698608398,
    8.291631698608398,
    8.291631698608398,
    8.291631698608398,
    8.291631698608398,
    8.291631698608398,
    8.291631698608398,
    8.291631698608398,
    8.291631698608398
  ],
  "train_ppl_ppx": [
    3990.339917489091,
    3990.339917489091,
    3990.339917489091,
    3990.339917489091,
    3990.339917489091,
    3990.339917489091,
    3990.339917489091,
    3990.339917489091,
    3990.339917489091,
    3990.339917489091
  ],
  "val_loss": [
    0.18100773288709363,
    0.1674666264798583,
    0.15023773781410077,
    0.13680783146765174,
    0.13682287500762358,
    0.12696442673119104,
    0.12405759372362277,
    0.11741419519956518,
    0.12353727655803284,
    0.1142638710759035
  ],
  "val_acc": [
    0.4740061162079511,
    0.5415902140672783,
    0.689908256880734,
    0.7553516819571865,
    0.7171253822629969,
    0.7807339449541284,
    0.7801223241590214,
    0.790519877675841,
    0.7801223241590214,
    0.7957186544342507
  ],
  "val_acc_true": [
    0.17265125430398426,
    0.3010329562223315,
    0.5951795376291196,
    0.852926709296606,
    0.9773733398917855,
    0.8548942449581899,
    0.8662075750122971,
    0.867683226758485,
    0.8071815051647812,
    0.8917855386128873
  ],
  "val_acc_false": [
    0.9692805173807599,
    0.936944219886823,
    0.8455941794664511,
    0.5949878738884398,
    0.28940986257073564,
    0.6588520614389652,
    0.6386418755052546,
    0.6637025060630558,
    0.7356507679870655,
    0.6378334680679062
  ],
  "prompt_ppl_ppx": [
    3990.3399174890756,
    3990.3399174890756,
    3990.3399174890756,
    3990.3399174890756,
    3990.3399174890756,
    3990.3399174890756,
    3990.3399174890756,
    3990.3399174890756,
    3990.3399174890756,
    3990.3399174890756
  ]
}