{
  "lambda_ppl": 0.01,
  "train_joint": [
    16.65696315336763,
    16.683799321463937,
    16.67641671641489,
    16.653130880634436,
    16.640767112474762,
    16.64227682606558,
    16.683145463064815,
    16.701441141192834,
    16.662815387597245,
    16.686804932154967
  ],
  "train_task": [
    16.57607629540261,
    16.602912459212742,
    16.595529867022226,
    16.572244026955595,
    16.559880260939007,
    16.561389972386735,
    16.602258607242884,
    16.62055429180017,
    16.58192853820458,
    16.60591808490539
  ],
  "train_ppl_loss": [
    8.08869743347168,
    8.08869743347168,
    8.08869743347168,
    8.08869743347168,
    8.08869743347168,
    8.08869743347168,
    8.08869743347168,
    8.08869743347168,
    8.08869743347168,
    8.08869743347168
  ],
  "train_ppl_ppx": [
    3257.4417709901663,
    3257.4417709901663,
    3257.4417709901663,
    3257.4417709901663,
    3257.4417709901663,
    3257.4417709901663,
    3257.4417709901663,
    3257.4417709901663,
    3257.4417709901663,
    3257.4417709901663
  ],
  "val_loss": [
    0.17384815266946466,
    0.13308796615498822,
    0.13122570714572582,
    0.13289959372543708,
    0.13141980001294032,
    0.12208280136309019,
    0.11656079810203576,
    0.1171585470983168,
    0.11589322467220993,
    0.11328574176423434
  ],
  "val_acc": [
    0.545565749235474,
    0.7351681957186544,
    0.7559633027522936,
    0.7596330275229358,
    0.7409785932721713,
    0.7868501529051988,
    0.7865443425076453,
    0.7929663608562691,
    0.7795107033639144,
    0.7865443425076453
  ],
  "val_acc_true": [
    0.3251352680767339,
    0.956222331529759,
    0.8765371372356124,
    0.7845548450565667,
    0.9626168224299065,
    0.8730939498278406,
    0.9070339399901624,
    0.8755533694048204,
    0.9232661091982293,
    0.8937530742744713
  ],
  "val_acc_false": [
    0.9078415521422797,
    0.3718674211802749,
    0.5578011317704122,
    0.7186742118027486,
    0.3767178658043654,
    0.645109135004042,
    0.5885206143896524,
    0.6572352465642683,
    0.5432497978981407,
    0.6103476151980598
  ],
  "prompt_ppl_ppx": [
    3257.4417709901923,
    3257.4417709901923,
    3257.4417709901923,
    3257.4417709901923,
    3257.4417709901923,
    3257.4417709901923,
    3257.4417709901923,
    3257.4417709901923,
    3257.4417709901923,
    3257.4417709901923
  ]
}