{
  "lambda_ppl": 0.75,
  "train_joint": [
    22.73891783296392,
    22.71712084995227,
    22.712451703360912,
    22.72971875480052,
    22.70002590565199,
    22.713210592377052,
    22.722386263729483,
    22.622894690009986,
    22.653422653541135,
    22.73669587038876
  ],
  "train_task": [
    16.09022266302216,
    16.06842566500889,
    16.06375649484356,
    16.08102355056934,
    16.05133070999317,
    16.064515401004407,
    16.073691046639773,
    15.974199462204837,
    16.004727481456285,
    16.08800065758523
  ],
  "train_ppl_loss": [
    8.864927291870117,
    8.864927291870117,
    8.864927291870117,
    8.864927291870117,
    8.864927291870117,
    8.864927291870117,
    8.864927291870117,
    8.864927291870117,
    8.864927291870117,
    8.864927291870117
  ],
  "train_ppl_ppx": [
    7079.27862144402,
    7079.27862144402,
    7079.27862144402,
    7079.27862144402,
    7079.27862144402,
    7079.27862144402,
    7079.27862144402,
    7079.27862144402,
    7079.27862144402,
    7079.27862144402
  ],
  "val_loss": [
    0.16674672881277597,
    0.13982356639533508,
    0.11860608683853614,
    0.12058541583942203,
    0.11577421833829182,
    0.11384454345466886,
    0.1200773191888158,
    0.12584631359431803,
    0.11234441722129904,
    0.11203721758069062
  ],
  "val_acc": [
    0.5611620795107034,
    0.7110091743119266,
    0.7871559633027523,
    0.7896024464831805,
    0.7926605504587156,
    0.7969418960244649,
    0.8027522935779816,
    0.7941896024464832,
    0.8079510703363915,
    0.8073394495412844
  ],
  "val_acc_true": [
    0.35809149040826366,
    0.9749139203148057,
    0.896704377766847,
    0.8396458435809149,
    0.8937530742744713,
    0.8927693064436792,
    0.8116084604033448,
    0.7830791933103788,
    0.8607968519429414,
    0.8548942449581899
  ],
  "val_acc_false": [
    0.8949070331447049,
    0.2772837510105093,
    0.6071139854486661,
    0.7073565076798707,
    0.6265157639450283,
    0.6394502829426031,
    0.788197251414713,
    0.8124494745351657,
    0.7210994341147938,
    0.7291835084882781
  ],
  "prompt_ppl_ppx": [
    7079.278621444043,
    7079.278621444043,
    7079.278621444043,
    7079.278621444043,
    7079.278621444043,
    7079.278621444043,
    7079.278621444043,
    7079.278621444043,
    7079.278621444043,
    7079.278621444043
  ]
}