{
  "lambda_ppl": 0.25,
  "train_joint": [
    19.19218819007445,
    19.209949943456756,
    19.198707743441123,
    19.188366617781394,
    19.2197597889418,
    19.204670552457316,
    19.21108131837309,
    19.14197253109364,
    19.162603498308847,
    19.15296197955528
  ],
  "train_task": [
    17.12175553996911,
    17.13951730406686,
    17.128275101908137,
    17.117933980534584,
    17.14932714312264,
    17.134237906638155,
    17.14064868541246,
    17.07153989813301,
    17.092170854632773,
    17.082529353023915
  ],
  "train_ppl_loss": [
    8.281728744506836,
    8.281728744506836,
    8.281728744506836,
    8.281728744506836,
    8.281728744506836,
    8.281728744506836,
    8.281728744506836,
    8.281728744506836,
    8.281728744506836,
    8.281728744506836
  ],
  "train_ppl_ppx": [
    3951.0187834757417,
    3951.0187834757417,
    3951.0187834757417,
    3951.0187834757417,
    3951.0187834757417,
    3951.0187834757417,
    3951.0187834757417,
    3951.0187834757417,
    3951.0187834757417,
    3951.0187834757417
  ],
  "val_loss": [
    0.15646875073633543,
    0.14406200474718722,
    0.14704339885857048,
    0.21000279395318613,
    0.11509141592172588,
    0.11231368349001902,
    0.13421552990813082,
    0.11271857827129524,
    0.11445217263862127,
    0.12099650438602377
  ],
  "val_acc": [
    0.6767584097859327,
    0.7116207951070337,
    0.708868501529052,
    0.4847094801223242,
    0.789908256880734,
    0.8070336391437309,
    0.7688073394495413,
    0.8036697247706422,
    0.8055045871559633,
    0.8045871559633028
  ],
  "val_acc_true": [
    0.9911460895228726,
    0.9803246433841614,
    0.6094441711756026,
    0.1810132808657157,
    0.8917855386128873,
    0.8544023610427939,
    0.7279881947860305,
    0.8770290211510083,
    0.8317757009345794,
    0.8027545499262174
  ],
  "val_acc_false": [
    0.16006467259498788,
    0.2700080840743735,
    0.872271624898949,
    0.9838318512530315,
    0.6224737267582862,
    0.7291835084882781,
    0.83589329021827,
    0.683104284559418,
    0.7623282134195635,
    0.8075990299110751
  ],
  "prompt_ppl_ppx": [
    3951.018783475753,
    3951.018783475753,
    3951.018783475753,
    3951.018783475753,
    3951.018783475753,
    3951.018783475753,
    3951.018783475753,
    3951.018783475753,
    3951.018783475753,
    3951.018783475753
  ]
}