{
  "lambda_ppl": 0.01,
  "train_joint": [
    17.81603973903013,
    17.78093518032117,
    17.781318280937967,
    17.794302993945863,
    17.737591291277596,
    17.8556323812249,
    17.816988724269223,
    17.754442862178504,
    17.775959244203033,
    17.75026981696654
  ],
  "train_task": [
    17.717380223649272,
    17.68227566494031,
    17.682658765557107,
    17.695643478565003,
    17.638931775896737,
    17.75697286584404,
    17.718329211031453,
    17.65578334894073,
    17.677299728822174,
    17.651610303728766
  ],
  "train_ppl_loss": [
    9.865922927856445,
    9.865922927856445,
    9.865922927856445,
    9.865922927856445,
    9.865922927856445,
    9.865922927856445,
    9.865922927856445,
    9.865922927856445,
    9.865922927856445,
    9.865922927856445
  ],
  "train_ppl_ppx": [
    19262.64347202773,
    19262.64347202773,
    19262.64347202773,
    19262.64347202773,
    19262.64347202773,
    19262.64347202773,
    19262.64347202773,
    19262.64347202773,
    19262.64347202773,
    19262.64347202773
  ],
  "val_loss": [
    0.12952121474393985,
    0.1514291739681872,
    0.12877649557663173,
    0.13746445022705125,
    0.11793487798876878,
    0.1158633055392562,
    0.11439745045471482,
    0.11685028695842115,
    0.12026289666934711,
    0.11422677362655721
  ],
  "val_acc": [
    0.7391437308868501,
    0.6853211009174311,
    0.7605504587155963,
    0.7584097859327217,
    0.77217125382263,
    0.781651376146789,
    0.7847094801223241,
    0.7969418960244649,
    0.7758409785932722,
    0.7853211009174312
  ],
  "val_acc_true": [
    0.9463846532218396,
    0.5759960649286768,
    0.9011313330054107,
    0.7393015248401378,
    0.8952287260206592,
    0.8745696015740285,
    0.8765371372356124,
    0.8848991637973438,
    0.9276930644367929,
    0.8996556812592228
  ],
  "val_acc_false": [
    0.39854486661277283,
    0.8649959579628133,
    0.5295068714632175,
    0.7898140662894099,
    0.5699272433306386,
    0.6289409862570736,
    0.6337914308811641,
    0.6523848019401779,
    0.5262732417138237,
    0.597413096200485
  ],
  "prompt_ppl_ppx": [
    19262.643472027583,
    19262.643472027583,
    19262.643472027583,
    19262.643472027583,
    19262.643472027583,
    19262.643472027583,
    19262.643472027583,
    19262.643472027583,
    19262.643472027583,
    19262.643472027583
  ]
}