{
  "lambda_ppl": 1.0,
  "train_joint": [
    24.54648683097925,
    24.582323532961727,
    24.53667884140872,
    24.517444687746885,
    24.586696316151137,
    24.577193283766842,
    24.556672831331745,
    24.561538576276114,
    24.52229735556613,
    24.55709483543139
  ],
  "train_task": [
    15.321977553206883,
    15.35781424233083,
    15.312169610784295,
    15.292935450693195,
    15.362187010518621,
    15.352684046713154,
    15.332163622138205,
    15.337029354224045,
    15.297788116369354,
    15.332585491223282
  ],
  "train_ppl_loss": [
    9.224509239196777,
    9.224509239196777,
    9.224509239196777,
    9.224509239196777,
    9.224509239196777,
    9.224509239196777,
    9.224509239196777,
    9.224509239196777,
    9.224509239196777,
    9.224509239196777
  ],
  "train_ppl_ppx": [
    10142.697213865715,
    10142.697213865715,
    10142.697213865715,
    10142.697213865715,
    10142.697213865715,
    10142.697213865715,
    10142.697213865715,
    10142.697213865715,
    10142.697213865715,
    10142.697213865715
  ],
  "val_loss": [
    0.17067066249324053,
    0.15632780070711927,
    0.14682622951705282,
    0.14506437989269816,
    0.13888984753227815,
    0.13825812990345607,
    0.1294975013631146,
    0.1305117335988254,
    0.12488983591518751,
    0.13025192055033474
  ],
  "val_acc": [
    0.6425076452599389,
    0.6837920489296636,
    0.7180428134556575,
    0.7345565749235474,
    0.7051987767584098,
    0.7599388379204893,
    0.7681957186544343,
    0.7749235474006116,
    0.7795107033639144,
    0.7755351681957187
  ],
  "val_acc_true": [
    0.9970486965076242,
    0.7407771765863256,
    0.9429414658140679,
    0.9075258239055582,
    0.9783571077225774,
    0.8637481554353172,
    0.9104771273979341,
    0.8553861288735858,
    0.8416133792424988,
    0.7678307919331038
  ],
  "val_acc_false": [
    0.05982215036378335,
    0.5901374292643492,
    0.34842360549717055,
    0.45028294260307195,
    0.2562651576394503,
    0.5893290218270008,
    0.534357316087308,
    0.6426839126919968,
    0.677445432497979,
    0.788197251414713
  ],
  "prompt_ppl_ppx": [
    10142.697213865624,
    10142.697213865624,
    10142.697213865624,
    10142.697213865624,
    10142.697213865624,
    10142.697213865624,
    10142.697213865624,
    10142.697213865624,
    10142.697213865624,
    10142.697213865624
  ]
}