{
  "lambda_ppl": 0.0,
  "train_joint": [
    16.626966806476037,
    16.611145998922627,
    16.64702008065213,
    16.65199470091402,
    16.64726065946429,
    16.604891646310186,
    16.67649228813943,
    16.64603136041191,
    16.657340632663683,
    16.69075413178862
  ],
  "train_task": [
    16.626966806476037,
    16.611145998922627,
    16.64702008065213,
    16.65199470091402,
    16.64726065946429,
    16.604891646310186,
    16.67649228813943,
    16.64603136041191,
    16.657340632663683,
    16.69075413178862
  ],
  "train_ppl_loss": [
    0.0,
    0.0,
    0.0,
    0.0,
    0.0,
    0.0,
    0.0,
    0.0,
    0.0,
    0.0
  ],
  "train_ppl_ppx": [
    0.0,
    0.0,
    0.0,
    0.0,
    0.0,
    0.0,
    0.0,
    0.0,
    0.0,
    0.0
  ],
  "val_loss": [
    0.1484641458566596,
    0.13955108565164775,
    0.1342127279900923,
    0.13127476133224442,
    0.1269742736002294,
    0.12726189853941522,
    0.12319624676573568,
    0.12229770718187821,
    0.1219787164613968,
    0.12115506637023717
  ],
  "val_acc": [
    0.7021406727828746,
    0.717737003058104,
    0.7611620795107034,
    0.7669724770642202,
    0.7596330275229358,
    0.77217125382263,
    0.7678899082568807,
    0.7629969418960245,
    0.7636085626911315,
    0.7859327217125383
  ],
  "val_acc_true": [
    0.9773733398917855,
    0.9660600098376783,
    0.8662075750122971,
    0.8745696015740285,
    0.9188391539596655,
    0.897688145597639,
    0.9276930644367929,
    0.9331037875061485,
    0.9399901623216921,
    0.8794884407279882
  ],
  "val_acc_false": [
    0.2497978981406629,
    0.30962004850444624,
    0.5885206143896524,
    0.5901374292643492,
    0.49797898140662894,
    0.5658852061438965,
    0.5052546483427648,
    0.4834276475343573,
    0.4737267582861762,
    0.6321746160064673
  ],
  "prompt_ppl_ppx": [
    0.0,
    0.0,
    0.0,
    0.0,
    0.0,
    0.0,
    0.0,
    0.0,
    0.0,
    0.0
  ]
}