{
  "lambda_ppl": 0.1,
  "train_joint": [
    17.04434824739949,
    17.084422147943734,
    17.0869058759025,
    17.12772964306092,
    17.13941676536303,
    17.09640429636066,
    17.045379336496417,
    17.07410942249084,
    17.09192769339915,
    17.02599678039551
  ],
  "train_task": [
    16.1572936047329,
    16.19736753313729,
    16.199851211805022,
    16.24067502182521,
    16.252362114124082,
    16.20934962797701,
    16.158324695972915,
    16.187054751964098,
    16.204873018586234,
    16.138942088437883
  ],
  "train_ppl_loss": [
    8.870553016662598,
    8.870553016662598,
    8.870553016662598,
    8.870553016662598,
    8.870553016662598,
    8.870553016662598,
    8.870553016662598,
    8.870553016662598,
    8.870553016662598,
    8.870553016662598
  ],
  "train_ppl_ppx": [
    7119.2169303316605,
    7119.2169303316605,
    7119.2169303316605,
    7119.2169303316605,
    7119.2169303316605,
    7119.2169303316605,
    7119.2169303316605,
    7119.2169303316605,
    7119.2169303316605,
    7119.2169303316605
  ],
  "val_loss": [
    0.15356882425343119,
    0.16290622360822632,
    0.14716819866401393,
    0.14288208441036504,
    0.13949514209497266,
    0.13284823774564558,
    0.12795138206423784,
    0.1234495267453717,
    0.11896739136881945,
    0.11679326684736624
  ],
  "val_acc": [
    0.6932721712538227,
    0.6483180428134556,
    0.6951070336391437,
    0.727217125382263,
    0.7067278287461773,
    0.7553516819571865,
    0.7767584097859327,
    0.7813455657492355,
    0.7746177370030581,
    0.7840978593272171
  ],
  "val_acc_true": [
    0.9237579931136252,
    0.9955730447614363,
    0.9636005902606984,
    0.9163797343826857,
    0.9763895720609936,
    0.9385145105755042,
    0.9075258239055582,
    0.9030988686669946,
    0.9306443679291687,
    0.9252336448598131
  ],
  "val_acc_false": [
    0.3144704931285368,
    0.07760711398544867,
    0.253839935327405,
    0.41632983023443815,
    0.2635408245755861,
    0.45432497978981407,
    0.5618431689571544,
    0.5812449474535166,
    0.5181891673403395,
    0.5521422797089733
  ],
  "prompt_ppl_ppx": [
    7119.216930331645,
    7119.216930331645,
    7119.216930331645,
    7119.216930331645,
    7119.216930331645,
    7119.216930331645,
    7119.216930331645,
    7119.216930331645,
    7119.216930331645,
    7119.216930331645
  ]
}