{
  "lambda_ppl": 1.0,
  "train_joint": [
    24.160194062650874,
    24.23430082342598,
    24.248110721888168,
    24.158027730363138,
    24.21142671563652,
    24.16966201696503,
    24.186400839987765,
    24.202471379483683,
    24.230425373891766,
    24.20728667184208
  ],
  "train_task": [
    15.89835611836294,
    15.972462906998196,
    15.986272790458765,
    15.896189839652415,
    15.949588734916087,
    15.90782401909989,
    15.924562917130716,
    15.940633418051045,
    15.968587519613545,
    15.945448729697238
  ],
  "train_ppl_loss": [
    8.26183795928955,
    8.26183795928955,
    8.26183795928955,
    8.26183795928955,
    8.26183795928955,
    8.26183795928955,
    8.26183795928955,
    8.26183795928955,
    8.26183795928955,
    8.26183795928955
  ],
  "train_ppl_ppx": [
    3873.2063580651256,
    3873.2063580651256,
    3873.2063580651256,
    3873.2063580651256,
    3873.2063580651256,
    3873.2063580651256,
    3873.2063580651256,
    3873.2063580651256,
    3873.2063580651256,
    3873.2063580651256
  ],
  "val_loss": [
    0.16054537975933494,
    0.13767327822563125,
    0.12078586544205502,
    0.12808569564325054,
    0.12817597050310636,
    0.11456954333840347,
    0.12078487307014989,
    0.11082265792278255,
    0.10932227215479787,
    0.11109705545099044
  ],
  "val_acc": [
    0.6159021406727829,
    0.7571865443425077,
    0.7740061162079511,
    0.7743119266055046,
    0.7541284403669725,
    0.7948012232415902,
    0.7877675840978593,
    0.8055045871559633,
    0.8097859327217125,
    0.8110091743119267
  ],
  "val_acc_true": [
    0.45548450565666504,
    0.7707820954254796,
    0.9203148057058534,
    0.7545499262174127,
    0.9478603049680275,
    0.897688145597639,
    0.926217412690605,
    0.8524348253812101,
    0.8598130841121495,
    0.8701426463354648
  ],
  "val_acc_false": [
    0.8795472918350848,
    0.7348423605497171,
    0.5335489086499596,
    0.8067906224737268,
    0.4357316087308003,
    0.6257073565076798,
    0.5602263540824576,
    0.7283751010509296,
    0.7275666936135813,
    0.713823767178658
  ],
  "prompt_ppl_ppx": [
    3873.2063580651015,
    3873.2063580651015,
    3873.2063580651015,
    3873.2063580651015,
    3873.2063580651015,
    3873.2063580651015,
    3873.2063580651015,
    3873.2063580651015,
    3873.2063580651015,
    3873.2063580651015
  ]
}