{
  "lambda_ppl": 0.5,
  "train_joint": [
    18.85351070018297,
    18.9081974029541,
    18.909401488572023,
    18.93628882933199,
    18.917445733574,
    18.92205152618751,
    18.98224224133438,
    18.8722086831425,
    18.9133979668778,
    18.95212450348929
  ],
  "train_task": [
    14.275811947597546,
    14.33049874037839,
    14.331702776705281,
    14.358590136753039,
    14.339747049567405,
    14.344352846467093,
    14.40454354875543,
    14.29450999484973,
    14.33569927429885,
    14.374425830198138
  ],
  "train_ppl_loss": [
    9.155397415161133,
    9.155397415161133,
    9.155397415161133,
    9.155397415161133,
    9.155397415161133,
    9.155397415161133,
    9.155397415161133,
    9.155397415161133,
    9.155397415161133,
    9.155397415161133
  ],
  "train_ppl_ppx": [
    9465.39140020765,
    9465.39140020765,
    9465.39140020765,
    9465.39140020765,
    9465.39140020765,
    9465.39140020765,
    9465.39140020765,
    9465.39140020765,
    9465.39140020765,
    9465.39140020765
  ],
  "val_loss": [
    0.19241026051160764,
    0.20267408951753524,
    0.14747861322106384,
    0.1465829527596148,
    0.15293299726596693,
    0.14550319670177086,
    0.1472924589383893,
    0.14290412962436677,
    0.1380273098625788,
    0.1343873295660426
  ],
  "val_acc": [
    0.6446483180428134,
    0.6247706422018349,
    0.6856269113149847,
    0.7226299694189603,
    0.6602446483180429,
    0.7391437308868501,
    0.6779816513761467,
    0.6929663608562691,
    0.7091743119266055,
    0.7223241590214067
  ],
  "val_acc_true": [
    0.9990162321692081,
    1.0,
    0.9793408755533693,
    0.9242498770290212,
    0.9940973930152484,
    0.8893261190359075,
    0.9901623216920806,
    0.9842597147073291,
    0.9734382685686178,
    0.9591736350221348
  ],
  "val_acc_false": [
    0.06224737267582862,
    0.008084074373484237,
    0.2029102667744543,
    0.39126919967663704,
    0.11156022635408246,
    0.49232012934519,
    0.16491511721907842,
    0.21422797089733225,
    0.274858528698464,
    0.3330638641875505
  ],
  "prompt_ppl_ppx": [
    9465.391400207562,
    9465.391400207562,
    9465.391400207562,
    9465.391400207562,
    9465.391400207562,
    9465.391400207562,
    9465.391400207562,
    9465.391400207562,
    9465.391400207562,
    9465.391400207562
  ]
}