{
  "lambda_ppl": 0.0,
  "train_joint": [
    15.93821255973216,
    15.959224698784647,
    15.939399378487233,
    15.910009161274084,
    15.876391582274705,
    15.927151995026664,
    15.864575919676362,
    15.90264001910606,
    15.885821003860302,
    15.920372941520776
  ],
  "train_task": [
    15.93821255973216,
    15.959224698784647,
    15.939399378487233,
    15.910009161274084,
    15.876391582274705,
    15.927151995026664,
    15.864575919676362,
    15.90264001910606,
    15.885821003860302,
    15.920372941520776
  ],
  "train_ppl_loss": [
    0.0,
    0.0,
    0.0,
    0.0,
    0.0,
    0.0,
    0.0,
    0.0,
    0.0,
    0.0
  ],
  "train_ppl_ppx": [
    0.0,
    0.0,
    0.0,
    0.0,
    0.0,
    0.0,
    0.0,
    0.0,
    0.0,
    0.0
  ],
  "val_loss": [
    0.1468337740385678,
    0.16003219241776118,
    0.11678964453862935,
    0.11504799044895463,
    0.12033267679010949,
    0.1138573410580071,
    0.11766255781417939,
    0.1141976294584754,
    0.1197080810349889,
    0.1119462822041497
  ],
  "val_acc": [
    0.7137614678899082,
    0.6376146788990825,
    0.7785932721712538,
    0.7889908256880734,
    0.7914373088685015,
    0.7996941896024465,
    0.7963302752293578,
    0.8009174311926606,
    0.8009174311926606,
    0.8058103975535168
  ],
  "val_acc_true": [
    0.9813084112149533,
    0.4648303000491884,
    0.9001475651746188,
    0.9212985735366453,
    0.8106246925725529,
    0.8647319232661091,
    0.8184948352188883,
    0.8548942449581899,
    0.8111165764879489,
    0.8814559763895721
  ],
  "val_acc_false": [
    0.2740501212611156,
    0.9215844785772029,
    0.5788197251414713,
    0.5715440582053355,
    0.7599029911075182,
    0.692805173807599,
    0.7599029911075182,
    0.7122069523039612,
    0.7841552142279709,
    0.6814874696847211
  ],
  "prompt_ppl_ppx": [
    0.0,
    0.0,
    0.0,
    0.0,
    0.0,
    0.0,
    0.0,
    0.0,
    0.0,
    0.0
  ]
}