{
  "lambda_ppl": 0.1,
  "train_joint": [
    16.69814668933997,
    16.706642849525707,
    16.66584100830421,
    16.717688856232034,
    16.691188518652755,
    16.71337426432063,
    16.733450660276947,
    16.74153107632412,
    16.69663105225295,
    16.720726788981576
  ],
  "train_task": [
    15.827674902155158,
    15.836171081628692,
    15.795369188973073,
    15.847217075476486,
    15.82071677432971,
    15.842902504995967,
    15.862978892379932,
    15.871059304140926,
    15.826159290785201,
    15.8502549953675
  ],
  "train_ppl_loss": [
    8.704718589782715,
    8.704718589782715,
    8.704718589782715,
    8.704718589782715,
    8.704718589782715,
    8.704718589782715,
    8.704718589782715,
    8.704718589782715,
    8.704718589782715,
    8.704718589782715
  ],
  "train_ppl_ppx": [
    6031.304430439889,
    6031.304430439889,
    6031.304430439889,
    6031.304430439889,
    6031.304430439889,
    6031.304430439889,
    6031.304430439889,
    6031.304430439889,
    6031.304430439889,
    6031.304430439889
  ],
  "val_loss": [
    0.20254176309922847,
    0.11814586790960009,
    0.12106628717809188,
    0.1173692029787273,
    0.10879766241442866,
    0.1129051297176175,
    0.11028697468431257,
    0.10963261175173812,
    0.11738606426955724,
    0.10832026817994873
  ],
  "val_acc": [
    0.44036697247706424,
    0.7883792048929663,
    0.7954128440366972,
    0.7944954128440367,
    0.8146788990825689,
    0.8073394495412844,
    0.810091743119266,
    0.8165137614678899,
    0.7969418960244649,
    0.8116207951070337
  ],
  "val_acc_true": [
    0.10526315789473684,
    0.897688145597639,
    0.8071815051647812,
    0.8180029513034923,
    0.8671913428430891,
    0.8273487456960157,
    0.8430890309886867,
    0.8617806197737334,
    0.7865223807181505,
    0.8986719134284309
  ],
  "val_acc_false": [
    0.9911075181891673,
    0.608730800323363,
    0.7760711398544866,
    0.7558609539207761,
    0.7283751010509296,
    0.7744543249797898,
    0.7558609539207761,
    0.7421180274858529,
    0.8140662894098626,
    0.6685529506871464
  ],
  "prompt_ppl_ppx": [
    6031.304430439854,
    6031.304430439854,
    6031.304430439854,
    6031.304430439854,
    6031.304430439854,
    6031.304430439854,
    6031.304430439854,
    6031.304430439854,
    6031.304430439854,
    6031.304430439854
  ]
}