{
  "lambda_ppl": 0.75,
  "train_joint": [
    22.69709202627118,
    22.688709524776158,
    22.758191518033488,
    22.725926988580255,
    22.666921872771187,
    22.73082058081466,
    22.706391109509415,
    22.6761428618699,
    22.7188675441099,
    22.698455313350376
  ],
  "train_task": [
    16.49004080268774,
    16.481658286191106,
    16.551140367315057,
    16.5188757499952,
    16.459870531317893,
    16.52376937866211,
    16.499339928787744,
    16.469091582566165,
    16.511816311954114,
    16.491404070479145
  ],
  "train_ppl_loss": [
    8.276068687438965,
    8.276068687438965,
    8.276068687438965,
    8.276068687438965,
    8.276068687438965,
    8.276068687438965,
    8.276068687438965,
    8.276068687438965,
    8.276068687438965,
    8.276068687438965
  ],
  "train_ppl_ppx": [
    3928.7189603543243,
    3928.7189603543243,
    3928.7189603543243,
    3928.7189603543243,
    3928.7189603543243,
    3928.7189603543243,
    3928.7189603543243,
    3928.7189603543243,
    3928.7189603543243,
    3928.7189603543243
  ],
  "val_loss": [
    0.15268816246492106,
    0.13774663947704363,
    0.1368303233893906,
    0.1387669278899344,
    0.13361182681671002,
    0.1265846147042949,
    0.12350804974756589,
    0.1198693998521421,
    0.12710606735653993,
    0.11329250694593278
  ],
  "val_acc": [
    0.674617737003058,
    0.7348623853211009,
    0.7437308868501529,
    0.7168195718654434,
    0.7275229357798165,
    0.7654434250764526,
    0.7574923547400612,
    0.7657492354740061,
    0.7440366972477064,
    0.7877675840978593
  ],
  "val_acc_true": [
    0.9921298573536645,
    0.9227742252828333,
    0.8873585833743236,
    0.9803246433841614,
    0.9640924741760944,
    0.9006394490900148,
    0.9296606000983768,
    0.9365469749139204,
    0.9493359567142154,
    0.897196261682243
  ],
  "val_acc_false": [
    0.15278900565885206,
    0.4260307194826192,
    0.50767987065481,
    0.2837510105092967,
    0.3387227162489895,
    0.5432497978981407,
    0.47453516572352467,
    0.4850444624090542,
    0.40662894098625707,
    0.6079223928860146
  ],
  "prompt_ppl_ppx": [
    3928.718960354305,
    3928.718960354305,
    3928.718960354305,
    3928.718960354305,
    3928.718960354305,
    3928.718960354305,
    3928.718960354305,
    3928.718960354305,
    3928.718960354305,
    3928.718960354305
  ]
}