{
  "lambda_ppl": 0.0,
  "train_joint": [
    16.486397456051257,
    16.568099902720935,
    16.551972174912358,
    16.52897872710496,
    16.507287162609316,
    16.537707489528014,
    16.51396612103066,
    16.535815316103818,
    16.55536230494467,
    16.525305503673767
  ],
  "train_task": [
    16.486397456051257,
    16.568099902720935,
    16.551972174912358,
    16.52897872710496,
    16.507287162609316,
    16.537707489528014,
    16.51396612103066,
    16.535815316103818,
    16.55536230494467,
    16.525305503673767
  ],
  "train_ppl_loss": [
    0.0,
    0.0,
    0.0,
    0.0,
    0.0,
    0.0,
    0.0,
    0.0,
    0.0,
    0.0
  ],
  "train_ppl_ppx": [
    0.0,
    0.0,
    0.0,
    0.0,
    0.0,
    0.0,
    0.0,
    0.0,
    0.0,
    0.0
  ],
  "val_loss": [
    0.14748044740862962,
    0.13501132214214745,
    0.11609416280577822,
    0.15681836266161464,
    0.12048991469711792,
    0.12282885939973157,
    0.11798509710990801,
    0.11837447381964544,
    0.11664876877898123,
    0.11487506431777303
  ],
  "val_acc": [
    0.7226299694189603,
    0.7697247706422018,
    0.7957186544342507,
    0.726605504587156,
    0.791131498470948,
    0.791743119266055,
    0.8012232415902141,
    0.7981651376146789,
    0.7960244648318043,
    0.7975535168195719
  ],
  "val_acc_true": [
    0.9754058042302016,
    0.8012788981800295,
    0.8548942449581899,
    0.6310870634530251,
    0.7894736842105263,
    0.7791441219872111,
    0.8012788981800295,
    0.7963600590260699,
    0.8548942449581899,
    0.8362026561731432
  ],
  "val_acc_false": [
    0.30719482619240096,
    0.7178658043654002,
    0.698464025869038,
    0.883589329021827,
    0.793856103476152,
    0.8124494745351657,
    0.8011317704122878,
    0.8011317704122878,
    0.6992724333063864,
    0.7340339531123686
  ],
  "prompt_ppl_ppx": [
    0.0,
    0.0,
    0.0,
    0.0,
    0.0,
    0.0,
    0.0,
    0.0,
    0.0,
    0.0
  ]
}