{
  "lambda_ppl": 0.75,
  "train_joint": [
    22.956382610021013,
    22.95912614029445,
    22.986285426107685,
    22.996128463745116,
    22.916109376543023,
    22.933478550428756,
    22.981182034096022,
    23.014024751641777,
    22.960368587193866,
    22.92264811055044
  ],
  "train_task": [
    16.027234853251596,
    16.029978409242094,
    16.057137727201656,
    16.066980758409823,
    15.986961656206109,
    16.004330808660956,
    16.05203431161602,
    16.08487700987398,
    16.031220864713863,
    15.993500381641173
  ],
  "train_ppl_loss": [
    9.238863945007324,
    9.238863945007324,
    9.238863945007324,
    9.238863945007324,
    9.238863945007324,
    9.238863945007324,
    9.238863945007324,
    9.238863945007324,
    9.238863945007324,
    9.238863945007324
  ],
  "train_ppl_ppx": [
    10289.342656481185,
    10289.342656481185,
    10289.342656481185,
    10289.342656481185,
    10289.342656481185,
    10289.342656481185,
    10289.342656481185,
    10289.342656481185,
    10289.342656481185,
    10289.342656481185
  ],
  "val_loss": [
    0.13683046273341992,
    0.13676864464835423,
    0.12417908808807047,
    0.1278462356910473,
    0.11602211249310795,
    0.11845791174507722,
    0.11394885747534472,
    0.12041951261642503,
    0.11219128282150118,
    0.11172699990977601
  ],
  "val_acc": [
    0.7226299694189603,
    0.7189602446483181,
    0.7666666666666667,
    0.7758409785932722,
    0.7801223241590214,
    0.7856269113149847,
    0.7981651376146789,
    0.7709480122324159,
    0.7972477064220184,
    0.8015290519877676
  ],
  "val_acc_true": [
    0.9660600098376783,
    0.9768814559763895,
    0.9188391539596655,
    0.7825873093949828,
    0.9203148057058534,
    0.8780127889818002,
    0.8637481554353172,
    0.94146581406788,
    0.8942449581898672,
    0.8917855386128873
  ],
  "val_acc_false": [
    0.322554567502021,
    0.2950687146321746,
    0.5165723524656427,
    0.7647534357316087,
    0.549717057396928,
    0.6337914308811641,
    0.6903799514955538,
    0.49070331447049315,
    0.6378334680679062,
    0.6531932093775262
  ],
  "prompt_ppl_ppx": [
    10289.342656481296,
    10289.342656481296,
    10289.342656481296,
    10289.342656481296,
    10289.342656481296,
    10289.342656481296,
    10289.342656481296,
    10289.342656481296,
    10289.342656481296,
    10289.342656481296
  ]
}