{
  "lambda_ppl": 0.5,
  "train_joint": [
    20.089564265561908,
    20.09590364949087,
    20.001245811548127,
    20.101739634824604,
    20.08730808215195,
    20.144022189365344,
    20.10007193918978,
    20.10893486965908,
    20.113390568936808,
    20.098615787806136
  ],
  "train_task": [
    15.621008465799052,
    15.62734796116861,
    15.532690020357625,
    15.633183875780427,
    15.618752305963067,
    15.675466464610581,
    15.631516212291931,
    15.640379072039314,
    15.644834805606456,
    15.63006005447902
  ],
  "train_ppl_loss": [
    8.937111854553223,
    8.937111854553223,
    8.937111854553223,
    8.937111854553223,
    8.937111854553223,
    8.937111854553223,
    8.937111854553223,
    8.937111854553223,
    8.937111854553223,
    8.937111854553223
  ],
  "train_ppl_ppx": [
    7609.188845371792,
    7609.188845371792,
    7609.188845371792,
    7609.188845371792,
    7609.188845371792,
    7609.188845371792,
    7609.188845371792,
    7609.188845371792,
    7609.188845371792,
    7609.188845371792
  ],
  "val_loss": [
    0.20159027903545193,
    0.13820123995949582,
    0.12001026843379184,
    0.11837307741729225,
    0.11511344669795617,
    0.11391518184597173,
    0.14454496032217654,
    0.12427922446371578,
    0.12043925282068368,
    0.11475599987841234
  ],
  "val_acc": [
    0.6633027522935779,
    0.7626911314984709,
    0.7880733944954128,
    0.7954128440366972,
    0.8021406727828746,
    0.8058103975535168,
    0.7516819571865443,
    0.7874617737003058,
    0.7972477064220184,
    0.8045871559633028
  ],
  "val_acc_true": [
    0.9950811608460404,
    0.7407771765863256,
    0.8180029513034923,
    0.8307919331037875,
    0.8578455484505657,
    0.852926709296606,
    0.6812592228234137,
    0.764879488440728,
    0.7845548450565667,
    0.8317757009345794
  ],
  "val_acc_false": [
    0.11802748585286985,
    0.7987065481002426,
    0.7388843977364592,
    0.7372675828617623,
    0.7105901374292644,
    0.7283751010509296,
    0.8674211802748585,
    0.824575586095392,
    0.8181083265966047,
    0.7599029911075182
  ],
  "prompt_ppl_ppx": [
    7609.188845371717,
    7609.188845371717,
    7609.188845371717,
    7609.188845371717,
    7609.188845371717,
    7609.188845371717,
    7609.188845371717,
    7609.188845371717,
    7609.188845371717,
    7609.188845371717
  ]
}