{
  "lambda_ppl": 0.01,
  "train_joint": [
    16.27243295948157,
    16.292180329226376,
    16.28627994623077,
    16.22597493803903,
    16.280698454781863,
    16.233720127920087,
    16.318635569797472,
    16.287693150123854,
    16.30160912931635,
    16.27024972251292
  ],
  "train_task": [
    16.18458777009771,
    16.204335141985602,
    16.198434724700586,
    16.138129690791782,
    16.192853271827268,
    16.145874902103724,
    16.230790401844494,
    16.199847958596905,
    16.213763948504845,
    16.18240455670303
  ],
  "train_ppl_loss": [
    8.784550666809082,
    8.784550666809082,
    8.784550666809082,
    8.784550666809082,
    8.784550666809082,
    8.784550666809082,
    8.784550666809082,
    8.784550666809082,
    8.784550666809082,
    8.784550666809082
  ],
  "train_ppl_ppx": [
    6532.5370355540235,
    6532.5370355540235,
    6532.5370355540235,
    6532.5370355540235,
    6532.5370355540235,
    6532.5370355540235,
    6532.5370355540235,
    6532.5370355540235,
    6532.5370355540235,
    6532.5370355540235
  ],
  "val_loss": [
    0.1550783956559693,
    0.14039533650729713,
    0.1320367728428143,
    0.13457602146195202,
    0.1284047434697064,
    0.12159513325952902,
    0.12083027205634408,
    0.11870210524194125,
    0.11467056779599771,
    0.1131285432998727
  ],
  "val_acc": [
    0.6626911314984709,
    0.7073394495412844,
    0.7370030581039755,
    0.7220183486238532,
    0.7409785932721713,
    0.7862385321100918,
    0.7654434250764526,
    0.7703363914373089,
    0.7969418960244649,
    0.7969418960244649
  ],
  "val_acc_true": [
    0.9950811608460404,
    0.9803246433841614,
    0.9581898671913428,
    0.9798327594687654,
    0.9670437776684703,
    0.8962124938514511,
    0.9493359567142154,
    0.9390063944909002,
    0.8947368421052632,
    0.9055582882439744
  ],
  "val_acc_false": [
    0.116410670978173,
    0.2586903799514956,
    0.3734842360549717,
    0.29830234438156833,
    0.3694421988682296,
    0.6054971705739692,
    0.46321746160064675,
    0.4931285367825384,
    0.6362166531932094,
    0.618431689571544
  ],
  "prompt_ppl_ppx": [
    6532.537035553994,
    6532.537035553994,
    6532.537035553994,
    6532.537035553994,
    6532.537035553994,
    6532.537035553994,
    6532.537035553994,
    6532.537035553994,
    6532.537035553994,
    6532.537035553994
  ]
}