{
  "lambda_ppl": 1.0,
  "train_joint": [
    23.562564824136455,
    23.557624229688322,
    23.587953756096656,
    23.531686011325107,
    23.53351651309581,
    23.569563636351166,
    23.564555731784093,
    23.54651449396369,
    23.55111894929007,
    23.56932375618581
  ],
  "train_task": [
    15.343241700161709,
    15.338301129287549,
    15.36863056997235,
    15.312362808056092,
    15.314193335543857,
    15.350240514519509,
    15.345232571376844,
    15.327191365702769,
    15.331795816742972,
    15.350000555059882
  ],
  "train_ppl_loss": [
    8.21932315826416,
    8.21932315826416,
    8.21932315826416,
    8.21932315826416,
    8.21932315826416,
    8.21932315826416,
    8.21932315826416,
    8.21932315826416,
    8.21932315826416,
    8.21932315826416
  ],
  "train_ppl_ppx": [
    3711.9891029131263,
    3711.9891029131263,
    3711.9891029131263,
    3711.9891029131263,
    3711.9891029131263,
    3711.9891029131263,
    3711.9891029131263,
    3711.9891029131263,
    3711.9891029131263,
    3711.9891029131263
  ],
  "val_loss": [
    0.17188288166028698,
    0.16442669506480054,
    0.16695747019314183,
    0.16187263080259648,
    0.160569714772992,
    0.16057244859090666,
    0.16105859890216734,
    0.15957850850209956,
    0.14844239510414076,
    0.14412425938175946
  ],
  "val_acc": [
    0.6217125382262997,
    0.6253822629969419,
    0.6278287461773701,
    0.6902140672782875,
    0.6914373088685015,
    0.6749235474006117,
    0.6865443425076453,
    0.6935779816513762,
    0.7244648318042813,
    0.7256880733944954
  ],
  "val_acc_true": [
    1.0,
    0.999508116084604,
    0.9990162321692081,
    0.896704377766847,
    0.9212985735366453,
    0.9488440727988194,
    0.8696507624200689,
    0.8662075750122971,
    0.8760452533202164,
    0.911952779144122
  ],
  "val_acc_false": [
    0.0,
    0.010509296685529508,
    0.01778496362166532,
    0.35084882780921584,
    0.31366208569118836,
    0.22473726758286175,
    0.3856103476151981,
    0.40986257073565074,
    0.47534357316087306,
    0.4195634599838319
  ],
  "prompt_ppl_ppx": [
    3711.989102913147,
    3711.989102913147,
    3711.989102913147,
    3711.989102913147,
    3711.989102913147,
    3711.989102913147,
    3711.989102913147,
    3711.989102913147,
    3711.989102913147,
    3711.989102913147
  ]
}