{
  "lambda_ppl": 0.0,
  "train_joint": [
    16.608004801460865,
    16.658606497089515,
    16.725291286425644,
    16.659961584712683,
    16.603152452961783,
    16.63732664344016,
    16.635943515649004,
    16.65100271675024,
    16.63692013601239,
    16.707378224576455
  ],
  "train_task": [
    16.608004801460865,
    16.658606497089515,
    16.725291286425644,
    16.659961584712683,
    16.603152452961783,
    16.63732664344016,
    16.635943515649004,
    16.65100271675024,
    16.63692013601239,
    16.707378224576455
  ],
  "train_ppl_loss": [
    0.0,
    0.0,
    0.0,
    0.0,
    0.0,
    0.0,
    0.0,
    0.0,
    0.0,
    0.0
  ],
  "train_ppl_ppx": [
    0.0,
    0.0,
    0.0,
    0.0,
    0.0,
    0.0,
    0.0,
    0.0,
    0.0,
    0.0
  ],
  "val_loss": [
    0.2695681046058492,
    0.31398637385630024,
    0.24806056630502388,
    0.18311826196930758,
    0.1543829153405457,
    0.16632261177661214,
    0.12095894775376087,
    0.13111335448920727,
    0.1587204891234273,
    0.12173222918517707
  ],
  "val_acc": [
    0.6577981651376147,
    0.6382262996941896,
    0.65565749235474,
    0.6957186544342507,
    0.7363914373088685,
    0.7186544342507645,
    0.7697247706422018,
    0.7547400611620795,
    0.7290519877675841,
    0.7749235474006116
  ],
  "val_acc_true": [
    0.9945892769306444,
    0.999508116084604,
    0.9980324643384161,
    0.9877029021151008,
    0.9749139203148057,
    0.9803246433841614,
    0.9424495818986719,
    0.9606492867683227,
    0.9783571077225774,
    0.9429414658140679
  ],
  "val_acc_false": [
    0.10428455941794665,
    0.0444624090541633,
    0.09296685529506872,
    0.2158447857720291,
    0.34438156831042843,
    0.28860145513338725,
    0.4858528698464026,
    0.41632983023443815,
    0.3193209377526273,
    0.4987873888439774
  ],
  "prompt_ppl_ppx": [
    0.0,
    0.0,
    0.0,
    0.0,
    0.0,
    0.0,
    0.0,
    0.0,
    0.0,
    0.0
  ]
}