{
  "lambda_ppl": 0.5,
  "train_joint": [
    20.707388674275258,
    20.708633740028638,
    20.7434842784753,
    20.72138372699866,
    20.70929818314113,
    20.711601780237775,
    20.76542125230425,
    20.73641280699312,
    20.72843307752288,
    20.7156967334533
  ],
  "train_task": [
    16.385735340332715,
    16.386980408229185,
    16.42183087809702,
    16.399730345908175,
    16.38764480847991,
    16.389948412005822,
    16.44376787764303,
    16.414759460192048,
    16.406779685716952,
    16.39404334379046
  ],
  "train_ppl_loss": [
    8.643306732177734,
    8.643306732177734,
    8.643306732177734,
    8.643306732177734,
    8.643306732177734,
    8.643306732177734,
    8.643306732177734,
    8.643306732177734,
    8.643306732177734,
    8.643306732177734
  ],
  "train_ppl_ppx": [
    5672.05481427866,
    5672.05481427866,
    5672.05481427866,
    5672.05481427866,
    5672.05481427866,
    5672.05481427866,
    5672.05481427866,
    5672.05481427866,
    5672.05481427866,
    5672.05481427866
  ],
  "val_loss": [
    0.14528567492961883,
    0.15526929064313086,
    0.11898515884105752,
    0.11211451437415146,
    0.11902431945611791,
    0.12572103479831684,
    0.11311403759641618,
    0.11110387996475145,
    0.11230921273278754,
    0.1122876545959493
  ],
  "val_acc": [
    0.7244648318042813,
    0.710091743119266,
    0.7798165137614679,
    0.7990825688073394,
    0.791743119266055,
    0.7840978593272171,
    0.8070336391437309,
    0.810091743119266,
    0.8137614678899082,
    0.8070336391437309
  ],
  "val_acc_true": [
    0.7078209542547959,
    0.9827840629611412,
    0.926217412690605,
    0.8893261190359075,
    0.8052139695031972,
    0.7693064436792917,
    0.8558780127889818,
    0.8642400393507133,
    0.8666994589276931,
    0.8327594687653713
  ],
  "val_acc_false": [
    0.751818916734034,
    0.26192400970088925,
    0.5392077607113985,
    0.650767987065481,
    0.7696038803556993,
    0.8084074373484236,
    0.7267582861762328,
    0.7210994341147938,
    0.7267582861762328,
    0.7647534357316087
  ],
  "prompt_ppl_ppx": [
    5672.054814278714,
    5672.054814278714,
    5672.054814278714,
    5672.054814278714,
    5672.054814278714,
    5672.054814278714,
    5672.054814278714,
    5672.054814278714,
    5672.054814278714,
    5672.054814278714
  ]
}