{
  "lambda_ppl": 0.01,
  "train_joint": [
    16.50005531311035,
    16.51430522190051,
    16.497459321611384,
    16.48303637558155,
    16.463442498110652,
    16.430455122101172,
    16.43928168007497,
    16.44680623258098,
    16.478824887650735,
    16.53192018873236
  ],
  "train_task": [
    16.417578015702492,
    16.431827913777212,
    16.414981974912493,
    16.400559058885896,
    16.380965213561325,
    16.347977816120963,
    16.356804354806965,
    16.364328930886945,
    16.396347568811994,
    16.44944283131803
  ],
  "train_ppl_loss": [
    8.247668266296387,
    8.247668266296387,
    8.247668266296387,
    8.247668266296387,
    8.247668266296387,
    8.247668266296387,
    8.247668266296387,
    8.247668266296387,
    8.247668266296387,
    8.247668266296387
  ],
  "train_ppl_ppx": [
    3818.711214590876,
    3818.711214590876,
    3818.711214590876,
    3818.711214590876,
    3818.711214590876,
    3818.711214590876,
    3818.711214590876,
    3818.711214590876,
    3818.711214590876,
    3818.711214590876
  ],
  "val_loss": [
    0.20704340298728244,
    0.1756016278412284,
    0.13468623541113806,
    0.13466236289681457,
    0.12194141405748157,
    0.13468661971571969,
    0.12064031333458133,
    0.11431497254567902,
    0.11463188669848733,
    0.11275315985265301
  ],
  "val_acc": [
    0.6425076452599389,
    0.46055045871559636,
    0.7299694189602447,
    0.7293577981651376,
    0.7681957186544343,
    0.7629969418960245,
    0.7718654434250765,
    0.7957186544342507,
    0.7944954128440367,
    0.7990825688073394
  ],
  "val_acc_true": [
    0.9980324643384161,
    0.15789473684210525,
    0.9586817511067388,
    0.9685194294146582,
    0.9188391539596655,
    0.749631087063453,
    0.8927693064436792,
    0.8686669945892769,
    0.8484997540580423,
    0.867683226758485
  ],
  "val_acc_false": [
    0.0582053354890865,
    0.957962813257882,
    0.35408245755860956,
    0.33629749393694425,
    0.5206143896523848,
    0.7849636216653193,
    0.5731608730800324,
    0.6758286176232822,
    0.7057396928051738,
    0.6863379143088116
  ],
  "prompt_ppl_ppx": [
    3818.7112145909027,
    3818.7112145909027,
    3818.7112145909027,
    3818.7112145909027,
    3818.7112145909027,
    3818.7112145909027,
    3818.7112145909027,
    3818.7112145909027,
    3818.7112145909027,
    3818.7112145909027
  ]
}