{
  "lambda_ppl": 0.0,
  "train_joint": [
    15.79206354376975,
    15.787370551034305,
    15.730622848767913,
    15.68979472685396,
    15.711145302418913,
    15.695957398146726,
    15.659007211749474,
    15.687013930417178,
    15.717479238617287,
    15.834803784831186
  ],
  "train_task": [
    15.79206354376975,
    15.787370551034305,
    15.730622848767913,
    15.68979472685396,
    15.711145302418913,
    15.695957398146726,
    15.659007211749474,
    15.687013930417178,
    15.717479238617287,
    15.834803784831186
  ],
  "train_ppl_loss": [
    0.0,
    0.0,
    0.0,
    0.0,
    0.0,
    0.0,
    0.0,
    0.0,
    0.0,
    0.0
  ],
  "train_ppl_ppx": [
    0.0,
    0.0,
    0.0,
    0.0,
    0.0,
    0.0,
    0.0,
    0.0,
    0.0,
    0.0
  ],
  "val_loss": [
    0.1548339000562342,
    0.16074094939522626,
    0.15066925885110366,
    0.1341653146758312,
    0.13371897085410792,
    0.12660794530699893,
    0.13045724852056037,
    0.13127160141380823,
    0.11826141216769451,
    0.11663686220602291
  ],
  "val_acc": [
    0.6614678899082569,
    0.6559633027522935,
    0.6825688073394496,
    0.736085626911315,
    0.7614678899082569,
    0.7443425076452599,
    0.7327217125382263,
    0.7474006116207951,
    0.7785932721712538,
    0.7944954128440367
  ],
  "val_acc_true": [
    0.9975405804230202,
    0.9970486965076242,
    0.9921298573536645,
    0.9513034923757994,
    0.9070339399901624,
    0.9586817511067388,
    0.9695031972454501,
    0.9552385636989671,
    0.9168716182980816,
    0.853418593212002
  ],
  "val_acc_false": [
    0.10913500404203719,
    0.09539207760711399,
    0.17380759902991108,
    0.38237671786580435,
    0.5222312045270816,
    0.3920776071139854,
    0.34357316087308004,
    0.4058205335489086,
    0.5513338722716249,
    0.6976556184316896
  ],
  "prompt_ppl_ppx": [
    0.0,
    0.0,
    0.0,
    0.0,
    0.0,
    0.0,
    0.0,
    0.0,
    0.0,
    0.0
  ]
}