{
  "lambda_ppl": 0.1,
  "train_joint": [
    18.037836760617374,
    18.047435659772894,
    18.028099876575254,
    18.026565667484583,
    18.03654567847091,
    18.045290876238532,
    18.041650967115768,
    18.046454341759844,
    18.078587225581824,
    17.99588076987963
  ],
  "train_task": [
    17.14516896665766,
    17.154767870099356,
    17.135432089044805,
    17.133897879954134,
    17.1438778845112,
    17.152623084421908,
    17.148983171012965,
    17.153786552086306,
    17.18591944448064,
    17.10321298020609
  ],
  "train_ppl_loss": [
    8.926681518554688,
    8.926681518554688,
    8.926681518554688,
    8.926681518554688,
    8.926681518554688,
    8.926681518554688,
    8.926681518554688,
    8.926681518554688,
    8.926681518554688,
    8.926681518554688
  ],
  "train_ppl_ppx": [
    7530.234922802979,
    7530.234922802979,
    7530.234922802979,
    7530.234922802979,
    7530.234922802979,
    7530.234922802979,
    7530.234922802979,
    7530.234922802979,
    7530.234922802979,
    7530.234922802979
  ],
  "val_loss": [
    0.1340720025050204,
    0.1368123801016226,
    0.1162109403530272,
    0.11302099796693499,
    0.12184754506480402,
    0.1149936046542191,
    0.12113010580765038,
    0.11456425342617965,
    0.11658279030788235,
    0.11854183680218894
  ],
  "val_acc": [
    0.7357798165137615,
    0.7669724770642202,
    0.7840978593272171,
    0.7948012232415902,
    0.7960244648318043,
    0.8061162079510703,
    0.7938837920489297,
    0.8103975535168195,
    0.8067278287461773,
    0.7996941896024465
  ],
  "val_acc_true": [
    0.9670437776684703,
    0.7609444171175602,
    0.9139203148057059,
    0.8839153959665519,
    0.8121003443187408,
    0.8780127889818002,
    0.8017707820954255,
    0.8416133792424988,
    0.8273487456960157,
    0.807673389080177
  ],
  "val_acc_false": [
    0.3556992724333064,
    0.7768795472918351,
    0.570735650767987,
    0.6483427647534358,
    0.7696038803556993,
    0.6879547291835085,
    0.7809215844785772,
    0.7590945836701698,
    0.7728375101050929,
    0.7865804365400162
  ],
  "prompt_ppl_ppx": [
    7530.234922802948,
    7530.234922802948,
    7530.234922802948,
    7530.234922802948,
    7530.234922802948,
    7530.234922802948,
    7530.234922802948,
    7530.234922802948,
    7530.234922802948,
    7530.234922802948
  ]
}