{
  "train_joint": [
    3.2025635151380905,
    0.9712041627155261,
    0.744238908069857,
    0.6018932868590515,
    0.5275774117601052,
    0.4689133819234505,
    0.44499069656548873,
    0.41912838083304715,
    0.39322397769167183,
    0.3671549531181207
  ],
  "train_task": [
    3.2025635151380905,
    0.9712041627155261,
    0.744238908069857,
    0.6018932868590515,
    0.5275774117601052,
    0.4689133819234505,
    0.44499069656548873,
    0.41912838083304715,
    0.39322397769167183,
    0.3671549531181207
  ],
  "val_loss": [
    0.18597185150152298,
    0.1428819206066248,
    0.1406309978627577,
    0.15744472393175452,
    0.22723932720539047,
    0.17217010081541248,
    0.15731103114965486,
    0.18385561450225552,
    0.1962899567150488,
    0.1410251169306476
  ],
  "val_acc": [
    0.6529051987767585,
    0.7171253822629969,
    0.7226299694189603,
    0.6593272171253822,
    0.42691131498470947,
    0.5840978593272171,
    0.645565749235474,
    0.5275229357798165,
    0.5073394495412844,
    0.7162079510703364
  ],
  "val_acc_true": [
    0.6433841613379242,
    0.9291687161829808,
    0.8863748155435317,
    0.5868175110673881,
    0.09001475651746188,
    0.4033448106246926,
    0.5479586817511067,
    0.29070339399901624,
    0.23905558288243975,
    0.9198229217904574
  ],
  "val_acc_false": [
    0.6685529506871464,
    0.36863379143088115,
    0.4535165723524656,
    0.778496362166532,
    0.9805982215036378,
    0.8811641067097817,
    0.8059822150363783,
    0.9167340339531124,
    0.9482619240097009,
    0.38156831042845596
  ],
  "prompt_norm": [
    29.436870574951172,
    39.30165481567383,
    45.9470100402832,
    50.196258544921875,
    53.84381866455078,
    56.68500900268555,
    59.69135284423828,
    62.250789642333984,
    64.84054565429688,
    66.98888397216797
  ]
}