{
  "train_joint": [
    16.924257214149733,
    16.455669773830458,
    16.10723559990358,
    15.818621418985089,
    15.538255492221104,
    15.297361065296645,
    15.0749079736431,
    14.917150113823709,
    14.75664179512624,
    14.501961603057518
  ],
  "train_task": [
    16.924257214149733,
    16.455669773830458,
    16.10723559990358,
    15.818621418985089,
    15.538255492221104,
    15.297361065296645,
    15.0749079736431,
    14.917150113823709,
    14.75664179512624,
    14.501961603057518
  ],
  "val_loss": [
    19.78907469772711,
    19.27696962123964,
    18.842954728661514,
    18.56312544287705,
    18.17684204287645,
    17.894870962747714,
    17.53191315255514,
    17.270711810414383,
    16.982439427259493,
    16.735181347916765
  ],
  "val_acc": [
    0.7614678899082569,
    0.7556574923547401,
    0.7553516819571865,
    0.7571865443425077,
    0.746177370030581,
    0.744954128440367,
    0.7345565749235474,
    0.7308868501529052,
    0.7211009174311926,
    0.7055045871559633
  ],
  "val_acc_true": [
    0.6960157402852927,
    0.6861780619773733,
    0.6817511067388097,
    0.6876537137235612,
    0.6674864731923266,
    0.6665027053615347,
    0.647319232661092,
    0.6414166256763404,
    0.6202656173143138,
    0.5951795376291196
  ],
  "val_acc_false": [
    0.8690379951495554,
    0.8698464025869038,
    0.8763136620856912,
    0.8714632174616006,
    0.8755052546483427,
    0.8738884397736459,
    0.8779304769603881,
    0.8779304769603881,
    0.8868229587712207,
    0.8868229587712207
  ],
  "prompt_norm": [
    2.032041311264038,
    2.03204345703125,
    2.0321431159973145,
    2.0318658351898193,
    2.031651020050049,
    2.0312228202819824,
    2.0311996936798096,
    2.0309629440307617,
    2.0309033393859863,
    2.030994415283203
  ]
}