{
  "train_joint": [
    10.42250376069144,
    4.831219403663378,
    3.0958088459593527,
    2.1909362412570568,
    1.8102698656950105,
    1.5618842370054695,
    1.4814658491129287,
    1.3602244955770086,
    1.3404603372798878,
    1.3739617332983554
  ],
  "train_task": [
    10.42250376069144,
    4.831219403663378,
    3.0958088459593527,
    2.1909362412570568,
    1.8102698656950105,
    1.5618842370054695,
    1.4814658491129287,
    1.3602244955770086,
    1.3404603372798878,
    1.3739617332983554
  ],
  "val_loss": [
    3.4405719373284316,
    0.5420584290492826,
    0.26135286645191474,
    0.21731293612137073,
    0.15697357214805557,
    0.16223535192448918,
    0.1710618159029542,
    0.15680374034294267,
    0.1562741573263959,
    0.16193419418683866
  ],
  "val_acc": [
    0.6877675840978593,
    0.6908256880733945,
    0.6498470948012233,
    0.7030581039755351,
    0.6883792048929663,
    0.6828746177370031,
    0.6663608562691131,
    0.6767584097859327,
    0.6724770642201835,
    0.6486238532110091
  ],
  "val_acc_true": [
    0.7245450073782588,
    0.7368421052631579,
    0.6409247417609444,
    0.8780127889818002,
    0.8814559763895721,
    0.9537629119527792,
    0.9739301524840138,
    0.9611411706837186,
    0.7319232661091982,
    0.9144121987211018
  ],
  "val_acc_false": [
    0.6273241713823767,
    0.6151980598221504,
    0.6645109135004043,
    0.41552142279708976,
    0.37105901374292644,
    0.23767178658043653,
    0.1608730800323363,
    0.20937752627324172,
    0.5747776879547292,
    0.211802748585287
  ],
  "prompt_norm": [
    3.0478127002716064,
    3.683540105819702,
    4.229281425476074,
    4.6914849281311035,
    5.112172603607178,
    5.496340274810791,
    5.864087104797363,
    6.19690465927124,
    6.509615421295166,
    6.828099727630615
  ]
}