{
  "train_joint": [
    17.074309265479613,
    16.54487672441461,
    16.161911102894987,
    15.914648289626903,
    15.59349092419228,
    15.320567720391777,
    15.10309846642312,
    14.887001714813575,
    14.70923670436559,
    14.400450642189282
  ],
  "train_task": [
    17.074309265479613,
    16.54487672441461,
    16.161911102894987,
    15.914648289626903,
    15.59349092419228,
    15.320567720391777,
    15.10309846642312,
    14.887001714813575,
    14.70923670436559,
    14.400450642189282
  ],
  "val_loss": [
    19.638100563607566,
    19.043065680527107,
    18.67683132450755,
    18.28266288943407,
    17.946737787200185,
    17.58748264312744,
    17.237675276035215,
    16.98287753593631,
    16.708998345165718,
    16.223062938597145
  ],
  "val_acc": [
    0.7623853211009174,
    0.7590214067278287,
    0.7541284403669725,
    0.7525993883792049,
    0.7474006116207951,
    0.7299694189602447,
    0.7250764525993884,
    0.7168195718654434,
    0.7085626911314985,
    0.6865443425076453
  ],
  "val_acc_true": [
    0.6989670437776685,
    0.6969995081160846,
    0.6871618298081653,
    0.6812592228234137,
    0.6709296606000984,
    0.6438760452533202,
    0.6305951795376291,
    0.617314313821938,
    0.6010821446138711,
    0.5607476635514018
  ],
  "val_acc_false": [
    0.8666127728375101,
    0.8609539207760711,
    0.8641875505254648,
    0.8698464025869038,
    0.8730800323362975,
    0.8714632174616006,
    0.8803556992724333,
    0.8803556992724333,
    0.8852061438965239,
    0.8932902182700081
  ],
  "prompt_norm": [
    2.0321972370147705,
    2.031973123550415,
    2.0317726135253906,
    2.031707286834717,
    2.031599283218384,
    2.0315613746643066,
    2.0314207077026367,
    2.031409740447998,
    2.031362295150757,
    2.0311930179595947
  ]
}