{
  "train_joint": [
    17.091251023967615,
    17.064062073525417,
    17.01137509292431,
    16.96096717748749,
    16.861939192354008,
    16.8010728021686,
    16.75023215647494,
    16.701267443881946,
    16.704312847437482,
    16.568405880017227
  ],
  "train_task": [
    17.091251023967615,
    17.064062073525417,
    17.01137509292431,
    16.96096717748749,
    16.861939192354008,
    16.8010728021686,
    16.75023215647494,
    16.701267443881946,
    16.704312847437482,
    16.568405880017227
  ],
  "val_loss": [
    20.263422123978778,
    20.215713370718607,
    20.158651007675545,
    20.108445479230184,
    20.04399329394829,
    19.979295637549424,
    19.90604248046875,
    19.829961013793945,
    19.7696203929622,
    19.711129323447622
  ],
  "val_acc": [
    0.763914373088685,
    0.7636085626911315,
    0.7620795107033639,
    0.763914373088685,
    0.763302752293578,
    0.7626911314984709,
    0.7617737003058104,
    0.7611620795107034,
    0.7614678899082569,
    0.7617737003058104
  ],
  "val_acc_true": [
    0.6979832759468766,
    0.6989670437776685,
    0.6989670437776685,
    0.6994589276930644,
    0.6974913920314806,
    0.6979832759468766,
    0.6960157402852927,
    0.6965076242006887,
    0.6960157402852927,
    0.6965076242006887
  ],
  "val_acc_false": [
    0.872271624898949,
    0.8698464025869038,
    0.8658043654001617,
    0.8698464025869038,
    0.8714632174616006,
    0.8690379951495554,
    0.8698464025869038,
    0.8674211802748585,
    0.8690379951495554,
    0.8690379951495554
  ],
  "prompt_norm": [
    2.0320146083831787,
    2.0320088863372803,
    2.0320496559143066,
    2.0320565700531006,
    2.0320773124694824,
    2.0320615768432617,
    2.032088041305542,
    2.03208327293396,
    2.032057762145996,
    2.0320417881011963
  ]
}