{
  "train_joint": [
    17.33424699976203,
    17.356625919127733,
    17.34673748230666,
    17.335861328210722,
    17.343040063407983,
    17.2578915563862,
    17.27771465644408,
    17.260587621538825,
    17.316651603613007,
    17.251385500189965
  ],
  "train_task": [
    17.33424699976203,
    17.356625919127733,
    17.34673748230666,
    17.335861328210722,
    17.343040063407983,
    17.2578915563862,
    17.27771465644408,
    17.260587621538825,
    17.316651603613007,
    17.251385500189965
  ],
  "val_loss": [
    20.30521377935642,
    20.30079603427794,
    20.296924758538967,
    20.2923362359768,
    20.289679587759622,
    20.286281167007076,
    20.282605650366808,
    20.277611495227347,
    20.27251486429354,
    20.267554204056903
  ],
  "val_acc": [
    0.764525993883792,
    0.763914373088685,
    0.7642201834862385,
    0.7642201834862385,
    0.764525993883792,
    0.7642201834862385,
    0.764525993883792,
    0.764525993883792,
    0.7642201834862385,
    0.7648318042813456
  ],
  "val_acc_true": [
    0.6989670437776685,
    0.6984751598622725,
    0.6979832759468766,
    0.6979832759468766,
    0.6984751598622725,
    0.6979832759468766,
    0.6984751598622725,
    0.6984751598622725,
    0.6979832759468766,
    0.6979832759468766
  ],
  "val_acc_false": [
    0.872271624898949,
    0.8714632174616006,
    0.8730800323362975,
    0.8730800323362975,
    0.8730800323362975,
    0.8730800323362975,
    0.8730800323362975,
    0.8730800323362975,
    0.8730800323362975,
    0.8746968472109944
  ],
  "prompt_norm": [
    2.0319619178771973,
    2.031960964202881,
    2.0319631099700928,
    2.031965970993042,
    2.0319671630859375,
    2.031967878341675,
    2.0319693088531494,
    2.031970739364624,
    2.031970262527466,
    2.0319697856903076
  ]
}