{
  "train_joint": [
    7.76429451824574,
    2.593252718582582,
    1.8674902818176184,
    1.5624186748868965,
    1.432785580935103,
    1.3155490012985938,
    1.2579071290037604,
    1.1927039236165164,
    1.178180257724912,
    1.1225371200047183
  ],
  "train_task": [
    7.76429451824574,
    2.593252718582582,
    1.8674902818176184,
    1.5624186748868965,
    1.432785580935103,
    1.3155490012985938,
    1.2579071290037604,
    1.1927039236165164,
    1.178180257724912,
    1.1225371200047183
  ],
  "val_loss": [
    0.6769622581761058,
    0.2028009569499551,
    0.20898897898633306,
    0.18611877208075872,
    0.2013106099716047,
    0.18399475969192458,
    0.16198786359007766,
    0.1662986934548471,
    0.18313067413684797,
    0.16472830249042045
  ],
  "val_acc": [
    0.708256880733945,
    0.6862385321100918,
    0.6363914373088685,
    0.6914373088685015,
    0.6293577981651376,
    0.6712538226299695,
    0.6889908256880733,
    0.6599388379204894,
    0.6779816513761467,
    0.6706422018348623
  ],
  "val_acc_true": [
    0.9026069847515986,
    0.9513034923757994,
    0.5961633054599115,
    0.780619773733399,
    0.6182980816527299,
    0.7894736842105263,
    0.8312838170191835,
    0.7255287752090507,
    0.9517953762911953,
    0.7265125430398426
  ],
  "val_acc_false": [
    0.38884397736459175,
    0.25060630557801133,
    0.7025060630557801,
    0.5448666127728375,
    0.6475343573160873,
    0.47696038803556995,
    0.4551333872271625,
    0.5521422797089733,
    0.22797089733225545,
    0.5788197251414713
  ],
  "prompt_norm": [
    3.0918779373168945,
    3.712844133377075,
    4.228114128112793,
    4.696768283843994,
    5.1080121994018555,
    5.488558769226074,
    5.843964099884033,
    6.164571285247803,
    6.474966049194336,
    6.789975166320801
  ]
}