{
  "train_joint": [
    4.787650446677476,
    2.721014091941748,
    2.0855525844552543,
    1.9022087914890118,
    1.6299921915772255,
    1.4321384277571454,
    1.2599670465742605,
    1.1325255778398406,
    1.0568671992320693,
    1.0110627610361977
  ],
  "train_task": [
    4.787650446677476,
    2.721014091941748,
    2.0855525844552543,
    1.9022087914890118,
    1.6299921915772255,
    1.4321384277571454,
    1.2599670465742605,
    1.1325255778398406,
    1.0568671992320693,
    1.0110627610361977
  ],
  "val_loss": [
    0.8911784568937814,
    0.3340938467078093,
    0.3637012934721098,
    0.18255526510680595,
    0.23559567459472797,
    0.18180409811618853,
    0.17338346384647416,
    0.15517041639583867,
    0.15502832441068276,
    0.15321488405873135
  ],
  "val_acc": [
    0.6516819571865443,
    0.6828746177370031,
    0.6831804281345566,
    0.6963302752293578,
    0.4782874617737003,
    0.5746177370030581,
    0.6785932721712539,
    0.6669724770642201,
    0.6697247706422018,
    0.6773700305810397
  ],
  "val_acc_true": [
    0.9945892769306444,
    0.9655681259222824,
    0.9729463846532218,
    0.8362026561731432,
    0.21003443187407772,
    0.42252828332513526,
    0.970486965076242,
    0.7407771765863256,
    0.7279881947860305,
    0.7560255779636006
  ],
  "val_acc_false": [
    0.08811641067097817,
    0.21827000808407437,
    0.20695230396119643,
    0.4664510913500404,
    0.9191592562651576,
    0.824575586095392,
    0.19886822958771222,
    0.5456750202101859,
    0.5739692805173807,
    0.5481002425222312
  ],
  "prompt_norm": [
    20.77606201171875,
    28.421110153198242,
    33.75898742675781,
    38.316688537597656,
    42.11003875732422,
    45.758155822753906,
    48.99574661254883,
    51.57599639892578,
    53.84315872192383,
    55.7715950012207
  ]
}