{
  "train_joint": [
    5.631539792693063,
    2.2700930332869627,
    1.5096620804808114,
    1.3199433867851,
    1.2541533714599824,
    1.1341583211770219,
    1.1129302275314759,
    1.0837290575665035,
    1.0337017767215042,
    1.0174671259488952
  ],
  "train_task": [
    5.631539792693063,
    2.2700930332869627,
    1.5096620804808114,
    1.3199433867851,
    1.2541533714599824,
    1.1341583211770219,
    1.1129302275314759,
    1.0837290575665035,
    1.0337017767215042,
    1.0174671259488952
  ],
  "val_loss": [
    0.31781776300290737,
    0.1672097856315171,
    0.1697163636001145,
    0.16469084227957376,
    0.16699958668976295,
    0.21190472441475566,
    0.16145075526906222,
    0.16698595296318938,
    0.1931532494360354,
    0.23247568610964753
  ],
  "val_acc": [
    0.6498470948012233,
    0.6639143730886851,
    0.6458715596330276,
    0.6397553516819572,
    0.6201834862385321,
    0.6247706422018349,
    0.6596330275229357,
    0.636697247706422,
    0.6333333333333333,
    0.6244648318042814
  ],
  "val_acc_true": [
    0.9758976881455976,
    0.9390063944909002,
    0.9906542056074766,
    0.7973438268568618,
    0.6576487948844073,
    0.999508116084604,
    0.9739301524840138,
    0.9503197245450073,
    0.9955730447614363,
    1.0
  ],
  "val_acc_false": [
    0.11398544866612773,
    0.211802748585287,
    0.07922392886014551,
    0.3807599029911075,
    0.5586095392077607,
    0.00889248181083266,
    0.14308811641067098,
    0.12126111560226355,
    0.03799514955537591,
    0.007275666936135812
  ],
  "prompt_norm": [
    21.174211502075195,
    28.835302352905273,
    34.39512252807617,
    39.110511779785156,
    43.269378662109375,
    46.807525634765625,
    50.16181945800781,
    53.01180648803711,
    55.71514892578125,
    58.22983932495117
  ]
}