{
  "train_joint": [
    4.7942937542883195,
    1.5471266441130906,
    1.0333395862177517,
    0.8129517687840409,
    0.7286579136768084,
    0.6596659600399853,
    0.6358419387862924,
    0.6105989160832395,
    0.5719911592060261,
    0.5390700096494696
  ],
  "train_task": [
    4.7942937542883195,
    1.5471266441130906,
    1.0333395862177517,
    0.8129517687840409,
    0.7286579136768084,
    0.6596659600399853,
    0.6358419387862924,
    0.6105989160832395,
    0.5719911592060261,
    0.5390700096494696
  ],
  "val_loss": [
    0.3996478489259394,
    0.17640103454270015,
    0.15970083293391438,
    0.1503122207231638,
    0.22197472176900723,
    0.20433041911299635,
    0.2118170023509642,
    0.1525634477414736,
    0.15452350745113885,
    0.15377607283795752
  ],
  "val_acc": [
    0.6513761467889908,
    0.6700305810397553,
    0.6629969418960244,
    0.6889908256880733,
    0.43486238532110094,
    0.46972477064220186,
    0.6376146788990825,
    0.6703363914373088,
    0.6663608562691131,
    0.673394495412844
  ],
  "val_acc_true": [
    0.9965568125922283,
    0.8927693064436792,
    0.76586325627152,
    0.897688145597639,
    0.132316773241515,
    0.1982292179045745,
    0.9955730447614363,
    0.9493359567142154,
    0.9517953762911953,
    0.9685194294146582
  ],
  "val_acc_false": [
    0.08407437348423606,
    0.3039611964430073,
    0.4939369442198868,
    0.3459983831851253,
    0.9320937752627324,
    0.9159256265157639,
    0.04931285367825384,
    0.211802748585287,
    0.19725141471301536,
    0.1883589329021827
  ],
  "prompt_norm": [
    195.43267822265625,
    219.93789672851562,
    231.8777313232422,
    236.25698852539062,
    239.09474182128906,
    243.50814819335938,
    248.2550811767578,
    254.16107177734375,
    256.39337158203125,
    255.2445831298828
  ]
}