{
  "train_joint": [
    17.31041375492396,
    17.28714396658908,
    17.232830171906546,
    17.19307756959722,
    17.126681186375993,
    17.014721542529845,
    16.996121547999007,
    16.910076758566866,
    16.91142294380102,
    16.79069219867835
  ],
  "train_task": [
    17.31041375492396,
    17.28714396658908,
    17.232830171906546,
    17.19307756959722,
    17.126681186375993,
    17.014721542529845,
    16.996121547999007,
    16.910076758566866,
    16.91142294380102,
    16.79069219867835
  ],
  "val_loss": [
    20.270654492261933,
    20.225862344881385,
    20.179174590692288,
    20.123449018524916,
    20.066762970715033,
    19.997767043695216,
    19.93449449306581,
    19.866151893429638,
    19.79320238625131,
    19.726088212176066
  ],
  "val_acc": [
    0.7636085626911315,
    0.7623853211009174,
    0.7608562691131499,
    0.7642201834862385,
    0.763914373088685,
    0.7657492354740061,
    0.764525993883792,
    0.7614678899082569,
    0.7599388379204893,
    0.7611620795107034
  ],
  "val_acc_true": [
    0.6974913920314806,
    0.6979832759468766,
    0.6969995081160846,
    0.7004426955238564,
    0.7004426955238564,
    0.7019183472700443,
    0.7004426955238564,
    0.6969995081160846,
    0.6945400885391048,
    0.6974913920314806
  ],
  "val_acc_false": [
    0.872271624898949,
    0.8682295877122069,
    0.8658043654001617,
    0.8690379951495554,
    0.8682295877122069,
    0.8706548100242523,
    0.8698464025869038,
    0.8674211802748585,
    0.8674211802748585,
    0.8658043654001617
  ],
  "prompt_norm": [
    2.0319929122924805,
    2.032015562057495,
    2.0320260524749756,
    2.032025098800659,
    2.0319905281066895,
    2.031956672668457,
    2.0319759845733643,
    2.0319864749908447,
    2.0319924354553223,
    2.032010793685913
  ]
}