{
  "lambda_ppl": 0.0,
  "train_joint": [
    16.346986972679527,
    16.35076216519889,
    16.406755596096232,
    16.462091686766026,
    16.379651649927688
  ],
  "train_task": [
    16.346986972679527,
    16.35076216519889,
    16.406755596096232,
    16.462091686766026,
    16.379651649927688
  ],
  "train_ppl_loss": [
    0.0,
    0.0,
    0.0,
    0.0,
    0.0
  ],
  "train_ppl_ppx": [
    0.0,
    0.0,
    0.0,
    0.0,
    0.0
  ],
  "val_loss": [
    21.21709246751739,
    21.149248951237375,
    20.491620226604184,
    21.57192924313429,
    21.319177153052355
  ],
  "val_acc": [
    0.7941896024464832,
    0.791743119266055,
    0.7923547400611621,
    0.7941896024464832,
    0.789908256880734
  ],
  "val_acc_true": [
    0.7983275946876537,
    0.793408755533694,
    0.7894736842105263,
    0.8032464338416134,
    0.7791441219872111
  ],
  "val_acc_false": [
    0.7873888439773646,
    0.7890056588520614,
    0.7970897332255457,
    0.7793047696038804,
    0.8075990299110751
  ],
  "prompt_ppl_ppx": [
    0.0,
    0.0,
    0.0,
    0.0,
    0.0
  ]
}