{
  "lambda_ppl": 0.75,
  "train_joint": [
    22.854873786538334,
    22.7812547586732,
    22.83778470572779,
    22.888526486542265,
    22.87385659298654
  ],
  "train_task": [
    16.336590547076728,
    16.305257200790663,
    16.35856813495442,
    16.41176759428897,
    16.383264299166406
  ],
  "train_ppl_loss": [
    8.691044311200159,
    8.634663412126445,
    8.638955492084309,
    8.635678528931182,
    8.654123028254105
  ],
  "train_ppl_ppx": [
    9889.379630617486,
    9922.575147226398,
    10586.321530339541,
    9493.160906967303,
    9122.378160874188
  ],
  "val_loss": [
    20.211797574671305,
    21.350503493518364,
    20.075097805116236,
    20.155467754457057,
    22.647932052612305
  ],
  "val_acc": [
    0.7923547400611621,
    0.8009174311926606,
    0.7819571865443425,
    0.7929663608562691,
    0.8009174311926606
  ],
  "val_acc_true": [
    0.794392523364486,
    0.8145597638957206,
    0.7609444171175602,
    0.7909493359567142,
    0.8219380226266602
  ],
  "val_acc_false": [
    0.7890056588520614,
    0.778496362166532,
    0.8164915117219078,
    0.7962813257881972,
    0.7663702506063056
  ],
  "prompt_ppl_ppx": [
    5695.856821500305,
    21533.137952254772,
    3971.04344665821,
    1278.2635659758341,
    9078.364809208464
  ]
}