{
  "lambda_ppl": 0.01,
  "train_joint": [
    16.53320562394999,
    16.42464308334609,
    16.474448918488065,
    16.419596602553028,
    16.48703823574519
  ],
  "train_task": [
    16.447164981648072,
    16.338243414991993,
    16.38836866475768,
    16.33271433943409,
    16.400367567094705
  ],
  "train_ppl_loss": [
    8.604064054812415,
    8.639965149507685,
    8.608026955491406,
    8.688226496163061,
    8.667065681037256
  ],
  "train_ppl_ppx": [
    8759.789361846559,
    10988.223810181888,
    8672.684772115386,
    9710.678654257134,
    10890.182330911022
  ],
  "val_loss": [
    20.551937345179116,
    21.002415382571336,
    21.03217124938965,
    19.823011035453984,
    21.913656448736422
  ],
  "val_acc": [
    0.7960244648318043,
    0.7951070336391437,
    0.7975535168195719,
    0.789908256880734,
    0.8039755351681958
  ],
  "val_acc_true": [
    0.8061977373339891,
    0.8002951303492376,
    0.8106246925725529,
    0.8012788981800295,
    0.8180029513034923
  ],
  "val_acc_false": [
    0.7793047696038804,
    0.7865804365400162,
    0.7760711398544866,
    0.7712206952303962,
    0.7809215844785772
  ],
  "prompt_ppl_ppx": [
    28445.545132198597,
    3309.0861334806127,
    1587.77896020548,
    5310.256611482846,
    2595.074653792713
  ]
}