{
  "lambda_ppl": 0.25,
  "train_joint": [
    18.505174895464364,
    18.568751658423473,
    18.59220736390453,
    18.562706263590666,
    18.591091692649712
  ],
  "train_task": [
    16.328074015601207,
    16.41017915111477,
    16.409560180922686,
    16.41972501560793,
    16.413846235760186
  ],
  "train_ppl_loss": [
    8.708403485508288,
    8.63429023613364,
    8.730588728694592,
    8.571924906261897,
    8.708982031224137
  ],
  "train_ppl_ppx": [
    10368.929375729262,
    8870.423487702157,
    10277.238852636974,
    8302.972041730643,
    10527.521558380122
  ],
  "val_loss": [
    21.63770893376048,
    21.70500554340642,
    21.70746525089915,
    20.819892204098586,
    21.861311740410038
  ],
  "val_acc": [
    0.7932721712538227,
    0.790519877675841,
    0.7801223241590214,
    0.7908256880733945,
    0.7963302752293578
  ],
  "val_acc_true": [
    0.7958681751106739,
    0.7953762911952779,
    0.7447122479094933,
    0.7909493359567142,
    0.8071815051647812
  ],
  "val_acc_false": [
    0.7890056588520614,
    0.7825383993532741,
    0.8383185125303153,
    0.7906224737267583,
    0.778496362166532
  ],
  "prompt_ppl_ppx": [
    2004.6346926058,
    2775.2374564380502,
    27124.53042010462,
    1381.2179990052603,
    4581.972726047166
  ]
}