{
  "lambda_ppl": 0.05,
  "train_joint": [
    16.783739167552884,
    16.8824077687021,
    16.771710602711824,
    16.782376328161206,
    16.79698672537076
  ],
  "train_task": [
    16.350019563254662,
    16.449501412601794,
    16.33954635878741,
    16.347137258820613,
    16.361915515641034
  ],
  "train_ppl_loss": [
    8.674391596196061,
    8.658127270714711,
    8.643285036895234,
    8.704781414290606,
    8.701424588187265
  ],
  "train_ppl_ppx": [
    10531.66911525797,
    9682.015270883614,
    9904.058030808465,
    10822.465643093652,
    10215.466934229345
  ],
  "val_loss": [
    21.01813989964927,
    20.936493747990305,
    21.42553538810916,
    20.99687934503323,
    21.49301954129847
  ],
  "val_acc": [
    0.7865443425076453,
    0.8009174311926606,
    0.7966360856269113,
    0.7944954128440367,
    0.7902140672782875
  ],
  "val_acc_true": [
    0.7757009345794392,
    0.8160354156419085,
    0.809149040826365,
    0.7963600590260699,
    0.7737333989178554
  ],
  "val_acc_false": [
    0.8043654001616815,
    0.7760711398544866,
    0.7760711398544866,
    0.7914308811641068,
    0.8172999191592563
  ],
  "prompt_ppl_ppx": [
    1348.519110083547,
    6416.544045680022,
    2124.18361439412,
    3555.267579536508,
    29582.636274355707
  ]
}