{
  "lambda_ppl": 0.1,
  "train_joint": [
    17.196449536792304,
    17.241386366698702,
    17.253454717539125,
    17.253190483481198,
    17.23444856061774
  ],
  "train_task": [
    16.325910810696875,
    16.375551018472446,
    16.39373203212932,
    16.382424779665673,
    16.371469497680664
  ],
  "train_ppl_loss": [
    8.705387559179533,
    8.65835328506211,
    8.597226900165364,
    8.707657164234226,
    8.629790679479049
  ],
  "train_ppl_ppx": [
    11072.633297749133,
    10245.164114450827,
    10258.0986353447,
    10130.292833018813,
    10680.377075948365
  ],
  "val_loss": [
    19.92642225870272,
    21.299928153433452,
    22.192496202050187,
    20.98527368685094,
    21.73819379108708
  ],
  "val_acc": [
    0.7935779816513762,
    0.7877675840978593,
    0.7954128440366972,
    0.7987767584097859,
    0.7951070336391437
  ],
  "val_acc_true": [
    0.8022626660108214,
    0.7919331037875061,
    0.8116084604033448,
    0.8130841121495327,
    0.8071815051647812
  ],
  "val_acc_false": [
    0.7793047696038804,
    0.7809215844785772,
    0.7687954729183508,
    0.7752627324171383,
    0.7752627324171383
  ],
  "prompt_ppl_ppx": [
    4716.194014832972,
    1951.193802277706,
    4120.695335234981,
    5990.929543188954,
    1661.2223276331456
  ]
}