{
  "lambda_ppl": 0.5,
  "train_joint": [
    20.7892433683751,
    20.732777886471506,
    20.689602638503253,
    20.762938554408187,
    20.72479174985724
  ],
  "train_task": [
    16.43082938113455,
    16.40265012676433,
    16.328762338929256,
    16.431697809898246,
    16.40167823565208
  ],
  "train_ppl_loss": [
    8.716827988220473,
    8.660255496784792,
    8.721680568436446,
    8.662481458308333,
    8.646227000123364
  ],
  "train_ppl_ppx": [
    11515.968935757393,
    25215.23908565769,
    11483.233380626714,
    10459.691604218415,
    9239.21003345003
  ],
  "val_loss": [
    21.20164967978873,
    21.390535075490067,
    22.022879167882408,
    20.934330265696456,
    20.986210101988256
  ],
  "val_acc": [
    0.7966360856269113,
    0.7969418960244649,
    0.7960244648318043,
    0.7975535168195719,
    0.7847094801223241
  ],
  "val_acc_true": [
    0.8052139695031972,
    0.8125922282341368,
    0.7963600590260699,
    0.8155435317265125,
    0.7727496310870634
  ],
  "val_acc_false": [
    0.7825383993532741,
    0.7712206952303962,
    0.7954729183508489,
    0.7679870654810024,
    0.8043654001616815
  ],
  "prompt_ppl_ppx": [
    1647.475817572844,
    737.6386813219098,
    3433.8374876077014,
    8615.370364837025,
    14340.236740358807
  ]
}