{
  "lambda_ppl": 0.01,
  "train_joint": [
    16.612128857816202,
    16.684292647543916,
    16.621136230297303,
    16.558891793583218,
    16.60700136677603,
    16.612801905428427,
    16.64111599654294,
    16.7029868865281,
    16.677448679891864,
    16.619321855266442
  ],
  "train_task": [
    16.525750209508317,
    16.596952226188744,
    16.534342926539733,
    16.472406929530454,
    16.52085090808654,
    16.526592689685607,
    16.554685611939163,
    16.616740719655926,
    16.590541856744316,
    16.531716963950167
  ],
  "train_ppl_loss": [
    8.637863932834582,
    8.734040901098359,
    8.67932982391186,
    8.648484515072255,
    8.615042776472112,
    8.620923693796222,
    8.643033702721757,
    8.624611570594016,
    8.690679971287759,
    8.760490431410544
  ],
  "train_ppl_ppx": [
    9634.317162442178,
    11969.556294245838,
    10240.239910192917,
    10039.28790657702,
    9272.409495311536,
    8889.572138986796,
    10001.840640613724,
    9645.224420538174,
    10766.287907269132,
    11437.825137881184
  ],
  "val_loss": [
    19.615100609383934,
    20.628468611182235,
    21.115836278403677,
    22.83089513080876,
    21.861072307679713,
    20.62774507476062,
    20.13156902964522,
    21.61232545433975,
    21.3939913028624,
    21.391889572143555
  ],
  "val_acc": [
    0.7908256880733945,
    0.7886850152905199,
    0.7951070336391437,
    0.789908256880734,
    0.7883792048929663,
    0.7941896024464832,
    0.790519877675841,
    0.7856269113149847,
    0.7926605504587156,
    0.7978593272171254
  ],
  "val_acc_true": [
    0.7993113625184457,
    0.7894736842105263,
    0.8052139695031972,
    0.792916871618298,
    0.7663551401869159,
    0.7983275946876537,
    0.793408755533694,
    0.7678307919331038,
    0.807673389080177,
    0.8121003443187408
  ],
  "val_acc_false": [
    0.7768795472918351,
    0.7873888439773646,
    0.778496362166532,
    0.7849636216653193,
    0.824575586095392,
    0.7873888439773646,
    0.7857720291026677,
    0.814874696847211,
    0.7679870654810024,
    0.7744543249797898
  ],
  "prompt_ppl_ppx": [
    13829.631600845205,
    3714.9780898689264,
    3666.8892318894495,
    10243.64863327383,
    9718.351442426463,
    5204.950221863463,
    17774.03299585463,
    669.4049216514195,
    5435.817641569252,
    4042.130901284255
  ]
}