{
  "lambda_ppl": 0.75,
  "train_joint": [
    23.11927703257357,
    23.08936735003182,
    23.13104966838708,
    23.035719342178172,
    23.107152964559834,
    23.161109259959016,
    23.008717551927887,
    23.0525889021627,
    23.041806887508777,
    23.009022209081756
  ],
  "train_task": [
    16.57576051133402,
    16.583844433473736,
    16.57940635895461,
    16.571399868740123,
    16.586522530973628,
    16.592282818140607,
    16.560421315739664,
    16.569056350193666,
    16.52334175538481,
    16.534931343592955
  ],
  "train_ppl_loss": [
    8.724688690699889,
    8.674030554696415,
    8.735524452938122,
    8.619092604819308,
    8.694173895375112,
    8.75843528683266,
    8.59772836277994,
    8.644710062862782,
    8.691286834973967,
    8.632121169701051
  ],
  "train_ppl_ppx": [
    11668.207646720195,
    11215.072386266002,
    11659.261766562298,
    9104.204570749018,
    11413.177561898186,
    10822.586504685813,
    9908.726712651047,
    10042.568286960017,
    9957.81332627018,
    9922.684164203232
  ],
  "val_loss": [
    20.785706552645056,
    20.579642542397103,
    20.805225642134502,
    18.688540565676806,
    21.096533379903654,
    21.445547578392958,
    20.26304189170279,
    21.264141445625118,
    21.707668769650343,
    21.99747172099788
  ],
  "val_acc": [
    0.7984709480122324,
    0.7960244648318043,
    0.7951070336391437,
    0.7840978593272171,
    0.7880733944954128,
    0.7960244648318043,
    0.7963302752293578,
    0.7951070336391437,
    0.7954128440366972,
    0.7966360856269113
  ],
  "val_acc_true": [
    0.8253812100344319,
    0.8032464338416134,
    0.8111165764879489,
    0.7732415150024594,
    0.7865223807181505,
    0.809149040826365,
    0.807673389080177,
    0.8037383177570093,
    0.8022626660108214,
    0.8047220855878012
  ],
  "val_acc_false": [
    0.7542441390460792,
    0.7841552142279709,
    0.7687954729183508,
    0.8019401778496362,
    0.7906224737267583,
    0.7744543249797898,
    0.7776879547291835,
    0.7809215844785772,
    0.7841552142279709,
    0.7833468067906225
  ],
  "prompt_ppl_ppx": [
    7593.3567323257375,
    16860.21177028667,
    5942.981377136886,
    8824.89440957363,
    3165.8680786001128,
    8362.368686461876,
    10004.54179984867,
    7790.720235453022,
    3130.9069053086364,
    3737.2085918021953
  ]
}