{
  "lambda_ppl": 1.0,
  "train_joint": [
    25.18097010837512,
    25.26788140200497,
    25.228005964300607,
    25.194081077147064,
    25.28123505410184,
    25.16664086245419,
    25.231292707464668,
    25.114028159152255,
    25.325725962606707,
    25.179855458120283
  ],
  "train_task": [
    16.512883077042826,
    16.51904841862368,
    16.533771326300805,
    16.51099719358294,
    16.538607648785195,
    16.497382056847048,
    16.554054950328357,
    16.46244793795468,
    16.5987746420871,
    16.467861923474945
  ],
  "train_ppl_loss": [
    8.668087028117663,
    8.748832964093497,
    8.69423467336076,
    8.683083906066551,
    8.742627462108484,
    8.669258835610378,
    8.67723779999808,
    8.65158022441221,
    8.726951330163505,
    8.711993529287616
  ],
  "train_ppl_ppx": [
    11050.663194492192,
    11203.962603553293,
    10121.9459829835,
    12878.803491304292,
    11855.706245098449,
    10546.083579393968,
    10486.53338501311,
    9890.963563911135,
    11130.24066450652,
    11513.037063469916
  ],
  "val_loss": [
    20.036522497781892,
    19.929929630930832,
    21.313887172792015,
    21.20071774924674,
    20.20593458966511,
    21.227761301180212,
    20.671842230820076,
    21.79623826189739,
    20.459717383035798,
    22.016246237405916
  ],
  "val_acc": [
    0.7877675840978593,
    0.7847094801223241,
    0.7871559633027523,
    0.7948012232415902,
    0.7978593272171254,
    0.7957186544342507,
    0.7929663608562691,
    0.7969418960244649,
    0.7981651376146789,
    0.7993883792048929
  ],
  "val_acc_true": [
    0.7742252828332513,
    0.7707820954254796,
    0.7835710772257747,
    0.8106246925725529,
    0.8199704869650762,
    0.809640924741761,
    0.8032464338416134,
    0.8140678799803246,
    0.8081652729955731,
    0.8258730939498279
  ],
  "val_acc_false": [
    0.8100242522231205,
    0.8075990299110751,
    0.7930476960388035,
    0.7687954729183508,
    0.761519805982215,
    0.7728375101050929,
    0.7760711398544866,
    0.7687954729183508,
    0.7817299919159256,
    0.7558609539207761
  ],
  "prompt_ppl_ppx": [
    5950.5468585738645,
    5820.074471807418,
    1069.9121093573376,
    2838.7306310916047,
    10814.44603249035,
    2807.7689880647954,
    56092.11656486477,
    10871.889322797262,
    1854.5666958746067,
    5194.923033940462
  ]
}