{
  "lambda_ppl": 0.5,
  "train_joint": [
    20.905390660146647,
    20.79406986879499,
    20.908245609583478,
    20.97451302174772,
    20.814027649097227,
    20.797317020544845,
    20.895231894160926,
    20.868010523078148,
    20.83160138076611,
    20.92985963285639
  ],
  "train_task": [
    16.594522094726564,
    16.482901883928964,
    16.579344370124044,
    16.631793605075792,
    16.53885870087013,
    16.487678538547474,
    16.532248214121616,
    16.528711619002095,
    16.510672749294322,
    16.583840134438503
  ],
  "train_ppl_loss": [
    8.621737157628777,
    8.622335970803594,
    8.657802506779017,
    8.685438847273923,
    8.550337912527363,
    8.619276956493936,
    8.725967344005456,
    8.678597813509823,
    8.641857241512684,
    8.692038952902461
  ],
  "train_ppl_ppx": [
    9220.6599128271,
    9522.299726993213,
    10096.105081580663,
    9738.849248606157,
    8524.804684484494,
    10710.502164693055,
    11555.844616686285,
    10404.449959002348,
    10762.30849157207,
    11726.650083386014
  ],
  "val_loss": [
    21.803002455176376,
    21.24842868897973,
    21.55150855459818,
    19.626080694431213,
    21.97747553383432,
    20.55104754378156,
    21.63405167184225,
    20.591141268102135,
    22.458933453443574,
    21.27072044930807
  ],
  "val_acc": [
    0.7932721712538227,
    0.7844036697247706,
    0.7920489296636085,
    0.791131498470948,
    0.7969418960244649,
    0.7935779816513762,
    0.7966360856269113,
    0.8024464831804281,
    0.7920489296636085,
    0.7902140672782875
  ],
  "val_acc_true": [
    0.793408755533694,
    0.7717658632562715,
    0.7855386128873586,
    0.7988194786030497,
    0.8150516478111166,
    0.8022626660108214,
    0.8066896212493851,
    0.8322675848499754,
    0.7914412198721101,
    0.7884899163797344
  ],
  "val_acc_false": [
    0.7930476960388035,
    0.8051738075990299,
    0.8027485852869847,
    0.778496362166532,
    0.767178658043654,
    0.7793047696038804,
    0.7801131770412287,
    0.7534357316087308,
    0.7930476960388035,
    0.7930476960388035
  ],
  "prompt_ppl_ppx": [
    9601.053810039466,
    6836.605761462277,
    2302.291287774162,
    5952.0622454478735,
    2582.1806201759405,
    26879.048655584404,
    8415.466468672977,
    34989.719287600834,
    2200.301379881165,
    5685.518270176328
  ]
}