{
  "lambda_ppl": 0.05,
  "train_joint": [
    16.97594139870633,
    17.00554426814733,
    16.965012674653128,
    16.960692686445256,
    16.95657713600759,
    17.022275217463463,
    16.940671376431926,
    16.898004939047137,
    16.94498993091369,
    17.02528199399455
  ],
  "train_task": [
    16.543409533982867,
    16.570657297198693,
    16.533797026216313,
    16.52856233361062,
    16.523155302412054,
    16.584965470131863,
    16.512171220243648,
    16.460536783196954,
    16.511972176626827,
    16.592705205853065
  ],
  "train_ppl_loss": [
    8.650637314828595,
    8.697739831517252,
    8.62431311125166,
    8.642606248748436,
    8.668436377236013,
    8.746195778150238,
    8.570003337002872,
    8.749363228444302,
    8.660354540321265,
    8.651535788546788
  ],
  "train_ppl_ppx": [
    9427.359865709956,
    22003.523929958046,
    9223.004470555243,
    9183.184600484541,
    10990.209143881752,
    12803.80822242592,
    8355.823204557986,
    12743.9480550641,
    10190.456988325972,
    10505.264311383862
  ],
  "val_loss": [
    20.75508386565418,
    21.63163014853873,
    21.213701480772436,
    21.481099077550375,
    21.780518796967296,
    20.99670435277427,
    22.329489740511267,
    21.774021139377503,
    20.874213846718394,
    21.39239419146282
  ],
  "val_acc": [
    0.7886850152905199,
    0.7938837920489297,
    0.7960244648318043,
    0.7938837920489297,
    0.7951070336391437,
    0.7902140672782875,
    0.7880733944954128,
    0.7941896024464832,
    0.7923547400611621,
    0.7960244648318043
  ],
  "val_acc_true": [
    0.792916871618298,
    0.7816035415641909,
    0.8086571569109691,
    0.7914412198721101,
    0.8007870142646335,
    0.8002951303492376,
    0.7850467289719626,
    0.7983275946876537,
    0.794884407279882,
    0.7983275946876537
  ],
  "val_acc_false": [
    0.7817299919159256,
    0.8140662894098626,
    0.7752627324171383,
    0.7978981406628941,
    0.7857720291026677,
    0.7736459175424414,
    0.7930476960388035,
    0.7873888439773646,
    0.788197251414713,
    0.7922392886014551
  ],
  "prompt_ppl_ppx": [
    12126.838190778402,
    5245.347935117406,
    3221.4846963789796,
    10759.871300031897,
    42896.965079129914,
    10473.936399941867,
    24280.51062200651,
    11507.121220318417,
    3391.395776309089,
    2183.8521429541024
  ]
}