{
  "lambda_ppl": 0.1,
  "train_joint": [
    17.39586336371604,
    17.340807968311097,
    17.467896641506236,
    17.437289769461984,
    17.422040274973664,
    17.421084296837282,
    17.35280650063847,
    17.436132040988195,
    17.392906471852505,
    17.46993916115064
  ],
  "train_task": [
    16.53010447855746,
    16.475333106651735,
    16.599393195248723,
    16.575459036666356,
    16.546113129947962,
    16.555333621850174,
    16.494306326448246,
    16.55905648563685,
    16.529757336820108,
    16.602992017081615
  ],
  "train_ppl_loss": [
    8.657588763719195,
    8.654748357279917,
    8.685034235407796,
    8.61830743939689,
    8.759271278809965,
    8.657506688793054,
    8.58500127685204,
    8.770755239550986,
    8.631491178876898,
    8.669471331392781
  ],
  "train_ppl_ppx": [
    8882.447511039692,
    9260.474301945658,
    11900.827225513143,
    10994.68461872464,
    9994.074363658621,
    9770.951813257912,
    8853.948846832369,
    11737.5683894737,
    10452.144501312538,
    9585.833217772917
  ],
  "val_loss": [
    20.947214954655344,
    21.651322797449623,
    21.133872148467272,
    21.13477839027963,
    21.9728316981618,
    21.748981243226588,
    21.866894652203815,
    22.20011384545303,
    21.53234554383813,
    21.5909655780327
  ],
  "val_acc": [
    0.7960244648318043,
    0.7902140672782875,
    0.7902140672782875,
    0.7932721712538227,
    0.7914373088685015,
    0.8018348623853211,
    0.791131498470948,
    0.8006116207951071,
    0.791743119266055,
    0.7975535168195719
  ],
  "val_acc_true": [
    0.8037383177570093,
    0.7899655681259223,
    0.7914412198721101,
    0.7978357107722578,
    0.7924249877029022,
    0.8219380226266602,
    0.8002951303492376,
    0.8312838170191835,
    0.7988194786030497,
    0.809640924741761
  ],
  "val_acc_false": [
    0.7833468067906225,
    0.7906224737267583,
    0.788197251414713,
    0.7857720291026677,
    0.7898140662894099,
    0.7687954729183508,
    0.7760711398544866,
    0.7502021018593371,
    0.7801131770412287,
    0.7776879547291835
  ],
  "prompt_ppl_ppx": [
    20274.689469335208,
    6565.714297995148,
    9219.332198062988,
    2360.622696034761,
    514.5777652750901,
    8480.442605322381,
    6741.579851730552,
    101294.39923777488,
    12045.313826798467,
    11548.997373862028
  ]
}