{
  "lambda_ppl": 0.25,
  "train_joint": [
    18.738550704784608,
    18.670075594441276,
    18.75649356627732,
    18.681431431716746,
    18.79139777622866,
    18.661326363381374,
    18.799670242995358,
    18.682091937975937,
    18.718002141459603,
    18.725445948825794
  ],
  "train_task": [
    16.566881689864598,
    16.476968028036396,
    16.57471652084522,
    16.518568724728702,
    16.612296828795014,
    16.494989990920164,
    16.606751536251455,
    16.52357201094038,
    16.531437323066626,
    16.545326873693572
  ],
  "train_ppl_loss": [
    8.686676138974308,
    8.772430170252083,
    8.727108292097457,
    8.651450911532628,
    8.71640383795406,
    8.665345615215516,
    8.771674961990184,
    8.634079769220245,
    8.746259447162071,
    8.72047622873542
  ],
  "train_ppl_ppx": [
    10633.73084629134,
    11155.309221384588,
    10290.238973464484,
    37140.235883975394,
    10212.967374615091,
    10389.296781962723,
    10969.94403895055,
    9655.237442468711,
    10360.073675597252,
    11470.96728972152
  ],
  "val_loss": [
    21.613610774714772,
    20.92277826448766,
    21.947625862679832,
    21.814042849657014,
    21.516273572968274,
    20.364943769501476,
    22.018414362465464,
    20.944699171112806,
    21.369565880007862,
    21.18548272295696
  ],
  "val_acc": [
    0.7896024464831805,
    0.7883792048929663,
    0.7923547400611621,
    0.7948012232415902,
    0.7978593272171254,
    0.7877675840978593,
    0.8012232415902141,
    0.8012232415902141,
    0.7978593272171254,
    0.7948012232415902
  ],
  "val_acc_true": [
    0.7899655681259223,
    0.7894736842105263,
    0.7894736842105263,
    0.7963600590260699,
    0.8219380226266602,
    0.7791441219872111,
    0.822429906542056,
    0.8189867191342843,
    0.8121003443187408,
    0.8086571569109691
  ],
  "val_acc_false": [
    0.7890056588520614,
    0.7865804365400162,
    0.7970897332255457,
    0.7922392886014551,
    0.7582861762328214,
    0.8019401778496362,
    0.7663702506063056,
    0.7720291026677445,
    0.7744543249797898,
    0.7720291026677445
  ],
  "prompt_ppl_ppx": [
    5239.3935142057835,
    3166.6894094464656,
    11726.136291669336,
    4392.108378018582,
    3247.9310350907367,
    2040.1158436682736,
    15120.15748337757,
    31529.858408600958,
    9690.041509748979,
    7011.410887440022
  ]
}