{
  "lambda_ppl": 0.0,
  "train_joint": [
    16.57779143472736,
    16.538678404990208,
    16.56070794523432,
    16.481656404559534,
    16.644426041506648,
    16.59037135906434,
    16.518516849132066,
    16.51206763192509,
    16.543728967730917,
    16.594603851404084
  ],
  "train_task": [
    16.57779143472736,
    16.538678404990208,
    16.56070794523432,
    16.481656404559534,
    16.644426041506648,
    16.59037135906434,
    16.518516849132066,
    16.51206763192509,
    16.543728967730917,
    16.594603851404084
  ],
  "train_ppl_loss": [
    0.0,
    0.0,
    0.0,
    0.0,
    0.0,
    0.0,
    0.0,
    0.0,
    0.0,
    0.0
  ],
  "train_ppl_ppx": [
    0.0,
    0.0,
    0.0,
    0.0,
    0.0,
    0.0,
    0.0,
    0.0,
    0.0,
    0.0
  ],
  "val_loss": [
    22.388867327062094,
    20.508566079488613,
    20.76699469961771,
    22.3287251728337,
    20.795362305059665,
    21.72273205082591,
    19.01285344565787,
    21.513784920297017,
    19.941162239632956,
    20.613514802514054
  ],
  "val_acc": [
    0.7951070336391437,
    0.7969418960244649,
    0.7996941896024465,
    0.7993883792048929,
    0.7966360856269113,
    0.791131498470948,
    0.7813455657492355,
    0.7957186544342507,
    0.7840978593272171,
    0.789908256880734
  ],
  "val_acc_true": [
    0.8160354156419085,
    0.8037383177570093,
    0.8150516478111166,
    0.8229217904574521,
    0.8071815051647812,
    0.7894736842105263,
    0.7722577471716675,
    0.8007870142646335,
    0.7722577471716675,
    0.7870142646335465
  ],
  "val_acc_false": [
    0.7607113985448666,
    0.7857720291026677,
    0.7744543249797898,
    0.7607113985448666,
    0.7793047696038804,
    0.793856103476152,
    0.7962813257881972,
    0.7873888439773646,
    0.8035569927243331,
    0.7946645109135004
  ],
  "prompt_ppl_ppx": [
    0.0,
    0.0,
    0.0,
    0.0,
    0.0,
    0.0,
    0.0,
    0.0,
    0.0,
    0.0
  ]
}