{
  "lambda_ppl": 0.0,
  "train_joint": [
    16.623998014042886,
    16.529215641236036,
    16.5359620062153,
    16.452033705122016,
    16.63530441241318
  ],
  "train_task": [
    16.623998014042886,
    16.529215641236036,
    16.5359620062153,
    16.452033705122016,
    16.63530441241318
  ],
  "train_ppl_loss": [
    0.0,
    0.0,
    0.0,
    0.0,
    0.0
  ],
  "train_ppl_ppx": [
    0.0,
    0.0,
    0.0,
    0.0,
    0.0
  ],
  "val_loss": [
    19.99768918665444,
    20.328826104140862,
    22.051637565798877,
    20.810419938622452,
    19.90898235600169
  ],
  "val_acc": [
    0.7896024464831805,
    0.7804281345565749,
    0.7941896024464832,
    0.7850152905198777,
    0.7862385321100918
  ],
  "val_acc_true": [
    0.7963600590260699,
    0.7619281849483522,
    0.8012788981800295,
    0.76586325627152,
    0.7825873093949828
  ],
  "val_acc_false": [
    0.778496362166532,
    0.8108326596604689,
    0.7825383993532741,
    0.8164915117219078,
    0.7922392886014551
  ],
  "prompt_ppl_ppx": [
    0.0,
    0.0,
    0.0,
    0.0,
    0.0
  ]
}