{
  "lambda_ppl": 0.01,
  "train_joint": [
    16.607617283938975,
    16.680957974208873,
    16.636449783839538,
    16.689460100752584,
    16.60585900853189
  ],
  "train_task": [
    16.52070354290223,
    16.594463875588406,
    16.54940947414784,
    16.602586236160793,
    16.51893969760852
  ],
  "train_ppl_loss": [
    8.691373390026307,
    8.649409385209673,
    8.704028829295984,
    8.68738991598065,
    8.691930584425338
  ],
  "train_ppl_ppx": [
    11527.17454185827,
    9716.089594394289,
    10424.332499402522,
    9449.977274584722,
    10551.807066630598
  ],
  "val_loss": [
    22.150941560326554,
    20.763864442778797,
    19.89469397009873,
    21.457631283271603,
    21.04177955999607
  ],
  "val_acc": [
    0.7923547400611621,
    0.7923547400611621,
    0.7844036697247706,
    0.7966360856269113,
    0.7856269113149847
  ],
  "val_acc_true": [
    0.8042302016724053,
    0.7983275946876537,
    0.7663551401869159,
    0.8071815051647812,
    0.778160354156419
  ],
  "val_acc_false": [
    0.7728375101050929,
    0.7825383993532741,
    0.8140662894098626,
    0.7793047696038804,
    0.7978981406628941
  ],
  "prompt_ppl_ppx": [
    4850.7698349704,
    4649.691890446587,
    6640.752523704595,
    4780.514188437154,
    2398.5300993120663
  ]
}