{
  "lambda_ppl": 1.0,
  "train_joint": [
    25.22955765884914,
    25.270328543159398,
    25.176162861170393,
    25.20719831230935,
    25.22903360945455
  ],
  "train_task": [
    16.62749185883597,
    16.596731485945455,
    16.48111594768053,
    16.580914383791807,
    16.505472787578455
  ],
  "train_ppl_loss": [
    8.60206582144405,
    8.673597042212325,
    8.695046899559793,
    8.626283961735414,
    8.723560818661465
  ],
  "train_ppl_ppx": [
    9003.151908543256,
    10381.558519197559,
    11110.763449315897,
    9653.032599011454,
    11403.043133010819
  ],
  "val_loss": [
    21.964682462738782,
    21.005504505808762,
    21.594479956277986,
    20.8160745853331,
    21.082094741449122
  ],
  "val_acc": [
    0.7954128440366972,
    0.7938837920489297,
    0.7966360856269113,
    0.7990825688073394,
    0.7951070336391437
  ],
  "val_acc_true": [
    0.8007870142646335,
    0.8071815051647812,
    0.8052139695031972,
    0.8071815051647812,
    0.8037383177570093
  ],
  "val_acc_false": [
    0.7865804365400162,
    0.7720291026677445,
    0.7825383993532741,
    0.7857720291026677,
    0.7809215844785772
  ],
  "prompt_ppl_ppx": [
    3409.536724690539,
    1410.9176164493124,
    27346.058038317806,
    2188.8343902826755,
    6845.785411526725
  ]
}