{
  "lambda_ppl": 0.75,
  "train_joint": [
    23.17379203967834,
    23.121831872490016,
    23.055764796224874,
    23.033229232102297,
    23.08136176205753
  ],
  "train_task": [
    16.622229777561145,
    16.592711148637065,
    16.523440324590446,
    16.53022615668479,
    16.56354471056649
  ],
  "train_ppl_loss": [
    8.735416366277116,
    8.705494305257048,
    8.709765979681123,
    8.670670808299205,
    8.690422744965286
  ],
  "train_ppl_ppx": [
    12499.331623212869,
    17011.057455688537,
    10000.19217702684,
    10519.167179659367,
    11637.741456663402
  ],
  "val_loss": [
    21.818387417676973,
    22.426997812782847,
    20.507322162535132,
    20.50345997694062,
    21.288841833719392
  ],
  "val_acc": [
    0.7880733944954128,
    0.7960244648318043,
    0.7902140672782875,
    0.7987767584097859,
    0.7944954128440367
  ],
  "val_acc_true": [
    0.7737333989178554,
    0.8071815051647812,
    0.7983275946876537,
    0.8101328086571569,
    0.8135759960649287
  ],
  "val_acc_false": [
    0.8116410670978172,
    0.7776879547291835,
    0.7768795472918351,
    0.7801131770412287,
    0.7631366208569119
  ],
  "prompt_ppl_ppx": [
    22157.892230511017,
    5873.642718272303,
    6134.357434541976,
    22165.35287493472,
    19647.69847766643
  ]
}