{
  "lambda_ppl": 0.25,
  "train_joint": [
    18.784071620126788,
    18.715955586379835,
    18.781595945894047,
    18.75035209227144,
    18.654478180274534
  ],
  "train_task": [
    16.628388921330483,
    16.554721279358596,
    16.621097491832263,
    16.57165398329831,
    16.504675432269494
  ],
  "train_ppl_loss": [
    8.622730850905516,
    8.644937404889738,
    8.641993820533324,
    8.71479224515765,
    8.599210804499936
  ],
  "train_ppl_ppx": [
    11197.717126909034,
    9798.303611099509,
    9863.871644363577,
    10296.01324316216,
    9681.428348974285
  ],
  "val_loss": [
    20.95710359899009,
    22.45277664370653,
    21.455640039211367,
    19.31792465768209,
    21.338390610857708
  ],
  "val_acc": [
    0.7990825688073394,
    0.7874617737003058,
    0.7984709480122324,
    0.7813455657492355,
    0.7935779816513762
  ],
  "val_acc_true": [
    0.8106246925725529,
    0.780619773733399,
    0.8111165764879489,
    0.7614363010329562,
    0.8047220855878012
  ],
  "val_acc_false": [
    0.7801131770412287,
    0.7987065481002426,
    0.7776879547291835,
    0.8140662894098626,
    0.7752627324171383
  ],
  "prompt_ppl_ppx": [
    33517.45876415103,
    4845.138571661194,
    337.7569858622045,
    64207.526445683674,
    18220.102561611973
  ]
}