{
  "lambda_ppl": 0.5,
  "train_joint": [
    20.955607429247223,
    20.85547991977649,
    20.88565722261922,
    20.87494885733958,
    20.93212340708529
  ],
  "train_task": [
    16.652371395839733,
    16.541862256339428,
    16.56347172769268,
    16.516561113850454,
    16.628324568673467
  ],
  "train_ppl_loss": [
    8.606472091460496,
    8.627235275440002,
    8.644370987709989,
    8.716775494479062,
    8.607597803265861
  ],
  "train_ppl_ppx": [
    8949.745251619019,
    9513.471269234213,
    10647.861847868115,
    10134.669857854764,
    10088.597092528846
  ],
  "val_loss": [
    21.66319295371451,
    21.19939076493426,
    20.99081352978218,
    21.284560236116736,
    22.31206815766125
  ],
  "val_acc": [
    0.8021406727828746,
    0.790519877675841,
    0.7908256880733945,
    0.7877675840978593,
    0.7889908256880734
  ],
  "val_acc_true": [
    0.8273487456960157,
    0.7870142646335465,
    0.7914412198721101,
    0.7953762911952779,
    0.7870142646335465
  ],
  "val_acc_false": [
    0.7607113985448666,
    0.7962813257881972,
    0.7898140662894099,
    0.7752627324171383,
    0.7922392886014551
  ],
  "prompt_ppl_ppx": [
    7114.601625251904,
    4435.946213734918,
    1854.327943139671,
    3900.558870854374,
    18123.125222828206
  ]
}