{
  "lambda_ppl": 0.05,
  "train_joint": [
    17.03470023508822,
    16.99857028146808,
    16.905215368378027,
    17.04894345744272,
    16.95927854173639
  ],
  "train_task": [
    16.601215343261032,
    16.56276391490122,
    16.467755152670186,
    16.615658481469314,
    16.526082866111498
  ],
  "train_ppl_loss": [
    8.669698354099573,
    8.716127233826713,
    8.749204068773249,
    8.665699188361007,
    8.663914018266656
  ],
  "train_ppl_ppx": [
    10524.407493720484,
    10670.31694111054,
    12302.808549537847,
    11626.130049428624,
    10315.677793108682
  ],
  "val_loss": [
    20.91436090236757,
    20.806541033488948,
    21.559363481475085,
    20.416487828696646,
    21.363320764681188
  ],
  "val_acc": [
    0.7938837920489297,
    0.7871559633027523,
    0.7920489296636085,
    0.7853211009174312,
    0.7975535168195719
  ],
  "val_acc_true": [
    0.8111165764879489,
    0.764387604525332,
    0.7909493359567142,
    0.7825873093949828,
    0.8155435317265125
  ],
  "val_acc_false": [
    0.7655618431689571,
    0.824575586095392,
    0.793856103476152,
    0.7898140662894099,
    0.7679870654810024
  ],
  "prompt_ppl_ppx": [
    13436.621581257334,
    5090.320980295342,
    3875.2347728312648,
    2405.963115993851,
    6237.76716437199
  ]
}