{
  "lambda_ppl": 0.1,
  "train_joint": [
    17.40920149128089,
    17.4259802421827,
    17.408556458119595,
    17.418689734212467,
    17.378473251857116
  ],
  "train_task": [
    16.534160742598974,
    16.549508583411743,
    16.54069379742226,
    16.55333479334799,
    16.513141542070368
  ],
  "train_ppl_loss": [
    8.750407333588333,
    8.764716633785977,
    8.678626955225226,
    8.65354940007242,
    8.653316457084056
  ],
  "train_ppl_ppx": [
    9982.07085550583,
    12399.714156939319,
    10277.742593525509,
    9395.129447391842,
    10232.372016867257
  ],
  "val_loss": [
    21.569223134110615,
    20.69274223141554,
    21.07576025055676,
    22.085901809320216,
    21.11451950073242
  ],
  "val_acc": [
    0.789296636085627,
    0.7929663608562691,
    0.7865443425076453,
    0.7908256880733945,
    0.7987767584097859
  ],
  "val_acc_true": [
    0.7899655681259223,
    0.8017707820954255,
    0.780127889818003,
    0.7835710772257747,
    0.8204623708804722
  ],
  "val_acc_false": [
    0.788197251414713,
    0.778496362166532,
    0.7970897332255457,
    0.8027485852869847,
    0.7631366208569119
  ],
  "prompt_ppl_ppx": [
    6140.5500476736925,
    1860.6919051940904,
    7953.930362036252,
    3156.844476196324,
    45235.77761328013
  ]
}