{
  "lambda_ppl": 0.5,
  "train_joint": [
    17.21539661750365,
    17.135436604531964,
    17.241091188152186,
    17.189763568492417,
    17.190759337350222,
    17.19988334955794,
    17.150506501787163,
    17.156173916077346,
    17.172696559348804,
    17.19127111327782
  ],
  "train_task": [
    17.21539661750365,
    17.135436604531964,
    17.241091188152186,
    17.189763568492417,
    17.190759337350222,
    17.19988334955794,
    17.150506501787163,
    17.156173916077346,
    17.172696559348804,
    17.19127111327782
  ],
  "train_ppl_loss": [
    0.0,
    0.0,
    0.0,
    0.0,
    0.0,
    0.0,
    0.0,
    0.0,
    0.0,
    0.0
  ],
  "train_ppl_ppx": [
    1.0,
    1.0,
    1.0,
    1.0,
    1.0,
    1.0,
    1.0,
    1.0,
    1.0,
    1.0
  ],
  "val_loss": [
    0.21959545884917422,
    0.18431783369401605,
    0.1731433522047066,
    0.1617286048647834,
    0.17166622530941555,
    0.14456780683703538,
    0.1409526940526032,
    0.15020797545226608,
    0.15414059185763684,
    0.14991925158878652
  ],
  "val_acc": [
    0.7348623853211009,
    0.6892966360856269,
    0.681651376146789,
    0.6792048929663609,
    0.6743119266055045,
    0.7015290519877676,
    0.7134556574923547,
    0.6969418960244649,
    0.6926605504587156,
    0.6948012232415902
  ],
  "val_acc_true": [
    0.9690113133300541,
    0.9886866699458927,
    0.9906542056074766,
    0.9896704377766847,
    0.9921298573536645,
    0.9754058042302016,
    0.955730447614363,
    0.9842597147073291,
    0.9877029021151008,
    0.985243482538121
  ],
  "val_acc_false": [
    0.35004042037186744,
    0.19725141471301536,
    0.17380759902991108,
    0.16895715440582054,
    0.15198059822150364,
    0.2514147130153597,
    0.3152789005658852,
    0.22473726758286175,
    0.20776071139854488,
    0.21746160064672596
  ],
  "prompt_ppl_ppx": [
    NaN,
    NaN,
    NaN,
    NaN,
    NaN,
    NaN,
    NaN,
    NaN,
    NaN,
    NaN
  ]
}