{
  "lambda_ppl": 0.5,
  "train_joint": [
    21.77384926013732,
    21.776446417476354,
    21.835311919651673,
    21.74243176063795,
    21.815673900990003,
    21.766190801041848,
    21.75609616911813,
    21.808477560321936,
    21.800736000832547,
    21.752455880668727
  ],
  "train_task": [
    16.876923306068676,
    16.879520467693887,
    16.938385967726116,
    16.845505817284746,
    16.918747923347386,
    16.869264750534228,
    16.85917017218772,
    16.91155166197359,
    16.90381007462405,
    16.85552990088302
  ],
  "train_ppl_loss": [
    9.793851852416992,
    9.793851852416992,
    9.793851852416992,
    9.793851852416992,
    9.793851852416992,
    9.793851852416992,
    9.793851852416992,
    9.793851852416992,
    9.793851852416992,
    9.793851852416992
  ],
  "train_ppl_ppx": [
    17923.210940351008,
    17923.210940351008,
    17923.210940351008,
    17923.210940351008,
    17923.210940351008,
    17923.210940351008,
    17923.210940351008,
    17923.210940351008,
    17923.210940351008,
    17923.210940351008
  ],
  "val_loss": [
    0.1250328927141864,
    0.12271361271055733,
    0.11266794096587635,
    0.11048677595468556,
    0.11266263438070692,
    0.11068646636132787,
    0.11128908002794516,
    0.11384377969292606,
    0.11044058418128548,
    0.11139497556155775
  ],
  "val_acc": [
    0.7703363914373089,
    0.7990825688073394,
    0.7935779816513762,
    0.7987767584097859,
    0.8067278287461773,
    0.8091743119266055,
    0.8085626911314985,
    0.8110091743119267,
    0.8119266055045872,
    0.8110091743119267
  ],
  "val_acc_true": [
    0.9458927693064437,
    0.8425971470732907,
    0.9006394490900148,
    0.9016232169208067,
    0.8499754058042303,
    0.8662075750122971,
    0.8912936546974914,
    0.838662075750123,
    0.8607968519429414,
    0.8553861288735858
  ],
  "val_acc_false": [
    0.48181083265966046,
    0.7275666936135813,
    0.6176232821341956,
    0.629749393694422,
    0.7356507679870655,
    0.7154405820533549,
    0.6725949878738885,
    0.7655618431689571,
    0.7316087308003234,
    0.7380759902991108
  ],
  "prompt_ppl_ppx": [
    17923.210940351128,
    17923.210940351128,
    17923.210940351128,
    17923.210940351128,
    17923.210940351128,
    17923.210940351128,
    17923.210940351128,
    17923.210940351128,
    17923.210940351128,
    17923.210940351128
  ]
}