{
  "lambda_ppl": 0.1,
  "train_joint": [
    17.730359229612887,
    17.73331933182277,
    17.764175845799823,
    17.75449005727018,
    17.75342580388101,
    17.73297769353631,
    17.699036326033347,
    17.763674583863676,
    17.697118821304837,
    17.724265334311497
  ],
  "train_task": [
    16.676856096674886,
    16.679816218172565,
    16.71067274072197,
    16.7009869393338,
    16.69992270308934,
    16.679474579886104,
    16.645533195238436,
    16.710171465927296,
    16.64361569908228,
    16.67076219708732
  ],
  "train_ppl_loss": [
    10.535036087036133,
    10.535036087036133,
    10.535036087036133,
    10.535036087036133,
    10.535036087036133,
    10.535036087036133,
    10.535036087036133,
    10.535036087036133,
    10.535036087036133,
    10.535036087036133
  ],
  "train_ppl_ppx": [
    37610.40752806143,
    37610.40752806143,
    37610.40752806143,
    37610.40752806143,
    37610.40752806143,
    37610.40752806143,
    37610.40752806143,
    37610.40752806143,
    37610.40752806143,
    37610.40752806143
  ],
  "val_loss": [
    0.27278115880198595,
    0.13041848731113642,
    0.12907657695979607,
    0.11976258745644151,
    0.1457103068872196,
    0.11856904786716148,
    0.11434230677238325,
    0.11431814314933812,
    0.1132288876012331,
    0.11189097148797861
  ],
  "val_acc": [
    0.6993883792048929,
    0.7431192660550459,
    0.7400611620795107,
    0.7697247706422018,
    0.7253822629969419,
    0.7743119266055046,
    0.789908256880734,
    0.7886850152905199,
    0.7957186544342507,
    0.7966360856269113
  ],
  "val_acc_true": [
    0.9867191342843089,
    0.9631087063453025,
    0.9670437776684703,
    0.9217904574520414,
    0.6330545991146089,
    0.9345794392523364,
    0.8839153959665519,
    0.8962124938514511,
    0.8711264141662568,
    0.8932611903590753
  ],
  "val_acc_false": [
    0.22716248989490703,
    0.38156831042845596,
    0.3670169765561843,
    0.5198059822150364,
    0.8771220695230396,
    0.5109135004042037,
    0.635408245755861,
    0.6119644300727567,
    0.67178658043654,
    0.6378334680679062
  ],
  "prompt_ppl_ppx": [
    37610.40752806144,
    37610.40752806144,
    37610.40752806144,
    37610.40752806144,
    37610.40752806144,
    37610.40752806144,
    37610.40752806144,
    37610.40752806144,
    37610.40752806144,
    37610.40752806144
  ]
}