{
  "lambda_ppl": 1.0,
  "train_joint": [
    25.663738893658927,
    25.638713802380508,
    25.634015321195797,
    25.59695434141695,
    25.644737903723556,
    25.636575210228393,
    25.638400842902367,
    25.64810737867034,
    25.67804173244519,
    25.67314129518659
  ],
  "train_task": [
    15.710049314177438,
    15.685024177894164,
    15.680325771717543,
    15.643264781223253,
    15.691048388534718,
    15.682885628603817,
    15.684711282708673,
    15.69441778633032,
    15.724352165822232,
    15.71945174142216
  ],
  "train_ppl_loss": [
    9.953689575195312,
    9.953689575195312,
    9.953689575195312,
    9.953689575195312,
    9.953689575195312,
    9.953689575195312,
    9.953689575195312,
    9.953689575195312,
    9.953689575195312,
    9.953689575195312
  ],
  "train_ppl_ppx": [
    21029.669968254697,
    21029.669968254697,
    21029.669968254697,
    21029.669968254697,
    21029.669968254697,
    21029.669968254697,
    21029.669968254697,
    21029.669968254697,
    21029.669968254697,
    21029.669968254697
  ],
  "val_loss": [
    0.1716786503791809,
    0.15232667236066447,
    0.1413006688945177,
    0.12515014768010232,
    0.1254335161389374,
    0.12039236068362143,
    0.11741401389604661,
    0.11726636203323923,
    0.12064506687769076,
    0.11541376568195297
  ],
  "val_acc": [
    0.5608562691131499,
    0.6828746177370031,
    0.7192660550458716,
    0.753822629969419,
    0.7785932721712538,
    0.7752293577981652,
    0.772782874617737,
    0.7871559633027523,
    0.7856269113149847,
    0.7935779816513762
  ],
  "val_acc_true": [
    0.3438268568617806,
    0.602557796360059,
    0.9744220363994097,
    0.8848991637973438,
    0.8303000491883915,
    0.8494835218888342,
    0.8912936546974914,
    0.8460403344810624,
    0.8111165764879489,
    0.8357107722577471
  ],
  "val_acc_false": [
    0.9175424413904608,
    0.814874696847211,
    0.29991915925626517,
    0.5383993532740501,
    0.6936135812449474,
    0.6531932093775262,
    0.5780113177041228,
    0.6903799514955538,
    0.7437348423605498,
    0.7243330638641875
  ],
  "prompt_ppl_ppx": [
    21029.669968254548,
    21029.669968254548,
    21029.669968254548,
    21029.669968254548,
    21029.669968254548,
    21029.669968254548,
    21029.669968254548,
    21029.669968254548,
    21029.669968254548,
    21029.669968254548
  ]
}