{
  "lambda_ppl": 0.01,
  "train_joint": [
    17.221966996353665,
    17.205136749181854,
    17.212965810968633,
    17.184916965613205,
    17.202222929108007,
    17.13165653528792,
    17.201117894890604,
    17.182361913531015,
    17.199362249052925,
    17.169300349374836
  ],
  "train_task": [
    17.121316251861916,
    17.104486002547016,
    17.112315053618357,
    17.084266244695428,
    17.10157219747479,
    17.031005814370143,
    17.100467146112678,
    17.081711166896177,
    17.098711510990444,
    17.06864960059691
  ],
  "train_ppl_loss": [
    10.065010070800781,
    10.065010070800781,
    10.065010070800781,
    10.065010070800781,
    10.065010070800781,
    10.065010070800781,
    10.065010070800781,
    10.065010070800781,
    10.065010070800781,
    10.065010070800781
  ],
  "train_ppl_ppx": [
    23505.97847105195,
    23505.97847105195,
    23505.97847105195,
    23505.97847105195,
    23505.97847105195,
    23505.97847105195,
    23505.97847105195,
    23505.97847105195,
    23505.97847105195,
    23505.97847105195
  ],
  "val_loss": [
    0.14898287866537163,
    0.1252118204425021,
    0.15855306743121728,
    0.11348355519698887,
    0.11488615502489777,
    0.11441801447512173,
    0.11004936725991528,
    0.11244324826430983,
    0.11557611568217598,
    0.11151368873330152
  ],
  "val_acc": [
    0.6920489296636085,
    0.7844036697247706,
    0.6510703363914373,
    0.7883792048929663,
    0.7837920489296636,
    0.7850152905198777,
    0.8045871559633028,
    0.7969418960244649,
    0.789296636085627,
    0.8042813455657493
  ],
  "val_acc_true": [
    0.9891785538612887,
    0.8273487456960157,
    0.4938514510575504,
    0.9099852434825382,
    0.9276930644367929,
    0.9286768322675848,
    0.8898180029513035,
    0.8986719134284309,
    0.9183472700442695,
    0.8558780127889818
  ],
  "val_acc_false": [
    0.20371867421180276,
    0.713823767178658,
    0.9094583670169766,
    0.5885206143896524,
    0.5472918350848828,
    0.5489086499595797,
    0.6645109135004043,
    0.629749393694422,
    0.5772029102667745,
    0.719482619240097
  ],
  "prompt_ppl_ppx": [
    23505.97847105208,
    23505.97847105208,
    23505.97847105208,
    23505.97847105208,
    23505.97847105208,
    23505.97847105208,
    23505.97847105208,
    23505.97847105208,
    23505.97847105208,
    23505.97847105208
  ]
}