{
  "lambda_ppl": 1.0,
  "train_joint": [
    26.125953532872575,
    26.075497260790193,
    26.112842564100628,
    26.001107188021198,
    26.048818669694192,
    26.045415638270004,
    26.08125658785359,
    26.08268523055516,
    26.04338780949625,
    26.050498306617307
  ],
  "train_task": [
    17.416941647047405,
    17.366485267810607,
    17.403830500399128,
    17.292095094316462,
    17.339806640282106,
    17.336403608857914,
    17.372244622734154,
    17.373673211858513,
    17.33437576508254,
    17.341486257917424
  ],
  "train_ppl_loss": [
    8.709012031555176,
    8.709012031555176,
    8.709012031555176,
    8.709012031555176,
    8.709012031555176,
    8.709012031555176,
    8.709012031555176,
    8.709012031555176,
    8.709012031555176,
    8.709012031555176
  ],
  "train_ppl_ppx": [
    6057.25515392018,
    6057.25515392018,
    6057.25515392018,
    6057.25515392018,
    6057.25515392018,
    6057.25515392018,
    6057.25515392018,
    6057.25515392018,
    6057.25515392018,
    6057.25515392018
  ],
  "val_loss": [
    0.18044328269798582,
    0.12438578011422623,
    0.12493421357215904,
    0.11320527923725,
    0.11343298041965903,
    0.11529885209733393,
    0.1298257831938383,
    0.11500196053033195,
    0.1135328884168369,
    0.11590345188884474
  ],
  "val_acc": [
    0.600611620795107,
    0.764525993883792,
    0.7798165137614679,
    0.7929663608562691,
    0.8003058103975536,
    0.8015290519877676,
    0.7758409785932722,
    0.8036697247706422,
    0.8064220183486238,
    0.8033639143730887
  ],
  "val_acc_true": [
    0.3915395966551894,
    0.8637481554353172,
    0.7894736842105263,
    0.8726020659124447,
    0.8721101819970487,
    0.8298081652729956,
    0.736350221347762,
    0.8317757009345794,
    0.8357107722577471,
    0.8057058534185932
  ],
  "val_acc_false": [
    0.9442198868229588,
    0.6014551333872271,
    0.7639450282942603,
    0.6620856911883589,
    0.6822958771220695,
    0.7550525464834277,
    0.8407437348423605,
    0.7574777687954729,
    0.7582861762328214,
    0.799514955537591
  ],
  "prompt_ppl_ppx": [
    6057.25515392019,
    6057.25515392019,
    6057.25515392019,
    6057.25515392019,
    6057.25515392019,
    6057.25515392019,
    6057.25515392019,
    6057.25515392019,
    6057.25515392019,
    6057.25515392019
  ]
}