{
  "lambda_ppl": 0.5,
  "train_joint": [
    23.016738137234462,
    22.934199511067252,
    23.00030715170871,
    22.992165773370292,
    22.944072406211596,
    22.993841839908214,
    22.96384433360582,
    22.982473673445455,
    22.96173658906744,
    22.957242691382934
  ],
  "train_task": [
    17.289953527557717,
    17.207414909962857,
    17.273522475596224,
    17.265381024392802,
    17.217287796534848,
    17.267057144507934,
    17.237059685353483,
    17.25568899518988,
    17.234951949387455,
    17.230458070990746
  ],
  "train_ppl_loss": [
    11.453569412231445,
    11.453569412231445,
    11.453569412231445,
    11.453569412231445,
    11.453569412231445,
    11.453569412231445,
    11.453569412231445,
    11.453569412231445,
    11.453569412231445,
    11.453569412231445
  ],
  "train_ppl_ppx": [
    94237.11755781174,
    94237.11755781174,
    94237.11755781174,
    94237.11755781174,
    94237.11755781174,
    94237.11755781174,
    94237.11755781174,
    94237.11755781174,
    94237.11755781174,
    94237.11755781174
  ],
  "val_loss": [
    0.13375850358023877,
    0.14390167826559486,
    0.12197104950503605,
    0.11447230986342198,
    0.11642620770669565,
    0.1181435107276207,
    0.11588914507045979,
    0.11315416227571848,
    0.11333651370936777,
    0.12044830540331398
  ],
  "val_acc": [
    0.7305810397553517,
    0.7259938837920489,
    0.7862385321100918,
    0.7975535168195719,
    0.7987767584097859,
    0.7929663608562691,
    0.7960244648318043,
    0.8003058103975536,
    0.8015290519877676,
    0.791743119266055
  ],
  "val_acc_true": [
    0.9650762420068864,
    0.6645351696999509,
    0.8455484505656665,
    0.8947368421052632,
    0.8425971470732907,
    0.823905558288244,
    0.8278406296114117,
    0.8563698967043778,
    0.8514510575504181,
    0.793408755533694
  ],
  "val_acc_false": [
    0.3451899757477769,
    0.8270008084074374,
    0.6887631366208569,
    0.6378334680679062,
    0.7267582861762328,
    0.7421180274858529,
    0.7437348423605498,
    0.7081649151172191,
    0.719482619240097,
    0.7890056588520614
  ],
  "prompt_ppl_ppx": [
    94237.11755781238,
    94237.11755781238,
    94237.11755781238,
    94237.11755781238,
    94237.11755781238,
    94237.11755781238,
    94237.11755781238,
    94237.11755781238,
    94237.11755781238,
    94237.11755781238
  ]
}