{
  "lambda_ppl": 0.1,
  "train_joint": [
    17.234701981705225,
    17.224785727597354,
    17.202517172995577,
    17.220486403047367,
    17.19436738303538,
    17.204939968666334,
    17.154915957504443,
    17.214084850268417,
    17.188759154416204,
    17.240151439623887
  ],
  "train_task": [
    16.297425270080566,
    16.28750902454505,
    16.265240467800183,
    16.283209706424326,
    16.257090669267633,
    16.267663252755497,
    16.217639273739934,
    16.276808140786844,
    16.251482481367134,
    16.302874730142314
  ],
  "train_ppl_loss": [
    9.372767448425293,
    9.372767448425293,
    9.372767448425293,
    9.372767448425293,
    9.372767448425293,
    9.372767448425293,
    9.372767448425293,
    9.372767448425293,
    9.372767448425293,
    9.372767448425293
  ],
  "train_ppl_ppx": [
    11763.62530787878,
    11763.62530787878,
    11763.62530787878,
    11763.62530787878,
    11763.62530787878,
    11763.62530787878,
    11763.62530787878,
    11763.62530787878,
    11763.62530787878,
    11763.62530787878
  ],
  "val_loss": [
    0.20373189042254192,
    0.16997457204795466,
    0.16993956398673174,
    0.17800106224490375,
    0.16901224688058947,
    0.16439699261653715,
    0.1684028314381111,
    0.16478933212233754,
    0.16540744442765307,
    0.16609491967573398
  ],
  "val_acc": [
    0.3782874617737003,
    0.6278287461773701,
    0.6097859327217126,
    0.6220183486238532,
    0.6223241590214067,
    0.6253822629969419,
    0.6458715596330276,
    0.6262996941896024,
    0.6339449541284403,
    0.6458715596330276
  ],
  "val_acc_true": [
    0.0,
    0.6965076242006887,
    0.9478603049680275,
    1.0,
    1.0,
    0.999508116084604,
    0.8942449581898672,
    0.9985243482538121,
    0.9906542056074766,
    0.9631087063453025
  ],
  "val_acc_false": [
    1.0,
    0.5149555375909458,
    0.054163298302344384,
    0.0008084074373484236,
    0.0016168148746968471,
    0.010509296685529508,
    0.23767178658043653,
    0.014551333872271624,
    0.047696038803556995,
    0.12449474535165723
  ],
  "prompt_ppl_ppx": [
    11763.625307878794,
    11763.625307878794,
    11763.625307878794,
    11763.625307878794,
    11763.625307878794,
    11763.625307878794,
    11763.625307878794,
    11763.625307878794,
    11763.625307878794,
    11763.625307878794
  ]
}