{
  "lambda_ppl": 0.1,
  "train_joint": [
    17.393914597757746,
    17.327340843972195,
    17.349748379996655,
    17.34388790344924,
    17.307088200429853,
    17.29950983711843,
    17.34348764741019,
    17.279123494866187,
    17.258908171064398,
    17.34076363209928
  ],
  "train_task": [
    16.5387814532505,
    16.472207675890978,
    16.49461523120323,
    16.488754743940376,
    16.45195504735025,
    16.44437666689412,
    16.48835449004441,
    16.42399032892806,
    16.403774983695385,
    16.48563048116277
  ],
  "train_ppl_loss": [
    8.551335334777832,
    8.551335334777832,
    8.551335334777832,
    8.551335334777832,
    8.551335334777832,
    8.551335334777832,
    8.551335334777832,
    8.551335334777832,
    8.551335334777832,
    8.551335334777832
  ],
  "train_ppl_ppx": [
    5173.658382571101,
    5173.658382571101,
    5173.658382571101,
    5173.658382571101,
    5173.658382571101,
    5173.658382571101,
    5173.658382571101,
    5173.658382571101,
    5173.658382571101,
    5173.658382571101
  ],
  "val_loss": [
    0.20353440645991303,
    0.13820286213261326,
    0.12740086080824456,
    0.1267145117063348,
    0.12327922522658255,
    0.11493405011914125,
    0.12792738519790697,
    0.1136610145021866,
    0.11262045357285476,
    0.12150718997709635
  ],
  "val_acc": [
    0.6308868501529052,
    0.7186544342507645,
    0.7724770642201835,
    0.7740061162079511,
    0.7840978593272171,
    0.7944954128440367,
    0.7828746177370031,
    0.7984709480122324,
    0.8055045871559633,
    0.7972477064220184
  ],
  "val_acc_true": [
    0.999508116084604,
    0.9793408755533693,
    0.8603049680275455,
    0.82439744220364,
    0.8288243974422036,
    0.8666994589276931,
    0.7707820954254796,
    0.8952287260206592,
    0.8627643876045253,
    0.8061977373339891
  ],
  "val_acc_false": [
    0.025060630557801132,
    0.2902182700080841,
    0.6281325788197252,
    0.6911883589329022,
    0.7105901374292644,
    0.6758286176232822,
    0.8027485852869847,
    0.6394502829426031,
    0.7113985448666128,
    0.7825383993532741
  ],
  "prompt_ppl_ppx": [
    5173.658382571108,
    5173.658382571108,
    5173.658382571108,
    5173.658382571108,
    5173.658382571108,
    5173.658382571108,
    5173.658382571108,
    5173.658382571108,
    5173.658382571108,
    5173.658382571108
  ]
}