{
  "lambda_ppl": 0.5,
  "train_joint": [
    21.1576183833433,
    21.198573307508834,
    21.190061937825064,
    21.200907940810986,
    21.221731927421654,
    21.213995631357257,
    21.18524845851941,
    21.182772582836364,
    21.248561083332877,
    21.188381589396617
  ],
  "train_task": [
    16.62380584116732,
    16.664760750331236,
    16.656249354930406,
    16.667095306482206,
    16.687919353099353,
    16.68018303346098,
    16.65143589276946,
    16.648960055662005,
    16.714748556158515,
    16.654569015074312
  ],
  "train_ppl_loss": [
    9.067625045776367,
    9.067625045776367,
    9.067625045776367,
    9.067625045776367,
    9.067625045776367,
    9.067625045776367,
    9.067625045776367,
    9.067625045776367,
    9.067625045776367,
    9.067625045776367
  ],
  "train_ppl_ppx": [
    8670.008461939611,
    8670.008461939611,
    8670.008461939611,
    8670.008461939611,
    8670.008461939611,
    8670.008461939611,
    8670.008461939611,
    8670.008461939611,
    8670.008461939611,
    8670.008461939611
  ],
  "val_loss": [
    0.14414526456739846,
    0.16391836046809102,
    0.12558951802188303,
    0.11734419759453797,
    0.11536743146617238,
    0.11748755969470594,
    0.10978162945588914,
    0.11069047128917968,
    0.11731252338646389,
    0.11547295760090757
  ],
  "val_acc": [
    0.7235474006116208,
    0.6837920489296636,
    0.7559633027522936,
    0.7951070336391437,
    0.8,
    0.7767584097859327,
    0.8042813455657493,
    0.8006116207951071,
    0.7987767584097859,
    0.7993883792048929
  ],
  "val_acc_true": [
    0.7707820954254796,
    0.9881947860304968,
    0.9454008853910477,
    0.8735858337432366,
    0.8347270044269552,
    0.9242498770290212,
    0.8686669945892769,
    0.8912936546974914,
    0.8017707820954255,
    0.9153959665518937
  ],
  "val_acc_false": [
    0.6459175424413904,
    0.18350848827809216,
    0.444624090541633,
    0.666127728375101,
    0.7429264349232013,
    0.534357316087308,
    0.698464025869038,
    0.6515763945028294,
    0.793856103476152,
    0.608730800323363
  ],
  "prompt_ppl_ppx": [
    8670.008461939558,
    8670.008461939558,
    8670.008461939558,
    8670.008461939558,
    8670.008461939558,
    8670.008461939558,
    8670.008461939558,
    8670.008461939558,
    8670.008461939558,
    8670.008461939558
  ]
}