{
  "lambda_ppl": 0.01,
  "train_joint": [
    16.772229413236126,
    16.642348863837423,
    16.665763197052346,
    16.68458614777983,
    16.697421191783434,
    16.693394311626307,
    16.765137723858437,
    16.69719057404593,
    16.719118831934555,
    16.73921419636587
  ],
  "train_task": [
    16.656905399279648,
    16.527024864882566,
    16.55043920666984,
    16.569262155254236,
    16.5820971885424,
    16.57807030838527,
    16.64981372276049,
    16.58186656866181,
    16.60379482440734,
    16.62389020169719
  ],
  "train_ppl_loss": [
    11.532374382019043,
    11.532374382019043,
    11.532374382019043,
    11.532374382019043,
    11.532374382019043,
    11.532374382019043,
    11.532374382019043,
    11.532374382019043,
    11.532374382019043,
    11.532374382019043
  ],
  "train_ppl_ppx": [
    101963.92793467433,
    101963.92793467433,
    101963.92793467433,
    101963.92793467433,
    101963.92793467433,
    101963.92793467433,
    101963.92793467433,
    101963.92793467433,
    101963.92793467433,
    101963.92793467433
  ],
  "val_loss": [
    0.14362492888438994,
    0.1257455752026744,
    0.12488085494899168,
    0.11850515508615389,
    0.1397771363033027,
    0.11542076388510263,
    0.11324068456888199,
    0.11381295314285814,
    0.1132396605683536,
    0.11831102136795114
  ],
  "val_acc": [
    0.7305810397553517,
    0.7541284403669725,
    0.7813455657492355,
    0.7758409785932722,
    0.7391437308868501,
    0.7877675840978593,
    0.7944954128440367,
    0.7929663608562691,
    0.8006116207951071,
    0.7981651376146789
  ],
  "val_acc_true": [
    0.6842105263157895,
    0.9444171175602558,
    0.7998032464338416,
    0.926709296606001,
    0.676340383669454,
    0.8858829316281358,
    0.9006394490900148,
    0.8647319232661091,
    0.8662075750122971,
    0.8170191834727004
  ],
  "val_acc_false": [
    0.8067906224737268,
    0.4413904607922393,
    0.7510105092966856,
    0.5278900565885206,
    0.8423605497170574,
    0.6265157639450283,
    0.6200485044462409,
    0.6750202101859337,
    0.692805173807599,
    0.767178658043654
  ],
  "prompt_ppl_ppx": [
    101963.92793467442,
    101963.92793467442,
    101963.92793467442,
    101963.92793467442,
    101963.92793467442,
    101963.92793467442,
    101963.92793467442,
    101963.92793467442,
    101963.92793467442,
    101963.92793467442
  ]
}