{
  "lambda_ppl": 10.0,
  "train_joint": [
    103.59925969155987,
    103.5964450964767,
    103.56773402181904,
    103.60291499448626,
    103.58339989480008,
    103.53163112683242,
    103.58569258786319,
    103.59036887522494,
    103.59539314870084,
    103.62749261748925
  ],
  "train_task": [
    16.6906292861767,
    16.687814903259277,
    16.65910384788942,
    16.694284696257515,
    16.67476930082514,
    16.623000886467064,
    16.677062251058857,
    16.68173844841089,
    16.686762814039593,
    16.718862282828
  ],
  "train_ppl_loss": [
    8.690862655639648,
    8.690862655639648,
    8.690862655639648,
    8.690862655639648,
    8.690862655639648,
    8.690862655639648,
    8.690862655639648,
    8.690862655639648,
    8.690862655639648,
    8.690862655639648
  ],
  "train_ppl_ppx": [
    5948.311374408366,
    5948.311374408366,
    5948.311374408366,
    5948.311374408366,
    5948.311374408366,
    5948.311374408366,
    5948.311374408366,
    5948.311374408366,
    5948.311374408366,
    5948.311374408366
  ],
  "val_loss": [
    0.27211865819082026,
    0.18639045241402416,
    0.17302250992961046,
    0.16715323619726227,
    0.16973813710416236,
    0.1762187321738499,
    0.16699341753634012,
    0.1671445914158007,
    0.17043500644404713,
    0.17724283221291331
  ],
  "val_acc": [
    0.6217125382262997,
    0.6217125382262997,
    0.517125382262997,
    0.6217125382262997,
    0.6217125382262997,
    0.41253822629969417,
    0.6217125382262997,
    0.6217125382262997,
    0.6226299694189602,
    0.39510703363914373
  ],
  "val_acc_true": [
    1.0,
    1.0,
    0.6074766355140186,
    1.0,
    1.0,
    0.15838662075750123,
    1.0,
    1.0,
    1.0,
    0.06000983767830792
  ],
  "val_acc_false": [
    0.0,
    0.0,
    0.36863379143088115,
    0.0,
    0.0,
    0.8302344381568311,
    0.0,
    0.0,
    0.002425222312045271,
    0.9458367016976557
  ],
  "prompt_ppl_ppx": [
    5948.311374408369,
    5948.311374408369,
    5948.311374408369,
    5948.311374408369,
    5948.311374408369,
    5948.311374408369,
    5948.311374408369,
    5948.311374408369,
    5948.311374408369,
    5948.311374408369
  ]
}