{
  "lambda_ppl": 0.75,
  "train_joint": [
    24.627286023772164,
    24.71636840734589,
    24.755977523460817,
    24.733712018473764,
    24.715794826893323,
    24.67709858497877,
    24.73565380225021,
    24.752833132797413,
    24.721628604846053,
    24.711415948760642
  ],
  "train_task": [
    17.764811584386933,
    17.85389396796066,
    17.893503081932497,
    17.871237574802358,
    17.853320385365002,
    17.814624143450448,
    17.87317936072189,
    17.890358691269093,
    17.859154163317733,
    17.848941505089236
  ],
  "train_ppl_loss": [
    9.1499662399292,
    9.1499662399292,
    9.1499662399292,
    9.1499662399292,
    9.1499662399292,
    9.1499662399292,
    9.1499662399292,
    9.1499662399292,
    9.1499662399292,
    9.1499662399292
  ],
  "train_ppl_ppx": [
    9414.12255194958,
    9414.12255194958,
    9414.12255194958,
    9414.12255194958,
    9414.12255194958,
    9414.12255194958,
    9414.12255194958,
    9414.12255194958,
    9414.12255194958,
    9414.12255194958
  ],
  "val_loss": [
    0.1629835736460802,
    0.1283926137518592,
    0.11519542469120607,
    0.11193763193015645,
    0.11270064717930992,
    0.11128728274346852,
    0.11361632620597759,
    0.1110850481543599,
    0.11315850223891619,
    0.11350888711650198
  ],
  "val_acc": [
    0.5938837920489297,
    0.7467889908256881,
    0.7880733944954128,
    0.7978593272171254,
    0.7960244648318043,
    0.8055045871559633,
    0.8030581039755351,
    0.808256880733945,
    0.8064220183486238,
    0.808868501529052
  ],
  "val_acc_true": [
    0.4195769798327595,
    0.9493359567142154,
    0.9080177078209543,
    0.896704377766847,
    0.9094933595671422,
    0.8819478603049681,
    0.8327594687653713,
    0.8548942449581899,
    0.8337432365961633,
    0.8342351205115592
  ],
  "val_acc_false": [
    0.8803556992724333,
    0.41390460792239286,
    0.5909458367016976,
    0.635408245755861,
    0.6095392077607114,
    0.6798706548100243,
    0.7542441390460792,
    0.7316087308003234,
    0.761519805982215,
    0.767178658043654
  ],
  "prompt_ppl_ppx": [
    9414.12255194949,
    9414.12255194949,
    9414.12255194949,
    9414.12255194949,
    9414.12255194949,
    9414.12255194949,
    9414.12255194949,
    9414.12255194949,
    9414.12255194949,
    9414.12255194949
  ]
}