{
  "lambda_ppl": 0.0,
  "train_joint": [
    16.803328796986783,
    16.769849119293557,
    16.850909876019767,
    16.81792307007179,
    16.84611509944616,
    16.751795740877643,
    16.83504244772236,
    16.782313904065763,
    16.793478387125422,
    16.8195463544867
  ],
  "train_task": [
    16.803328796986783,
    16.769849119293557,
    16.850909876019767,
    16.81792307007179,
    16.84611509944616,
    16.751795740877643,
    16.83504244772236,
    16.782313904065763,
    16.793478387125422,
    16.8195463544867
  ],
  "train_ppl_loss": [
    0.0,
    0.0,
    0.0,
    0.0,
    0.0,
    0.0,
    0.0,
    0.0,
    0.0,
    0.0
  ],
  "train_ppl_ppx": [
    0.0,
    0.0,
    0.0,
    0.0,
    0.0,
    0.0,
    0.0,
    0.0,
    0.0,
    0.0
  ],
  "val_loss": [
    0.1217213556352185,
    0.11532526163429749,
    0.1113745650685415,
    0.1305778385662451,
    0.11209134237795342,
    0.11694262254892326,
    0.11167563547993578,
    0.11315977430743415,
    0.10999800630549832,
    0.11244542720932059
  ],
  "val_acc": [
    0.7764525993883792,
    0.7813455657492355,
    0.8006116207951071,
    0.7743119266055046,
    0.8024464831804281,
    0.7990825688073394,
    0.8048929663608563,
    0.8045871559633028,
    0.8103975535168195,
    0.8048929663608563
  ],
  "val_acc_true": [
    0.9237579931136252,
    0.9242498770290212,
    0.8598130841121495,
    0.7378258730939499,
    0.8450565666502705,
    0.8071815051647812,
    0.8430890309886867,
    0.8298081652729956,
    0.8558780127889818,
    0.8332513526807673
  ],
  "val_acc_false": [
    0.534357316087308,
    0.5464834276475343,
    0.7033144704931286,
    0.8342764753435732,
    0.7324171382376717,
    0.7857720291026677,
    0.7421180274858529,
    0.7631366208569119,
    0.7356507679870655,
    0.7582861762328214
  ],
  "prompt_ppl_ppx": [
    0.0,
    0.0,
    0.0,
    0.0,
    0.0,
    0.0,
    0.0,
    0.0,
    0.0,
    0.0
  ]
}