{
  "lambda_ppl": 0.25,
  "train_joint": [
    19.73856208886993,
    19.735680363687237,
    19.71896509749166,
    19.759681170174247,
    19.760043270668287,
    19.767225917001788,
    19.739108576399556,
    19.7979370760114,
    19.7703467936998,
    19.752801757983946
  ],
  "train_task": [
    17.597555623429546,
    17.594673902533028,
    17.577958632051274,
    17.618674709020038,
    17.619036800941725,
    17.626219449418315,
    17.59810211310226,
    17.656930608427928,
    17.629340326116328,
    17.61179529468665
  ],
  "train_ppl_loss": [
    8.564024925231934,
    8.564024925231934,
    8.564024925231934,
    8.564024925231934,
    8.564024925231934,
    8.564024925231934,
    8.564024925231934,
    8.564024925231934,
    8.564024925231934,
    8.564024925231934
  ],
  "train_ppl_ppx": [
    5239.728302128404,
    5239.728302128404,
    5239.728302128404,
    5239.728302128404,
    5239.728302128404,
    5239.728302128404,
    5239.728302128404,
    5239.728302128404,
    5239.728302128404,
    5239.728302128404
  ],
  "val_loss": [
    0.1252048649620719,
    0.1390965231308123,
    0.11907197234288948,
    0.14929453470721477,
    0.11178763735039932,
    0.13443018192561662,
    0.1131380327227639,
    0.10999896313268237,
    0.1140691928065768,
    0.11978203321738941
  ],
  "val_acc": [
    0.7675840978593272,
    0.7492354740061162,
    0.7712538226299694,
    0.7259938837920489,
    0.7969418960244649,
    0.7712538226299694,
    0.7935779816513762,
    0.8085626911314985,
    0.7960244648318043,
    0.7951070336391437
  ],
  "val_acc_true": [
    0.9399901623216921,
    0.721593703885883,
    0.927201180521397,
    0.6364977865223808,
    0.8912936546974914,
    0.7299557304476144,
    0.9040826364977865,
    0.8726020659124447,
    0.9094933595671422,
    0.7855386128873586
  ],
  "val_acc_false": [
    0.48423605497170574,
    0.7946645109135004,
    0.5149555375909458,
    0.8730800323362975,
    0.6418755052546483,
    0.8391269199676638,
    0.6119644300727567,
    0.7033144704931286,
    0.6095392077607114,
    0.8108326596604689
  ],
  "prompt_ppl_ppx": [
    5239.728302128383,
    5239.728302128383,
    5239.728302128383,
    5239.728302128383,
    5239.728302128383,
    5239.728302128383,
    5239.728302128383,
    5239.728302128383,
    5239.728302128383,
    5239.728302128383
  ]
}