{
  "lambda_ppl": 10.0,
  "train_joint": [
    95.9384554230765,
    95.9762025811699,
    95.89253944654143,
    95.98045150242494,
    95.95894168468004,
    95.93429131668606,
    95.99695494576787,
    95.93097273580143,
    95.91371410241288,
    95.95416491219167
  ],
  "train_task": [
    16.881158653002107,
    16.91890598682875,
    16.83524268718248,
    16.923154888796002,
    16.90164486960079,
    16.876994484462095,
    16.939658205696706,
    16.873675890718953,
    16.85641748235467,
    16.896868011388886
  ],
  "train_ppl_loss": [
    7.9057297706604,
    7.9057297706604,
    7.9057297706604,
    7.9057297706604,
    7.9057297706604,
    7.9057297706604,
    7.9057297706604,
    7.9057297706604,
    7.9057297706604,
    7.9057297706604
  ],
  "train_ppl_ppx": [
    2712.7814983574003,
    2712.7814983574003,
    2712.7814983574003,
    2712.7814983574003,
    2712.7814983574003,
    2712.7814983574003,
    2712.7814983574003,
    2712.7814983574003,
    2712.7814983574003,
    2712.7814983574003
  ],
  "val_loss": [
    0.16987293239955495,
    0.12123075988961429,
    0.12935656504478396,
    0.12125009921629254,
    0.11466779440823124,
    0.11292722380561072,
    0.11606521718658325,
    0.11160043463474367,
    0.11165472339020996,
    0.11232091855348611
  ],
  "val_acc": [
    0.6990825688073394,
    0.7758409785932722,
    0.7467889908256881,
    0.7669724770642202,
    0.7837920489296636,
    0.7966360856269113,
    0.7871559633027523,
    0.7993883792048929,
    0.7993883792048929,
    0.7987767584097859
  ],
  "val_acc_true": [
    0.9842597147073291,
    0.8947368421052632,
    0.9655681259222824,
    0.9473684210526315,
    0.9252336448598131,
    0.8937530742744713,
    0.9321200196753566,
    0.9055582882439744,
    0.9001475651746188,
    0.9099852434825382
  ],
  "val_acc_false": [
    0.23039611964430073,
    0.5804365400161682,
    0.3872271624898949,
    0.47049312853678255,
    0.5513338722716249,
    0.6370250606305577,
    0.5489086499595797,
    0.6248989490703315,
    0.6337914308811641,
    0.6160064672594988
  ],
  "prompt_ppl_ppx": [
    2712.781498357382,
    2712.781498357382,
    2712.781498357382,
    2712.781498357382,
    2712.781498357382,
    2712.781498357382,
    2712.781498357382,
    2712.781498357382,
    2712.781498357382,
    2712.781498357382
  ]
}