{
  "lambda_ppl": 0.75,
  "train_joint": [
    25.63913776954908,
    25.567737720789534,
    25.64580692762739,
    25.622244365563553,
    25.587324052446345,
    25.6367680753215,
    25.69322390181295,
    25.666188602233202,
    25.670567617523535,
    25.673465000109726
  ],
  "train_task": [
    17.503756066654507,
    17.432356022181136,
    17.510425224732817,
    17.486862666955155,
    17.45194236026721,
    17.501386383142364,
    17.557842194632197,
    17.530806899338625,
    17.53518591462896,
    17.538083305787506
  ],
  "train_ppl_loss": [
    10.847175598144531,
    10.847175598144531,
    10.847175598144531,
    10.847175598144531,
    10.847175598144531,
    10.847175598144531,
    10.847175598144531,
    10.847175598144531,
    10.847175598144531,
    10.847175598144531
  ],
  "train_ppl_ppx": [
    51388.80356008076,
    51388.80356008076,
    51388.80356008076,
    51388.80356008076,
    51388.80356008076,
    51388.80356008076,
    51388.80356008076,
    51388.80356008076,
    51388.80356008076,
    51388.80356008076
  ],
  "val_loss": [
    0.13568897501724522,
    0.16558815647916095,
    0.12133361041182425,
    0.12233811686860352,
    0.1279072806966014,
    0.11526210835975845,
    0.11956600779440345,
    0.1212299050717819,
    0.11343720359954892,
    0.1125787696551259
  ],
  "val_acc": [
    0.7262996941896025,
    0.6085626911314985,
    0.7804281345565749,
    0.763302752293578,
    0.7599388379204893,
    0.790519877675841,
    0.791743119266055,
    0.7935779816513762,
    0.7966360856269113,
    0.8027522935779816
  ],
  "val_acc_true": [
    0.940973930152484,
    0.4254795868175111,
    0.8839153959665519,
    0.9281849483521889,
    0.9385145105755042,
    0.8888342351205115,
    0.8288243974422036,
    0.807673389080177,
    0.9060501721593703,
    0.8435809149040826
  ],
  "val_acc_false": [
    0.3734842360549717,
    0.9094583670169766,
    0.6103476151980598,
    0.49232012934519,
    0.4664510913500404,
    0.6289409862570736,
    0.730800323362975,
    0.7704122877930477,
    0.6168148746968473,
    0.7356507679870655
  ],
  "prompt_ppl_ppx": [
    51388.803560080494,
    51388.803560080494,
    51388.803560080494,
    51388.803560080494,
    51388.803560080494,
    51388.803560080494,
    51388.803560080494,
    51388.803560080494,
    51388.803560080494,
    51388.803560080494
  ]
}