{
  "lambda_ppl": 0.1,
  "train_joint": [
    17.780274273304457,
    17.805579320500406,
    17.888282973043033,
    17.823835068606257,
    17.881316478600663,
    17.86011427118537,
    17.822597160767973,
    17.86504777629724,
    17.81979249675622,
    17.77145478752222
  ],
  "train_task": [
    16.883868155318698,
    16.90917318965612,
    16.991876831483307,
    16.92742892704653,
    16.984910337040933,
    16.963708127482555,
    16.926191029923686,
    16.96864163473751,
    16.92338637019811,
    16.875048652391754
  ],
  "train_ppl_loss": [
    8.964056968688965,
    8.964056968688965,
    8.964056968688965,
    8.964056968688965,
    8.964056968688965,
    8.964056968688965,
    8.964056968688965,
    8.964056968688965,
    8.964056968688965,
    8.964056968688965
  ],
  "train_ppl_ppx": [
    7817.00656994615,
    7817.00656994615,
    7817.00656994615,
    7817.00656994615,
    7817.00656994615,
    7817.00656994615,
    7817.00656994615,
    7817.00656994615,
    7817.00656994615,
    7817.00656994615
  ],
  "val_loss": [
    0.3187140477866661,
    0.13479771316051484,
    0.15355721715746856,
    0.12443085278316242,
    0.12021910262907423,
    0.11504847169285867,
    0.12094362483518879,
    0.11450733347091734,
    0.11257649926332439,
    0.11659999739651274
  ],
  "val_acc": [
    0.6345565749235474,
    0.7584097859327217,
    0.6691131498470948,
    0.7758409785932722,
    0.7703363914373089,
    0.7850152905198777,
    0.7758409785932722,
    0.7929663608562691,
    0.8003058103975536,
    0.8015290519877676
  ],
  "val_acc_true": [
    0.9990162321692081,
    0.8981800295130349,
    0.5386128873585834,
    0.8686669945892769,
    0.9316281357599606,
    0.8996556812592228,
    0.9321200196753566,
    0.8819478603049681,
    0.8701426463354648,
    0.8440727988194786
  ],
  "val_acc_false": [
    0.03556992724333064,
    0.5286984640258691,
    0.883589329021827,
    0.6232821341956346,
    0.5052546483427648,
    0.5966046887631367,
    0.5189975747776879,
    0.6467259498787389,
    0.6855295068714632,
    0.7316087308003234
  ],
  "prompt_ppl_ppx": [
    7817.0065699460765,
    7817.0065699460765,
    7817.0065699460765,
    7817.0065699460765,
    7817.0065699460765,
    7817.0065699460765,
    7817.0065699460765,
    7817.0065699460765,
    7817.0065699460765,
    7817.0065699460765
  ]
}