{
  "lambda_ppl": 0.0,
  "train_joint": [
    16.423050623261528,
    16.42858222147052,
    16.412421095773077,
    16.404411493794303,
    16.443153402778538,
    16.39584826137243,
    16.417089132244666,
    16.38072258809979,
    16.36793921609943,
    16.360181227694735
  ],
  "train_task": [
    16.423050623261528,
    16.42858222147052,
    16.412421095773077,
    16.404411493794303,
    16.443153402778538,
    16.39584826137243,
    16.417089132244666,
    16.38072258809979,
    16.36793921609943,
    16.360181227694735
  ],
  "train_ppl_loss": [
    0.0,
    0.0,
    0.0,
    0.0,
    0.0,
    0.0,
    0.0,
    0.0,
    0.0,
    0.0
  ],
  "train_ppl_ppx": [
    0.0,
    0.0,
    0.0,
    0.0,
    0.0,
    0.0,
    0.0,
    0.0,
    0.0,
    0.0
  ],
  "val_loss": [
    0.13450663618561698,
    0.12113035887298061,
    0.11620908877471599,
    0.116878251149887,
    0.11482896114722257,
    0.11384540165933531,
    0.1209687371851831,
    0.11209223849653471,
    0.11140770558722135,
    0.11783353900764047
  ],
  "val_acc": [
    0.7293577981651376,
    0.7724770642201835,
    0.7990825688073394,
    0.7993883792048929,
    0.8070336391437309,
    0.8119266055045872,
    0.7972477064220184,
    0.8134556574923547,
    0.8140672782874617,
    0.8070336391437309
  ],
  "val_acc_true": [
    0.9714707329070339,
    0.9321200196753566,
    0.8376783079193311,
    0.8278406296114117,
    0.8519429414658141,
    0.8607968519429414,
    0.7909493359567142,
    0.8440727988194786,
    0.8612887358583374,
    0.8086571569109691
  ],
  "val_acc_false": [
    0.3314470493128537,
    0.5101050929668552,
    0.7356507679870655,
    0.7526273241713823,
    0.7332255456750202,
    0.7316087308003234,
    0.8075990299110751,
    0.7631366208569119,
    0.7364591754244139,
    0.8043654001616815
  ],
  "prompt_ppl_ppx": [
    0.0,
    0.0,
    0.0,
    0.0,
    0.0,
    0.0,
    0.0,
    0.0,
    0.0,
    0.0
  ]
}