{
  "lambda_ppl": 0.01,
  "train_joint": [
    16.08627268973361,
    16.087172928285064,
    16.1176592601819,
    16.122533682491003,
    16.073537380775708,
    16.04927600046222,
    16.061020733265394,
    16.080726595675007,
    16.057316387905164,
    16.073720711268734
  ],
  "train_task": [
    16.00213045913182,
    16.003030721257243,
    16.03351703815246,
    16.038391432601415,
    15.989395186606417,
    15.96513380629293,
    15.976878521951397,
    15.99658437150248,
    15.973174161589547,
    15.989578487096209
  ],
  "train_ppl_loss": [
    8.414214134216309,
    8.414214134216309,
    8.414214134216309,
    8.414214134216309,
    8.414214134216309,
    8.414214134216309,
    8.414214134216309,
    8.414214134216309,
    8.414214134216309,
    8.414214134216309
  ],
  "train_ppl_ppx": [
    4510.729333721041,
    4510.729333721041,
    4510.729333721041,
    4510.729333721041,
    4510.729333721041,
    4510.729333721041,
    4510.729333721041,
    4510.729333721041,
    4510.729333721041,
    4510.729333721041
  ],
  "val_loss": [
    0.18419133152176695,
    0.1294376131238007,
    0.1230786565963815,
    0.12175432732555924,
    0.11382522494872896,
    0.11570392694415116,
    0.11176174089494274,
    0.11193254528249183,
    0.11103243585675955,
    0.11442157247262758
  ],
  "val_acc": [
    0.4648318042813456,
    0.7568807339449541,
    0.7629969418960245,
    0.7691131498470948,
    0.7926605504587156,
    0.7929663608562691,
    0.7996941896024465,
    0.8003058103975536,
    0.8064220183486238,
    0.7984709480122324
  ],
  "val_acc_true": [
    0.15395966551893753,
    0.9208066896212493,
    0.9301524840137727,
    0.9296606000983768,
    0.8927693064436792,
    0.8425971470732907,
    0.8799803246433842,
    0.8898180029513035,
    0.896704377766847,
    0.807673389080177
  ],
  "val_acc_false": [
    0.9757477768795473,
    0.4874696847210994,
    0.48827809215844786,
    0.5052546483427648,
    0.6281325788197252,
    0.7113985448666128,
    0.6677445432497979,
    0.6531932093775262,
    0.6580436540016168,
    0.7833468067906225
  ],
  "prompt_ppl_ppx": [
    4510.729333720996,
    4510.729333720996,
    4510.729333720996,
    4510.729333720996,
    4510.729333720996,
    4510.729333720996,
    4510.729333720996,
    4510.729333720996,
    4510.729333720996,
    4510.729333720996
  ]
}