{
  "lambda_ppl": 1.0,
  "train_joint": [
    24.685161534855876,
    24.712299646956197,
    24.68827216330539,
    24.75078311020069,
    24.670340870203596,
    24.681841505243536,
    24.711186719744394,
    24.725344342863963,
    24.693225204810666,
    24.688529462492866
  ],
  "train_task": [
    15.476522362098265,
    15.503660544920503,
    15.47963302912337,
    15.542143973875582,
    15.461701716733783,
    15.473202347487547,
    15.502547594134727,
    15.516705215111207,
    15.48458604062541,
    15.479890315452318
  ],
  "train_ppl_loss": [
    9.208639144897461,
    9.208639144897461,
    9.208639144897461,
    9.208639144897461,
    9.208639144897461,
    9.208639144897461,
    9.208639144897461,
    9.208639144897461,
    9.208639144897461,
    9.208639144897461
  ],
  "train_ppl_ppx": [
    9983.002191878008,
    9983.002191878008,
    9983.002191878008,
    9983.002191878008,
    9983.002191878008,
    9983.002191878008,
    9983.002191878008,
    9983.002191878008,
    9983.002191878008,
    9983.002191878008
  ],
  "val_loss": [
    1.3802880106902704,
    0.31488857389223285,
    0.14086589353931386,
    0.16597321048469804,
    0.1350279575577233,
    0.12683414697374512,
    0.1254379637175944,
    0.12314711816427185,
    0.1313488307113691,
    0.1185748884636091
  ],
  "val_acc": [
    0.710091743119266,
    0.7116207951070337,
    0.7568807339449541,
    0.7617737003058104,
    0.7654434250764526,
    0.7737003058103975,
    0.7755351681957187,
    0.7948012232415902,
    0.7709480122324159,
    0.7828746177370031
  ],
  "val_acc_true": [
    0.9788489916379735,
    0.9837678307919331,
    0.956222331529759,
    0.9522872602065913,
    0.9493359567142154,
    0.9326119035907526,
    0.9227742252828333,
    0.8760452533202164,
    0.9468765371372356,
    0.9109690113133301
  ],
  "val_acc_false": [
    0.26839126919967665,
    0.26434923201293453,
    0.42926434923201295,
    0.4486661277283751,
    0.46321746160064675,
    0.5125303152789006,
    0.5335489086499596,
    0.6612772837510105,
    0.48181083265966046,
    0.5723524656426839
  ],
  "prompt_ppl_ppx": [
    9983.00219187806,
    9983.00219187806,
    9983.00219187806,
    9983.00219187806,
    9983.00219187806,
    9983.00219187806,
    9983.00219187806,
    9983.00219187806,
    9983.00219187806,
    9983.00219187806
  ]
}