{
  "lambda_ppl": 0.1,
  "train_joint": [
    17.478402814972267,
    17.54931553829922,
    17.473086573568622,
    17.54331088762605,
    17.495416377635486,
    17.514654877480496,
    17.543766480349422,
    17.52267089157962,
    17.442423314726753,
    17.49537681193834
  ],
  "train_task": [
    16.346116586749474,
    16.417029337936572,
    16.34080034320274,
    16.411024682977228,
    16.363130168700486,
    16.382368683547117,
    16.411480292845308,
    16.390384712647855,
    16.310137095076314,
    16.36309058800172
  ],
  "train_ppl_loss": [
    11.322867393493652,
    11.322867393493652,
    11.322867393493652,
    11.322867393493652,
    11.322867393493652,
    11.322867393493652,
    11.322867393493652,
    11.322867393493652,
    11.322867393493652,
    11.322867393493652
  ],
  "train_ppl_ppx": [
    82691.11125997388,
    82691.11125997388,
    82691.11125997388,
    82691.11125997388,
    82691.11125997388,
    82691.11125997388,
    82691.11125997388,
    82691.11125997388,
    82691.11125997388,
    82691.11125997388
  ],
  "val_loss": [
    0.15333526007285933,
    0.13606769676978994,
    0.12409081117409032,
    0.11671088605028827,
    0.11852736282275944,
    0.1114918039611927,
    0.11946990317324313,
    0.11375729853241909,
    0.11011860011281764,
    0.11966452528609009
  ],
  "val_acc": [
    0.6657492354740061,
    0.7149847094801223,
    0.7868501529051988,
    0.7975535168195719,
    0.7963302752293578,
    0.8033639143730887,
    0.7975535168195719,
    0.807645259938838,
    0.8067278287461773,
    0.8003058103975536
  ],
  "val_acc_true": [
    0.9931136251844564,
    0.9680275454992622,
    0.8150516478111166,
    0.8342351205115592,
    0.8037383177570093,
    0.8622725036891293,
    0.7899655681259223,
    0.8288243974422036,
    0.8470241023118544,
    0.7958681751106739
  ],
  "val_acc_false": [
    0.12772837510105092,
    0.2991107518189167,
    0.740501212611156,
    0.7372675828617623,
    0.7841552142279709,
    0.7065481002425222,
    0.8100242522231205,
    0.7728375101050929,
    0.740501212611156,
    0.8075990299110751
  ],
  "prompt_ppl_ppx": [
    82691.11125997348,
    82691.11125997348,
    82691.11125997348,
    82691.11125997348,
    82691.11125997348,
    82691.11125997348,
    82691.11125997348,
    82691.11125997348,
    82691.11125997348,
    82691.11125997348
  ]
}