{
  "lambda_ppl": 0.1,
  "train_joint": [
    17.070881886428662,
    17.12480940443746,
    17.083501355031903,
    17.15258816494031,
    17.16790188992961,
    17.141948815677942,
    17.09950866270601,
    17.104670775338505,
    17.135617588343244,
    17.05378407681926
  ],
  "train_task": [
    16.17187999125277,
    16.225807464256714,
    16.184499404135714,
    16.253586222616473,
    16.26889994546269,
    16.24294688621264,
    16.200506733240704,
    16.20566885658864,
    16.23661568673809,
    16.15478212592307
  ],
  "train_ppl_loss": [
    8.990017890930176,
    8.990017890930176,
    8.990017890930176,
    8.990017890930176,
    8.990017890930176,
    8.990017890930176,
    8.990017890930176,
    8.990017890930176,
    8.990017890930176,
    8.990017890930176
  ],
  "train_ppl_ppx": [
    8022.600425851635,
    8022.600425851635,
    8022.600425851635,
    8022.600425851635,
    8022.600425851635,
    8022.600425851635,
    8022.600425851635,
    8022.600425851635,
    8022.600425851635,
    8022.600425851635
  ],
  "val_loss": [
    0.13823655803756016,
    0.17080270044687318,
    0.12009855886784995,
    0.11509366029101174,
    0.12012302492086481,
    0.11377142644146594,
    0.12143670737561656,
    0.11975536420941353,
    0.119940922282091,
    0.11587185347225608
  ],
  "val_acc": [
    0.7211009174311926,
    0.5954128440366973,
    0.7746177370030581,
    0.790519877675841,
    0.8006116207951071,
    0.8024464831804281,
    0.7929663608562691,
    0.7908256880733945,
    0.7969418960244649,
    0.8042813455657493
  ],
  "val_acc_true": [
    0.9527791441219872,
    0.3856369896704378,
    0.9198229217904574,
    0.8785046728971962,
    0.8283325135268077,
    0.8519429414658141,
    0.792916871618298,
    0.7993113625184457,
    0.8012788981800295,
    0.8199704869650762
  ],
  "val_acc_false": [
    0.3403395311236863,
    0.9401778496362166,
    0.5359741309620049,
    0.6459175424413904,
    0.7550525464834277,
    0.7210994341147938,
    0.7930476960388035,
    0.7768795472918351,
    0.7898140662894099,
    0.778496362166532
  ],
  "prompt_ppl_ppx": [
    8022.6004258516605,
    8022.6004258516605,
    8022.6004258516605,
    8022.6004258516605,
    8022.6004258516605,
    8022.6004258516605,
    8022.6004258516605,
    8022.6004258516605,
    8022.6004258516605,
    8022.6004258516605
  ]
}