{
  "lambda_ppl": 0.1,
  "train_joint": [
    18.32840861202626,
    18.31632708003012,
    18.292205549090095,
    18.303004078382855,
    18.31479797791899,
    18.31819297276186,
    18.332627084282006,
    18.321223038234066,
    18.288111504544034,
    18.28311015139805
  ],
  "train_task": [
    17.5674852156907,
    17.555403692266914,
    17.531282157040714,
    17.542080690619652,
    17.553874579440343,
    17.557269587141743,
    17.571703696518803,
    17.560299650470863,
    17.527188110351563,
    17.52218675506249
  ],
  "train_ppl_loss": [
    7.6092400550842285,
    7.6092400550842285,
    7.6092400550842285,
    7.6092400550842285,
    7.6092400550842285,
    7.6092400550842285,
    7.6092400550842285,
    7.6092400550842285,
    7.6092400550842285,
    7.6092400550842285
  ],
  "train_ppl_ppx": [
    2016.7449001844527,
    2016.7449001844527,
    2016.7449001844527,
    2016.7449001844527,
    2016.7449001844527,
    2016.7449001844527,
    2016.7449001844527,
    2016.7449001844527,
    2016.7449001844527,
    2016.7449001844527
  ],
  "val_loss": [
    0.13338350573690927,
    0.12757577374577522,
    0.12348727645670496,
    0.12319627820355136,
    0.11830884283635675,
    0.10909527005037156,
    0.11138662113467368,
    0.11150027967807723,
    0.11014149395249238,
    0.11017547009013048
  ],
  "val_acc": [
    0.7351681957186544,
    0.744954128440367,
    0.7510703363914373,
    0.7770642201834862,
    0.7709480122324159,
    0.7990825688073394,
    0.789296636085627,
    0.7902140672782875,
    0.8024464831804281,
    0.8058103975535168
  ],
  "val_acc_true": [
    0.9394982784062961,
    0.9350713231677324,
    0.9281849483521889,
    0.8435809149040826,
    0.8952287260206592,
    0.8848991637973438,
    0.8957206099360551,
    0.9045745204131825,
    0.8701426463354648,
    0.8622725036891293
  ],
  "val_acc_false": [
    0.3993532740501213,
    0.43249797898140663,
    0.459983831851253,
    0.6677445432497979,
    0.5666936135812449,
    0.6580436540016168,
    0.6143896523848019,
    0.6022635408245756,
    0.6911883589329022,
    0.7130153597413096
  ],
  "prompt_ppl_ppx": [
    2016.7449001844623,
    2016.7449001844623,
    2016.7449001844623,
    2016.7449001844623,
    2016.7449001844623,
    2016.7449001844623,
    2016.7449001844623,
    2016.7449001844623,
    2016.7449001844623,
    2016.7449001844623
  ]
}