{
  "lambda_ppl": 1.0,
  "train_joint": [
    25.650820014182102,
    25.72203204980057,
    25.696273417955034,
    25.689540644442097,
    25.72389338632648,
    25.682509398728275,
    25.711108106977484,
    25.69973333123025,
    25.679989289701656,
    25.604752649885885
  ],
  "train_task": [
    16.03691888444879,
    16.10813094578432,
    16.08237230536643,
    16.075639493277905,
    16.109992215874488,
    16.068608277567318,
    16.097206938668585,
    16.085832197210763,
    16.066088170683784,
    15.99085147300463
  ],
  "train_ppl_loss": [
    9.613901138305664,
    9.613901138305664,
    9.613901138305664,
    9.613901138305664,
    9.613901138305664,
    9.613901138305664,
    9.613901138305664,
    9.613901138305664,
    9.613901138305664,
    9.613901138305664
  ],
  "train_ppl_ppx": [
    14971.462054944654,
    14971.462054944654,
    14971.462054944654,
    14971.462054944654,
    14971.462054944654,
    14971.462054944654,
    14971.462054944654,
    14971.462054944654,
    14971.462054944654,
    14971.462054944654
  ],
  "val_loss": [
    0.14664127935723562,
    0.15133903150151415,
    0.1249666489297297,
    0.12173416787167875,
    0.11875775491864216,
    0.1259776634323161,
    0.11630315249104325,
    0.11308670511878119,
    0.11141708867578971,
    0.11267434276822137
  ],
  "val_acc": [
    0.7370030581039755,
    0.6844036697247706,
    0.7792048929663609,
    0.7718654434250765,
    0.7697247706422018,
    0.7626911314984709,
    0.7770642201834862,
    0.7951070336391437,
    0.7978593272171254,
    0.7960244648318043
  ],
  "val_acc_true": [
    0.8809640924741761,
    0.5784554845056566,
    0.8839153959665519,
    0.9198229217904574,
    0.9257255287752091,
    0.9508116084604034,
    0.9099852434825382,
    0.9060501721593703,
    0.8888342351205115,
    0.8701426463354648
  ],
  "val_acc_false": [
    0.5004042037186742,
    0.8585286984640259,
    0.6071139854486661,
    0.5286984640258691,
    0.513338722716249,
    0.4535165723524656,
    0.5586095392077607,
    0.6127728375101051,
    0.6483427647534358,
    0.6742118027485853
  ],
  "prompt_ppl_ppx": [
    14971.462054944723,
    14971.462054944723,
    14971.462054944723,
    14971.462054944723,
    14971.462054944723,
    14971.462054944723,
    14971.462054944723,
    14971.462054944723,
    14971.462054944723,
    14971.462054944723
  ]
}