{
  "lambda_ppl": 0.25,
  "train_joint": [
    18.103302685598308,
    18.040860101078334,
    18.01679631565394,
    18.044952143979877,
    18.104740352844924,
    18.062609597538295,
    18.10620534232493,
    18.05996893550573,
    18.108805294251173,
    18.003070664137937
  ],
  "train_task": [
    16.07003089390444,
    16.007588320099906,
    15.983524506815364,
    16.011680365144535,
    16.07146855472179,
    16.029337831561485,
    16.07293357849121,
    16.026697150241123,
    16.075533517558924,
    15.96979884244083
  ],
  "train_ppl_loss": [
    8.133087158203125,
    8.133087158203125,
    8.133087158203125,
    8.133087158203125,
    8.133087158203125,
    8.133087158203125,
    8.133087158203125,
    8.133087158203125,
    8.133087158203125,
    8.133087158203125
  ],
  "train_ppl_ppx": [
    3405.2960422731303,
    3405.2960422731303,
    3405.2960422731303,
    3405.2960422731303,
    3405.2960422731303,
    3405.2960422731303,
    3405.2960422731303,
    3405.2960422731303,
    3405.2960422731303,
    3405.2960422731303
  ],
  "val_loss": [
    0.17925394311910722,
    0.21062596672918737,
    0.14892852182795363,
    0.1328813897582089,
    0.12553952241816171,
    0.13169935225713544,
    0.13358286317528748,
    0.1268404517595361,
    0.12121966090507624,
    0.14036151810390193
  ],
  "val_acc": [
    0.6278287461773701,
    0.37889908256880733,
    0.7321100917431193,
    0.7318042813455657,
    0.7532110091743119,
    0.7412844036697248,
    0.7474006116207951,
    0.7617737003058104,
    0.7706422018348624,
    0.7434250764525994
  ],
  "val_acc_true": [
    1.0,
    0.0014756517461878996,
    0.792916871618298,
    0.9522872602065913,
    0.9232661091982293,
    0.8509591736350222,
    0.8204623708804722,
    0.8155435317265125,
    0.8332513526807673,
    0.7063453025086079
  ],
  "val_acc_false": [
    0.016168148746968473,
    0.9991915925626516,
    0.6321746160064673,
    0.3694421988682296,
    0.4737267582861762,
    0.561034761519806,
    0.6273241713823767,
    0.6734033953112368,
    0.6677445432497979,
    0.8043654001616815
  ],
  "prompt_ppl_ppx": [
    3405.296042273154,
    3405.296042273154,
    3405.296042273154,
    3405.296042273154,
    3405.296042273154,
    3405.296042273154,
    3405.296042273154,
    3405.296042273154,
    3405.296042273154,
    3405.296042273154
  ]
}