{
  "lambda_ppl": 0.25,
  "train_joint": [
    16.87666966084684,
    16.87935415117928,
    16.865323630343664,
    16.820504610726005,
    16.861124002263786,
    16.88660677149055,
    16.84739453176434,
    16.87126078873538,
    16.83544400890222,
    16.863989540700164
  ],
  "train_task": [
    16.87666966084684,
    16.87935415117928,
    16.865323630343664,
    16.820504610726005,
    16.861124002263786,
    16.88660677149055,
    16.84739453176434,
    16.87126078873538,
    16.83544400890222,
    16.863989540700164
  ],
  "train_ppl_loss": [
    0.0,
    0.0,
    0.0,
    0.0,
    0.0,
    0.0,
    0.0,
    0.0,
    0.0,
    0.0
  ],
  "train_ppl_ppx": [
    1.0,
    1.0,
    1.0,
    1.0,
    1.0,
    1.0,
    1.0,
    1.0,
    1.0,
    1.0
  ],
  "val_loss": [
    0.4226981639862061,
    0.3202299348646548,
    0.169378025947911,
    0.15847543686083176,
    0.1300866793023377,
    0.12550015244178656,
    0.13053718261511588,
    0.1626224039349614,
    0.11698876909184747,
    0.13367791984957167
  ],
  "val_acc": [
    0.645565749235474,
    0.6880733944954128,
    0.7217125382262997,
    0.7547400611620795,
    0.7706422018348624,
    0.7788990825688074,
    0.7691131498470948,
    0.7519877675840979,
    0.7853211009174312,
    0.7669724770642202
  ],
  "val_acc_true": [
    0.9975405804230202,
    0.9881947860304968,
    0.9818002951303493,
    0.9596655189375307,
    0.9498278406296115,
    0.927201180521397,
    0.9478603049680275,
    0.9714707329070339,
    0.911952779144122,
    0.9473684210526315
  ],
  "val_acc_false": [
    0.06709781729991916,
    0.1948261924009701,
    0.2942603071948262,
    0.417946645109135,
    0.4761519805982215,
    0.5351657235246564,
    0.47534357316087306,
    0.39126919967663704,
    0.5772029102667745,
    0.47049312853678255
  ],
  "prompt_ppl_ppx": [
    NaN,
    NaN,
    NaN,
    NaN,
    NaN,
    NaN,
    NaN,
    NaN,
    NaN,
    NaN
  ]
}