{
  "lambda_ppl": 0.75,
  "train_joint": [
    22.64350306050161,
    22.66064715439014,
    22.68334184710899,
    22.656264710158446,
    22.672146902191503,
    22.637779625881922,
    22.639269985241835,
    22.65058063121324,
    22.652094363094715,
    22.67605702260907
  ],
  "train_task": [
    15.687009933557404,
    15.704154061735347,
    15.726848752311106,
    15.69977165393615,
    15.715653824538327,
    15.681286541799482,
    15.682776911874836,
    15.694087544987712,
    15.695601300443156,
    15.719563925668094
  ],
  "train_ppl_loss": [
    9.275323867797852,
    9.275323867797852,
    9.275323867797852,
    9.275323867797852,
    9.275323867797852,
    9.275323867797852,
    9.275323867797852,
    9.275323867797852,
    9.275323867797852,
    9.275323867797852
  ],
  "train_ppl_ppx": [
    10671.414119466823,
    10671.414119466823,
    10671.414119466823,
    10671.414119466823,
    10671.414119466823,
    10671.414119466823,
    10671.414119466823,
    10671.414119466823,
    10671.414119466823,
    10671.414119466823
  ],
  "val_loss": [
    0.15956375882392976,
    0.23537967604834859,
    0.12998364320615444,
    0.1252474221696214,
    0.13351011977690022,
    0.11711099930561897,
    0.11621734614415867,
    0.12856478513922634,
    0.11493079679132234,
    0.11077732744558555
  ],
  "val_acc": [
    0.6801223241590214,
    0.37951070336391435,
    0.7657492354740061,
    0.7636085626911315,
    0.7724770642201835,
    0.7981651376146789,
    0.7990825688073394,
    0.7828746177370031,
    0.8055045871559633,
    0.8107033639143731
  ],
  "val_acc_true": [
    0.896704377766847,
    0.002459419576979833,
    0.8962124938514511,
    0.9311362518445647,
    0.7540580423020167,
    0.8863748155435317,
    0.8352188883423513,
    0.7604525332021643,
    0.838662075750123,
    0.8745696015740285
  ],
  "val_acc_false": [
    0.3241713823767179,
    0.9991915925626516,
    0.5513338722716249,
    0.48827809215844786,
    0.8027485852869847,
    0.6531932093775262,
    0.7396928051738076,
    0.8197251414713015,
    0.7510105092966856,
    0.7057396928051738
  ],
  "prompt_ppl_ppx": [
    10671.414119466863,
    10671.414119466863,
    10671.414119466863,
    10671.414119466863,
    10671.414119466863,
    10671.414119466863,
    10671.414119466863,
    10671.414119466863,
    10671.414119466863,
    10671.414119466863
  ]
}