{
  "lambda_ppl": 0.75,
  "train_joint": [
    22.73265259989192,
    22.746167425091347,
    22.740087371997618,
    22.66371531968706,
    22.709547947229964,
    22.723251981413767,
    22.636154264814397,
    22.722233860144453,
    22.779833765779987,
    22.660535713795866
  ],
  "train_task": [
    16.562134624866957,
    16.575649540076096,
    16.569569459122217,
    16.49319745824578,
    16.539030085788685,
    16.55273402781969,
    16.46563640123003,
    16.55171596655685,
    16.60931586362003,
    16.490017893073265
  ],
  "train_ppl_loss": [
    8.227356910705566,
    8.227356910705566,
    8.227356910705566,
    8.227356910705566,
    8.227356910705566,
    8.227356910705566,
    8.227356910705566,
    8.227356910705566,
    8.227356910705566,
    8.227356910705566
  ],
  "train_ppl_ppx": [
    3741.930413934329,
    3741.930413934329,
    3741.930413934329,
    3741.930413934329,
    3741.930413934329,
    3741.930413934329,
    3741.930413934329,
    3741.930413934329,
    3741.930413934329,
    3741.930413934329
  ],
  "val_loss": [
    0.17673487630559176,
    0.11507120924751933,
    0.11446539138602774,
    0.11302801130748377,
    0.13145871177860877,
    0.11530504478823121,
    0.11074540396107406,
    0.10994158620696243,
    0.11937272347873304,
    0.11064704262265344
  ],
  "val_acc": [
    0.5565749235474006,
    0.7880733944954128,
    0.7963302752293578,
    0.8055045871559633,
    0.7782874617737003,
    0.7972477064220184,
    0.8103975535168195,
    0.8103975535168195,
    0.7978593272171254,
    0.8140672782874617
  ],
  "val_acc_true": [
    0.31283817019183474,
    0.9055582882439744,
    0.9222823413674373,
    0.8406296114117069,
    0.7515986227250369,
    0.9060501721593703,
    0.8696507624200689,
    0.8514510575504181,
    0.7988194786030497,
    0.8809640924741761
  ],
  "val_acc_false": [
    0.9571544058205336,
    0.5949878738884398,
    0.5893290218270008,
    0.7477768795472919,
    0.8221503637833468,
    0.618431689571544,
    0.7130153597413096,
    0.7429264349232013,
    0.7962813257881972,
    0.704122877930477
  ],
  "prompt_ppl_ppx": [
    3741.9304139342885,
    3741.9304139342885,
    3741.9304139342885,
    3741.9304139342885,
    3741.9304139342885,
    3741.9304139342885,
    3741.9304139342885,
    3741.9304139342885,
    3741.9304139342885,
    3741.9304139342885
  ]
}