{
  "lambda_ppl": 1.0,
  "train_joint": [
    27.649448051881254,
    27.663019703211408,
    27.632360316930193,
    27.686756519789107,
    27.639991567375954,
    27.62239827788278,
    27.65088920164644,
    27.631925347146023,
    27.648172644282994,
    27.680690482493198
  ],
  "train_task": [
    16.837092065275385,
    16.85066370374701,
    16.820004236028435,
    16.87440058033118,
    16.82763569221068,
    16.810042346997207,
    16.838533264331602,
    16.81956937768486,
    16.83581669196654,
    16.868334562323067
  ],
  "train_ppl_loss": [
    10.812355995178223,
    10.812355995178223,
    10.812355995178223,
    10.812355995178223,
    10.812355995178223,
    10.812355995178223,
    10.812355995178223,
    10.812355995178223,
    10.812355995178223,
    10.812355995178223
  ],
  "train_ppl_ppx": [
    49630.25939667364,
    49630.25939667364,
    49630.25939667364,
    49630.25939667364,
    49630.25939667364,
    49630.25939667364,
    49630.25939667364,
    49630.25939667364,
    49630.25939667364,
    49630.25939667364
  ],
  "val_loss": [
    0.1354003134842326,
    0.15244878685874183,
    15.352454855383897,
    16.704765119785215,
    13.876175159361305,
    12.054758495237769,
    9.392584851892982,
    5.800809536910639,
    1.1882828761891622,
    0.22792895683428135
  ],
  "val_acc": [
    0.7308868501529052,
    0.7055045871559633,
    0.40948012232415903,
    0.7305810397553517,
    0.7162079510703364,
    0.6978593272171254,
    0.6669724770642201,
    0.7192660550458716,
    0.7443425076452599,
    0.6960244648318042
  ],
  "val_acc_true": [
    0.9645843580914905,
    0.9793408755533693,
    0.08165272995573045,
    0.7432365961633055,
    0.6881455976389572,
    0.6079685194294147,
    0.5351696999508117,
    0.7092966060009838,
    0.8745696015740285,
    0.9837678307919331
  ],
  "val_acc_false": [
    0.3468067906224737,
    0.25545675020210185,
    0.9482619240097009,
    0.7097817299919159,
    0.7623282134195635,
    0.8455941794664511,
    0.883589329021827,
    0.7356507679870655,
    0.5303152789005658,
    0.2231204527081649
  ],
  "prompt_ppl_ppx": [
    49630.25939667389,
    49630.25939667389,
    49630.25939667389,
    49630.25939667389,
    49630.25939667389,
    49630.25939667389,
    49630.25939667389,
    49630.25939667389,
    49630.25939667389,
    49630.25939667389
  ]
}