{
  "lambda_ppl": 0.5,
  "train_joint": [
    20.514909199918254,
    20.51950999484973,
    20.6006476070104,
    20.533664930536506,
    20.596453428804203,
    20.604797667599797,
    20.567429347520463,
    20.64027956416098,
    20.60353053660875,
    20.59646830612354
  ],
  "train_task": [
    16.715541233105604,
    16.72014203018017,
    16.80127964877011,
    16.7342969744393,
    16.797085472707,
    16.805429692214794,
    16.768061391423256,
    16.84091159949142,
    16.804162576225366,
    16.797100337167805
  ],
  "train_ppl_loss": [
    7.5987372398376465,
    7.5987372398376465,
    7.5987372398376465,
    7.5987372398376465,
    7.5987372398376465,
    7.5987372398376465,
    7.5987372398376465,
    7.5987372398376465,
    7.5987372398376465,
    7.5987372398376465
  ],
  "train_ppl_ppx": [
    1995.6742453856857,
    1995.6742453856857,
    1995.6742453856857,
    1995.6742453856857,
    1995.6742453856857,
    1995.6742453856857,
    1995.6742453856857,
    1995.6742453856857,
    1995.6742453856857,
    1995.6742453856857
  ],
  "val_loss": [
    0.9682315289974213,
    0.16290015600530838,
    0.1835337899579871,
    0.151114905718714,
    0.14324155878502784,
    0.13463186364302912,
    0.14287652106183332,
    0.13089879673746666,
    0.12915103044133724,
    0.12108511454085025
  ],
  "val_acc": [
    0.6773700305810397,
    0.7385321100917431,
    0.7391437308868501,
    0.7532110091743119,
    0.7547400611620795,
    0.7685015290519878,
    0.7636085626911315,
    0.7737003058103975,
    0.7764525993883792,
    0.7874617737003058
  ],
  "val_acc_true": [
    0.9896704377766847,
    0.9714707329070339,
    0.9739301524840138,
    0.9660600098376783,
    0.9606492867683227,
    0.9458927693064437,
    0.956222331529759,
    0.941957697983276,
    0.9404820462370881,
    0.9178553861288736
  ],
  "val_acc_false": [
    0.16410670978173,
    0.3556992724333064,
    0.3532740501212611,
    0.4033953112368634,
    0.41632983023443815,
    0.47696038803556995,
    0.44704931285367827,
    0.4971705739692805,
    0.5068714632174616,
    0.5731608730800324
  ],
  "prompt_ppl_ppx": [
    1995.6742453856837,
    1995.6742453856837,
    1995.6742453856837,
    1995.6742453856837,
    1995.6742453856837,
    1995.6742453856837,
    1995.6742453856837,
    1995.6742453856837,
    1995.6742453856837,
    1995.6742453856837
  ]
}