{
  "lambda_ppl": 0.01,
  "train_joint": [
    17.77889495163821,
    17.78370821663503,
    17.77617550110549,
    17.77811281868581,
    17.783510182412822,
    17.790161960044603,
    17.756397832377573,
    17.767035807920305,
    17.84653841511587,
    17.774799621239136
  ],
  "train_task": [
    17.6867661979761,
    17.69157946297292,
    17.684046747443382,
    17.685984060737525,
    17.691381428750713,
    17.698033206382494,
    17.664269078715463,
    17.674907054258195,
    17.75440966145376,
    17.682670863290852
  ],
  "train_ppl_loss": [
    9.212918281555176,
    9.212918281555176,
    9.212918281555176,
    9.212918281555176,
    9.212918281555176,
    9.212918281555176,
    9.212918281555176,
    9.212918281555176,
    9.212918281555176,
    9.212918281555176
  ],
  "train_ppl_ppx": [
    10025.812352450454,
    10025.812352450454,
    10025.812352450454,
    10025.812352450454,
    10025.812352450454,
    10025.812352450454,
    10025.812352450454,
    10025.812352450454,
    10025.812352450454,
    10025.812352450454
  ],
  "val_loss": [
    0.1440681522030656,
    0.12641556720908095,
    0.14777506868831994,
    0.12442716031176287,
    0.1177011024116016,
    0.1137353064265193,
    0.11628208982690079,
    0.11294400793750112,
    0.11305366313857276,
    0.11304091134267609
  ],
  "val_acc": [
    0.7070336391437309,
    0.7788990825688074,
    0.72782874617737,
    0.7755351681957187,
    0.7810397553516819,
    0.7938837920489297,
    0.790519877675841,
    0.7954128440366972,
    0.7981651376146789,
    0.7993883792048929
  ],
  "val_acc_true": [
    0.9758976881455976,
    0.853418593212002,
    0.9724545007378259,
    0.8593212001967536,
    0.882439744220364,
    0.8858829316281358,
    0.8421052631578947,
    0.8494835218888342,
    0.8819478603049681,
    0.838170191834727
  ],
  "val_acc_false": [
    0.2651576394502829,
    0.65642683912692,
    0.3257881972514147,
    0.6378334680679062,
    0.6143896523848019,
    0.6426839126919968,
    0.7057396928051738,
    0.7065481002425222,
    0.6604688763136621,
    0.7356507679870655
  ],
  "prompt_ppl_ppx": [
    10025.812352450332,
    10025.812352450332,
    10025.812352450332,
    10025.812352450332,
    10025.812352450332,
    10025.812352450332,
    10025.812352450332,
    10025.812352450332,
    10025.812352450332,
    10025.812352450332
  ]
}