{
  "lambda_ppl": 10.0,
  "train_joint": [
    110.65579569955891,
    110.56447966500615,
    110.58010012165884,
    110.60823503129937,
    110.58369908707866,
    110.59127490440112,
    110.55816916133581,
    110.56317670157786,
    110.56632085221537,
    110.5822821799289
  ],
  "train_task": [
    16.66655320156826,
    16.575237059861088,
    16.59085748008128,
    16.61899260403065,
    16.594456571943304,
    16.60203220496017,
    16.56892673621017,
    16.573934120006776,
    16.577078311362964,
    16.593039450484714
  ],
  "train_ppl_loss": [
    9.398923873901367,
    9.398923873901367,
    9.398923873901367,
    9.398923873901367,
    9.398923873901367,
    9.398923873901367,
    9.398923873901367,
    9.398923873901367,
    9.398923873901367,
    9.398923873901367
  ],
  "train_ppl_ppx": [
    12075.379105171774,
    12075.379105171774,
    12075.379105171774,
    12075.379105171774,
    12075.379105171774,
    12075.379105171774,
    12075.379105171774,
    12075.379105171774,
    12075.379105171774,
    12075.379105171774
  ],
  "val_loss": [
    0.2016321912771318,
    0.2020520345466893,
    0.23029257175399037,
    0.16657810945336413,
    0.16695615089521176,
    0.16718839276127698,
    0.1783402416764236,
    0.17077255103646255,
    0.17892730301473198,
    0.16651729265364204
  ],
  "val_acc": [
    0.37889908256880733,
    0.3782874617737003,
    0.3782874617737003,
    0.6217125382262997,
    0.6217125382262997,
    0.6217125382262997,
    0.6217125382262997,
    0.6217125382262997,
    0.3779816513761468,
    0.6217125382262997
  ],
  "val_acc_true": [
    0.000983767830791933,
    0.0,
    0.0,
    1.0,
    1.0,
    1.0,
    1.0,
    1.0,
    0.000983767830791933,
    1.0
  ],
  "val_acc_false": [
    1.0,
    1.0,
    1.0,
    0.0,
    0.0,
    0.0,
    0.0,
    0.0,
    0.9975747776879548,
    0.0
  ],
  "prompt_ppl_ppx": [
    12075.379105171714,
    12075.379105171714,
    12075.379105171714,
    12075.379105171714,
    12075.379105171714,
    12075.379105171714,
    12075.379105171714,
    12075.379105171714,
    12075.379105171714,
    12075.379105171714
  ]
}