{
  "lambda_ppl": 1.0,
  "train_joint": [
    24.86713202830111,
    24.87664768776197,
    24.899537388662274,
    24.87114192662614,
    24.88457771044099,
    24.91081122923433,
    24.86568144894718,
    24.85269267050068,
    24.89864217350992,
    24.793780050384864
  ],
  "train_task": [
    16.323820776350043,
    16.33333656868238,
    16.35622623315018,
    16.32783081183273,
    16.34126656135816,
    16.367500054434444,
    16.322370304150528,
    16.309381446409763,
    16.355331020140916,
    16.250468879871153
  ],
  "train_ppl_loss": [
    8.54331111907959,
    8.54331111907959,
    8.54331111907959,
    8.54331111907959,
    8.54331111907959,
    8.54331111907959,
    8.54331111907959,
    8.54331111907959,
    8.54331111907959,
    8.54331111907959
  ],
  "train_ppl_ppx": [
    5132.309948001054,
    5132.309948001054,
    5132.309948001054,
    5132.309948001054,
    5132.309948001054,
    5132.309948001054,
    5132.309948001054,
    5132.309948001054,
    5132.309948001054,
    5132.309948001054
  ],
  "val_loss": [
    0.12950194327206146,
    0.13005022126726987,
    0.11988072726966405,
    0.11312406113507543,
    0.11076139104893294,
    0.11528203398352715,
    0.11302712605130381,
    0.1307596955448389,
    0.1139750993424436,
    0.11337832545907033
  ],
  "val_acc": [
    0.746177370030581,
    0.7831804281345566,
    0.7743119266055046,
    0.8018348623853211,
    0.8119266055045872,
    0.8061162079510703,
    0.8146788990825689,
    0.7850152905198777,
    0.8045871559633028,
    0.8055045871559633
  ],
  "val_acc_true": [
    0.9650762420068864,
    0.7860304968027545,
    0.9429414658140679,
    0.8991637973438269,
    0.8662075750122971,
    0.8214461387112642,
    0.853910477127398,
    0.7476635514018691,
    0.809640924741761,
    0.82439744220364
  ],
  "val_acc_false": [
    0.38641875505254647,
    0.778496362166532,
    0.4971705739692805,
    0.6418755052546483,
    0.7227162489894907,
    0.7809215844785772,
    0.7502021018593371,
    0.8464025869037995,
    0.7962813257881972,
    0.7744543249797898
  ],
  "prompt_ppl_ppx": [
    5132.309948001034,
    5132.309948001034,
    5132.309948001034,
    5132.309948001034,
    5132.309948001034,
    5132.309948001034,
    5132.309948001034,
    5132.309948001034,
    5132.309948001034,
    5132.309948001034
  ]
}