{
  "lambda_ppl": 0.5,
  "train_joint": [
    21.475326773825657,
    21.432613711410696,
    21.50471768754252,
    21.473943856057158,
    21.466346783584424,
    21.507031974363862,
    21.501254362470647,
    21.451576284344277,
    21.51097933308462,
    21.50745938333233
  ],
  "train_task": [
    16.898187836636318,
    16.855474761362824,
    16.927578741780827,
    16.8968049038662,
    16.88920784210891,
    16.92989304574688,
    16.924115408136604,
    16.874437327867145,
    16.933840393752195,
    16.93032043328446
  ],
  "train_ppl_loss": [
    9.154278755187988,
    9.154278755187988,
    9.154278755187988,
    9.154278755187988,
    9.154278755187988,
    9.154278755187988,
    9.154278755187988,
    9.154278755187988,
    9.154278755187988,
    9.154278755187988
  ],
  "train_ppl_ppx": [
    9454.808766006143,
    9454.808766006143,
    9454.808766006143,
    9454.808766006143,
    9454.808766006143,
    9454.808766006143,
    9454.808766006143,
    9454.808766006143,
    9454.808766006143,
    9454.808766006143
  ],
  "val_loss": [
    0.18265681613872692,
    0.148778107180828,
    0.12861770649508733,
    0.12114367092527994,
    0.11800173161233343,
    0.11839002554373043,
    0.11647663541683337,
    0.11460826677701823,
    0.11677366701386324,
    0.11236388169955916
  ],
  "val_acc": [
    0.6446483180428134,
    0.6834862385321101,
    0.7507645259938838,
    0.7810397553516819,
    0.773394495412844,
    0.7685015290519878,
    0.7779816513761468,
    0.7963302752293578,
    0.7929663608562691,
    0.8003058103975536
  ],
  "val_acc_true": [
    0.9965568125922283,
    0.9867191342843089,
    0.9158878504672897,
    0.8883423512051156,
    0.9055582882439744,
    0.9208066896212493,
    0.9188391539596655,
    0.868175110673881,
    0.8258730939498279,
    0.8809640924741761
  ],
  "val_acc_false": [
    0.06628940986257073,
    0.185125303152789,
    0.4793856103476152,
    0.6046887631366209,
    0.5561843168957155,
    0.5181891673403395,
    0.5464834276475343,
    0.6782538399353274,
    0.7388843977364592,
    0.6677445432497979
  ],
  "prompt_ppl_ppx": [
    9454.808766006241,
    9454.808766006241,
    9454.808766006241,
    9454.808766006241,
    9454.808766006241,
    9454.808766006241,
    9454.808766006241,
    9454.808766006241,
    9454.808766006241,
    9454.808766006241
  ]
}