{
  "lambda_ppl": 0.75,
  "train_joint": [
    23.07339521258065,
    23.120597054985133,
    23.146130799711422,
    23.129406305377405,
    23.1283457381002,
    23.124666256851025,
    23.12294223656815,
    23.102502634284203,
    23.147000100639428,
    23.133635733100807
  ],
  "train_task": [
    16.18464985965343,
    16.231851779209094,
    16.257385560367883,
    16.240661021029013,
    16.239600503042844,
    16.23592100250587,
    16.234196894356373,
    16.21375733707728,
    16.258254792717064,
    16.244890498043446
  ],
  "train_ppl_loss": [
    9.184993743896484,
    9.184993743896484,
    9.184993743896484,
    9.184993743896484,
    9.184993743896484,
    9.184993743896484,
    9.184993743896484,
    9.184993743896484,
    9.184993743896484,
    9.184993743896484
  ],
  "train_ppl_ppx": [
    9749.719008118855,
    9749.719008118855,
    9749.719008118855,
    9749.719008118855,
    9749.719008118855,
    9749.719008118855,
    9749.719008118855,
    9749.719008118855,
    9749.719008118855,
    9749.719008118855
  ],
  "val_loss": [
    0.24830396378912578,
    0.1325869370887919,
    0.12854840063103815,
    0.11337736014549325,
    0.12463453345727629,
    0.11045579424173367,
    0.11669291882980161,
    0.12892381395326882,
    0.11191183378147643,
    0.11353659439922834
  ],
  "val_acc": [
    0.38103975535168194,
    0.7703363914373089,
    0.772782874617737,
    0.7966360856269113,
    0.7831804281345566,
    0.808868501529052,
    0.7981651376146789,
    0.7767584097859327,
    0.8070336391437309,
    0.8058103975535168
  ],
  "val_acc_true": [
    0.004426955238563699,
    0.823413674372848,
    0.7776684702410231,
    0.8558780127889818,
    0.7688145597638957,
    0.8593212001967536,
    0.807673389080177,
    0.7393015248401378,
    0.8253812100344319,
    0.82439744220364
  ],
  "val_acc_false": [
    1.0,
    0.683104284559418,
    0.7647534357316087,
    0.6992724333063864,
    0.8067906224737268,
    0.7259498787388844,
    0.7825383993532741,
    0.8383185125303153,
    0.7768795472918351,
    0.7752627324171383
  ],
  "prompt_ppl_ppx": [
    9749.719008118893,
    9749.719008118893,
    9749.719008118893,
    9749.719008118893,
    9749.719008118893,
    9749.719008118893,
    9749.719008118893,
    9749.719008118893,
    9749.719008118893,
    9749.719008118893
  ]
}