{
  "lambda_ppl": 10.0,
  "train_joint": [
    109.45017677907194,
    109.42578183292004,
    109.4864753808868,
    109.5082663032446,
    109.49066390133976,
    109.4860227949164,
    109.54174434361833,
    109.47746907780679,
    109.46670311059844,
    109.50593962937259
  ],
  "train_task": [
    16.930004668503663,
    16.90560977807206,
    16.966303259603094,
    16.988094158386915,
    16.970491702904862,
    16.965850607196938,
    17.021572117323284,
    16.957296872942635,
    16.94653099145782,
    16.98576756595226
  ],
  "train_ppl_loss": [
    9.2520170211792,
    9.2520170211792,
    9.2520170211792,
    9.2520170211792,
    9.2520170211792,
    9.2520170211792,
    9.2520170211792,
    9.2520170211792,
    9.2520170211792,
    9.2520170211792
  ],
  "train_ppl_ppx": [
    10425.573125043053,
    10425.573125043053,
    10425.573125043053,
    10425.573125043053,
    10425.573125043053,
    10425.573125043053,
    10425.573125043053,
    10425.573125043053,
    10425.573125043053,
    10425.573125043053
  ],
  "val_loss": [
    0.21505565968591991,
    0.21008524534905829,
    0.20060655410151657,
    0.16744225591239406,
    0.14286285202677657,
    0.13101974972864477,
    0.14115496669418928,
    0.12514081155744994,
    0.11983030595612235,
    0.13885166793153053
  ],
  "val_acc": [
    0.6452599388379205,
    0.6593272171253822,
    0.6865443425076453,
    0.6902140672782875,
    0.7180428134556575,
    0.7412844036697248,
    0.7253822629969419,
    0.7559633027522936,
    0.771559633027523,
    0.7422018348623853
  ],
  "val_acc_true": [
    0.9945892769306444,
    0.9940973930152484,
    0.9911460895228726,
    0.9891785538612887,
    0.9788489916379735,
    0.9665518937530743,
    0.9773733398917855,
    0.9567142154451549,
    0.9399901623216921,
    0.9724545007378259
  ],
  "val_acc_false": [
    0.07113985448666128,
    0.10913500404203719,
    0.18593371059013744,
    0.19886822958771222,
    0.28940986257073564,
    0.37105901374292644,
    0.3112368633791431,
    0.4260307194826192,
    0.49474535165723527,
    0.36378334680679064
  ],
  "prompt_ppl_ppx": [
    10425.573125043144,
    10425.573125043144,
    10425.573125043144,
    10425.573125043144,
    10425.573125043144,
    10425.573125043144,
    10425.573125043144,
    10425.573125043144,
    10425.573125043144,
    10425.573125043144
  ]
}