{
  "lambda_ppl": 0.75,
  "train_joint": [
    23.72944033333425,
    23.745259119955342,
    23.69821545890208,
    23.735660720139407,
    23.681275215577543,
    23.73497476899222,
    23.718753741832263,
    23.70904569304391,
    23.69717786124583,
    23.76016380224335
  ],
  "train_task": [
    17.191348665215997,
    17.20716746469562,
    17.16012380364236,
    17.197569064879687,
    17.14318354960238,
    17.196883107303233,
    17.180662080143275,
    17.170954033498013,
    17.159086197413757,
    17.222072144840542
  ],
  "train_ppl_loss": [
    8.717455863952637,
    8.717455863952637,
    8.717455863952637,
    8.717455863952637,
    8.717455863952637,
    8.717455863952637,
    8.717455863952637,
    8.717455863952637,
    8.717455863952637,
    8.717455863952637
  ],
  "train_ppl_ppx": [
    6108.618146303998,
    6108.618146303998,
    6108.618146303998,
    6108.618146303998,
    6108.618146303998,
    6108.618146303998,
    6108.618146303998,
    6108.618146303998,
    6108.618146303998,
    6108.618146303998
  ],
  "val_loss": [
    0.16121551536659642,
    0.11499487425132496,
    0.12226555923045408,
    0.12464750759848735,
    0.11524410062446827,
    0.11301831645300475,
    0.11288022141812779,
    0.1192531137113891,
    0.1205625222223561,
    0.12339323509211947
  ],
  "val_acc": [
    0.7159021406727829,
    0.7966360856269113,
    0.7764525993883792,
    0.789296636085627,
    0.8012232415902141,
    0.8036697247706422,
    0.8055045871559633,
    0.7944954128440367,
    0.7990825688073394,
    0.7896024464831805
  ],
  "val_acc_true": [
    0.9763895720609936,
    0.8544023610427939,
    0.9232661091982293,
    0.7771765863256271,
    0.8568617806197737,
    0.8416133792424988,
    0.8878504672897196,
    0.794392523364486,
    0.8047220855878012,
    0.7776684702410231
  ],
  "val_acc_false": [
    0.2877930476960388,
    0.7016976556184317,
    0.5351657235246564,
    0.809215844785772,
    0.7097817299919159,
    0.7413096200485044,
    0.6701697655618432,
    0.7946645109135004,
    0.7898140662894099,
    0.809215844785772
  ],
  "prompt_ppl_ppx": [
    6108.618146303945,
    6108.618146303945,
    6108.618146303945,
    6108.618146303945,
    6108.618146303945,
    6108.618146303945,
    6108.618146303945,
    6108.618146303945,
    6108.618146303945,
    6108.618146303945
  ]
}