{
  "lambda_ppl": 0.25,
  "train_joint": [
    20.320337012644565,
    20.384840641664656,
    20.355701052204946,
    20.36276368130459,
    20.381595727299036,
    20.3797578533044,
    20.31398971214723,
    20.34060344481736,
    20.35078224867917,
    20.339669229743187
  ],
  "train_task": [
    17.11323713024011,
    17.1777407592602,
    17.148601150512697,
    17.155663783898515,
    17.174495836322226,
    17.172657973043034,
    17.10688981045498,
    17.133503549554376,
    17.143682364131628,
    17.1325693344802
  ],
  "train_ppl_loss": [
    12.828396797180176,
    12.828396797180176,
    12.828396797180176,
    12.828396797180176,
    12.828396797180176,
    12.828396797180176,
    12.828396797180176,
    12.828396797180176,
    12.828396797180176,
    12.828396797180176
  ],
  "train_ppl_ppx": [
    372650.6994163876,
    372650.6994163876,
    372650.6994163876,
    372650.6994163876,
    372650.6994163876,
    372650.6994163876,
    372650.6994163876,
    372650.6994163876,
    372650.6994163876,
    372650.6994163876
  ],
  "val_loss": [
    0.1339125316862653,
    0.13300600855088815,
    0.12424302064790958,
    0.12227839031597464,
    0.12104050889611244,
    0.11671443338074335,
    0.11556678568808045,
    0.11427510513401613,
    0.11150703259357592,
    0.11463799073201854
  ],
  "val_acc": [
    0.7510703363914373,
    0.7559633027522936,
    0.773394495412844,
    0.7868501529051988,
    0.7831804281345566,
    0.790519877675841,
    0.7932721712538227,
    0.7954128440366972,
    0.7935779816513762,
    0.7990825688073394
  ],
  "val_acc_true": [
    0.9537629119527792,
    0.7609444171175602,
    0.8558780127889818,
    0.8411214953271028,
    0.8352188883423513,
    0.8499754058042303,
    0.8563698967043778,
    0.8632562715199213,
    0.896704377766847,
    0.8396458435809149
  ],
  "val_acc_false": [
    0.417946645109135,
    0.7477768795472919,
    0.6378334680679062,
    0.6976556184316896,
    0.6976556184316896,
    0.692805173807599,
    0.6895715440582053,
    0.6839126919967664,
    0.624090541632983,
    0.7324171382376717
  ],
  "prompt_ppl_ppx": [
    372650.699416387,
    372650.699416387,
    372650.699416387,
    372650.699416387,
    372650.699416387,
    372650.699416387,
    372650.699416387,
    372650.699416387,
    372650.699416387,
    372650.699416387
  ]
}