{
  "lambda_ppl": 0.0,
  "train_joint": [
    16.80727923961168,
    16.81415162890145,
    16.796680996926984,
    16.798650497265076,
    16.763738407177872,
    16.821676845764845,
    16.79008214714822,
    16.707507135626976,
    16.793801031219825,
    16.8424424032147
  ],
  "train_task": [
    16.80727923961168,
    16.81415162890145,
    16.796680996926984,
    16.798650497265076,
    16.763738407177872,
    16.821676845764845,
    16.79008214714822,
    16.707507135626976,
    16.793801031219825,
    16.8424424032147
  ],
  "train_ppl_loss": [
    0.0,
    0.0,
    0.0,
    0.0,
    0.0,
    0.0,
    0.0,
    0.0,
    0.0,
    0.0
  ],
  "train_ppl_ppx": [
    0.0,
    0.0,
    0.0,
    0.0,
    0.0,
    0.0,
    0.0,
    0.0,
    0.0,
    0.0
  ],
  "val_loss": [
    0.14231435169533985,
    0.14953332637868277,
    0.14319985100045438,
    0.14819105436525692,
    0.137525614332862,
    0.13590374976033118,
    0.1370237015006019,
    0.13179388495116698,
    0.13001017466914364,
    0.12914789348113828
  ],
  "val_acc": [
    0.726605504587156,
    0.6902140672782875,
    0.7009174311926606,
    0.6877675840978593,
    0.7229357798165138,
    0.7244648318042813,
    0.7379204892966361,
    0.7311926605504587,
    0.7412844036697248,
    0.7431192660550459
  ],
  "val_acc_true": [
    0.8445646827348746,
    0.9749139203148057,
    0.9463846532218396,
    0.9768814559763895,
    0.8996556812592228,
    0.9163797343826857,
    0.8189867191342843,
    0.9198229217904574,
    0.8893261190359075,
    0.9016232169208067
  ],
  "val_acc_false": [
    0.5327405012126112,
    0.2223120452708165,
    0.2974939369442199,
    0.21261115602263542,
    0.43249797898140663,
    0.40905416329830235,
    0.6046887631366209,
    0.4211802748585287,
    0.49797898140662894,
    0.4826192400970089
  ],
  "prompt_ppl_ppx": [
    0.0,
    0.0,
    0.0,
    0.0,
    0.0,
    0.0,
    0.0,
    0.0,
    0.0,
    0.0
  ]
}