{
  "lambda_ppl": 0.75,
  "train_joint": [
    16.980545187532233,
    17.02753945254208,
    17.00152711332514,
    17.014016095707927,
    17.011139747533907,
    16.986145480295246,
    17.000001843055983,
    16.99489395055878,
    17.003573634115497,
    17.055083772037808
  ],
  "train_task": [
    16.980545187532233,
    17.02753945254208,
    17.00152711332514,
    17.014016095707927,
    17.011139747533907,
    16.986145480295246,
    17.000001843055983,
    16.99489395055878,
    17.003573634115497,
    17.055083772037808
  ],
  "train_ppl_loss": [
    0.0,
    0.0,
    0.0,
    0.0,
    0.0,
    0.0,
    0.0,
    0.0,
    0.0,
    0.0
  ],
  "train_ppl_ppx": [
    1.0,
    1.0,
    1.0,
    1.0,
    1.0,
    1.0,
    1.0,
    1.0,
    1.0,
    1.0
  ],
  "val_loss": [
    1.0588392801401092,
    0.3938934121190048,
    0.16227494393270916,
    0.153656560623246,
    0.15582885162495985,
    0.15515134480622847,
    0.15218662941464928,
    0.127955201745215,
    0.14862368407591087,
    0.12690766051229907
  ],
  "val_acc": [
    0.636085626911315,
    0.7064220183486238,
    0.7434250764525994,
    0.7519877675840979,
    0.7495412844036697,
    0.7651376146788991,
    0.7571865443425077,
    0.7740061162079511,
    0.7581039755351682,
    0.7749235474006116
  ],
  "val_acc_true": [
    0.9980324643384161,
    0.985735366453517,
    0.9714707329070339,
    0.9591736350221348,
    0.9631087063453025,
    0.9517953762911953,
    0.9581898671913428,
    0.9335956714215445,
    0.9631087063453025,
    0.9360550909985244
  ],
  "val_acc_false": [
    0.041228779304769606,
    0.24737267582861763,
    0.36863379143088115,
    0.41147938561034764,
    0.39854486661277283,
    0.4583670169765562,
    0.42683912691996767,
    0.5117219078415521,
    0.4211802748585287,
    0.5101050929668552
  ],
  "prompt_ppl_ppx": [
    NaN,
    NaN,
    NaN,
    NaN,
    NaN,
    NaN,
    NaN,
    NaN,
    NaN,
    NaN
  ]
}