{
  "lambda_ppl": 0.01,
  "train_joint": [
    17.339137621675984,
    17.310919296607544,
    17.348823810963147,
    17.33294610227092,
    17.341269118062566,
    17.31193275665969,
    17.314357997594254,
    17.303556596563105,
    17.309945777293002,
    17.317756995726167
  ],
  "train_task": [
    17.230821176593224,
    17.202602849381694,
    17.240507357308033,
    17.224629646472717,
    17.23295266655054,
    17.203616294432223,
    17.206041556797672,
    17.195240145051077,
    17.20162932363789,
    17.209440537784875
  ],
  "train_ppl_loss": [
    10.831700325012207,
    10.831700325012207,
    10.831700325012207,
    10.831700325012207,
    10.831700325012207,
    10.831700325012207,
    10.831700325012207,
    10.831700325012207,
    10.831700325012207,
    10.831700325012207
  ],
  "train_ppl_ppx": [
    50599.669569753176,
    50599.669569753176,
    50599.669569753176,
    50599.669569753176,
    50599.669569753176,
    50599.669569753176,
    50599.669569753176,
    50599.669569753176,
    50599.669569753176,
    50599.669569753176
  ],
  "val_loss": [
    0.12586651553468006,
    0.11662521907469121,
    0.11398062151743145,
    0.11208301582714407,
    0.11271130715201541,
    0.11185895726993317,
    0.1165490644098055,
    0.1100661324109973,
    0.11071473197875227,
    0.10951569425623592
  ],
  "val_acc": [
    0.7853211009174312,
    0.7837920489296636,
    0.791743119266055,
    0.7941896024464832,
    0.7963302752293578,
    0.8009174311926606,
    0.7978593272171254,
    0.8048929663608563,
    0.8003058103975536,
    0.8055045871559633
  ],
  "val_acc_true": [
    0.823413674372848,
    0.9055582882439744,
    0.8898180029513035,
    0.8839153959665519,
    0.8558780127889818,
    0.8563698967043778,
    0.8135759960649287,
    0.8701426463354648,
    0.8789965568125923,
    0.8726020659124447
  ],
  "val_acc_false": [
    0.7227162489894907,
    0.5836701697655619,
    0.6305578011317704,
    0.6467259498787389,
    0.698464025869038,
    0.7097817299919159,
    0.7720291026677445,
    0.6976556184316896,
    0.6709781729991916,
    0.6952303961196443
  ],
  "prompt_ppl_ppx": [
    50599.669569753394,
    50599.669569753394,
    50599.669569753394,
    50599.669569753394,
    50599.669569753394,
    50599.669569753394,
    50599.669569753394,
    50599.669569753394,
    50599.669569753394,
    50599.669569753394
  ]
}