{
  "lambda_ppl": 1.0,
  "train_joint": [
    24.882996672726748,
    24.906706632121224,
    24.957017581382495,
    24.907168407654495,
    24.895760971240783,
    24.85362222650078,
    24.90409931654341,
    24.87880323602912,
    24.893718740913304,
    24.88208665740624
  ],
  "train_task": [
    16.460694424489912,
    16.484404428889242,
    16.534715331002566,
    16.4848661701331,
    16.473458725147033,
    16.43131996540541,
    16.481797074735834,
    16.45650099207846,
    16.471416492676468,
    16.459784439172637
  ],
  "train_ppl_loss": [
    8.42230224609375,
    8.42230224609375,
    8.42230224609375,
    8.42230224609375,
    8.42230224609375,
    8.42230224609375,
    8.42230224609375,
    8.42230224609375,
    8.42230224609375,
    8.42230224609375
  ],
  "train_ppl_ppx": [
    4547.360556240427,
    4547.360556240427,
    4547.360556240427,
    4547.360556240427,
    4547.360556240427,
    4547.360556240427,
    4547.360556240427,
    4547.360556240427,
    4547.360556240427,
    4547.360556240427
  ],
  "val_loss": [
    0.26089325002053887,
    1.4766163232849865,
    0.13992521906407868,
    0.12022939874995045,
    0.11960410443929638,
    0.11803921497449642,
    0.11789067450274782,
    0.11219474900423027,
    0.11639931636249147,
    0.11064316727584456
  ],
  "val_acc": [
    0.3804281345565749,
    0.5874617737003058,
    0.7290519877675841,
    0.7831804281345566,
    0.7896024464831805,
    0.7951070336391437,
    0.7963302752293578,
    0.8067278287461773,
    0.7975535168195719,
    0.808256880733945
  ],
  "val_acc_true": [
    0.003443187407771766,
    0.4913920314805706,
    0.9724545007378259,
    0.8327594687653713,
    0.8155435317265125,
    0.8184948352188883,
    0.8057058534185932,
    0.8588293162813576,
    0.8258730939498279,
    0.8480078701426463
  ],
  "val_acc_false": [
    1.0,
    0.7453516572352465,
    0.3290218270008084,
    0.7016976556184317,
    0.7469684721099434,
    0.7566693613581245,
    0.7809215844785772,
    0.7210994341147938,
    0.7510105092966856,
    0.7429264349232013
  ],
  "prompt_ppl_ppx": [
    4547.360556240431,
    4547.360556240431,
    4547.360556240431,
    4547.360556240431,
    4547.360556240431,
    4547.360556240431,
    4547.360556240431,
    4547.360556240431,
    4547.360556240431,
    4547.360556240431
  ]
}