{
  "lambda_ppl": 0.25,
  "train_joint": [
    19.23544579838099,
    19.27503790694676,
    19.293563264139582,
    19.257658270503697,
    19.25518512940139,
    19.3140319781357,
    19.25656215367692,
    19.286641830272888,
    19.250486489628138,
    19.29998513982537
  ],
  "train_task": [
    16.81055719825659,
    16.85014930896545,
    16.868674657585917,
    16.832769661806942,
    16.83029652499081,
    16.8891433587235,
    16.83167355569561,
    16.861753217289955,
    16.825597880931383,
    16.875096543987144
  ],
  "train_ppl_loss": [
    9.699554443359375,
    9.699554443359375,
    9.699554443359375,
    9.699554443359375,
    9.699554443359375,
    9.699554443359375,
    9.699554443359375,
    9.699554443359375,
    9.699554443359375,
    9.699554443359375
  ],
  "train_ppl_ppx": [
    16310.33839922026,
    16310.33839922026,
    16310.33839922026,
    16310.33839922026,
    16310.33839922026,
    16310.33839922026,
    16310.33839922026,
    16310.33839922026,
    16310.33839922026,
    16310.33839922026
  ],
  "val_loss": [
    0.20316215386477912,
    0.15418689424490056,
    0.1277333114205337,
    0.11998433278101246,
    0.12199534065112835,
    0.11508649842041295,
    0.12271421577145414,
    0.11798508706979635,
    0.11232676000856771,
    0.11262690473983927
  ],
  "val_acc": [
    0.43058103975535167,
    0.7067278287461773,
    0.7486238532110092,
    0.7776758409785933,
    0.7880733944954128,
    0.7877675840978593,
    0.7935779816513762,
    0.7938837920489297,
    0.8030581039755351,
    0.7987767584097859
  ],
  "val_acc_true": [
    0.08607968519429415,
    0.9803246433841614,
    0.9552385636989671,
    0.9178553861288736,
    0.8445646827348746,
    0.9035907525823905,
    0.809149040826365,
    0.8357107722577471,
    0.8853910477127398,
    0.8647319232661091
  ],
  "val_acc_false": [
    0.9967663702506063,
    0.2570735650767987,
    0.40905416329830235,
    0.5472918350848828,
    0.6952303961196443,
    0.597413096200485,
    0.7679870654810024,
    0.725141471301536,
    0.6677445432497979,
    0.6903799514955538
  ],
  "prompt_ppl_ppx": [
    16310.338399220283,
    16310.338399220283,
    16310.338399220283,
    16310.338399220283,
    16310.338399220283,
    16310.338399220283,
    16310.338399220283,
    16310.338399220283,
    16310.338399220283,
    16310.338399220283
  ]
}