{
  "lambda_ppl": 0.75,
  "train_joint": [
    23.43001369947798,
    23.31015754871154,
    23.34461495474483,
    23.38399049566033,
    23.349892078356795,
    23.3202771390422,
    23.424954532237535,
    23.401483278596,
    23.3725648858574,
    23.387072136696805
  ],
  "train_task": [
    18.195535704794896,
    18.07567955188537,
    18.11013695791866,
    18.14951250097725,
    18.115414083673713,
    18.085799144359118,
    18.190476535411364,
    18.16700528176983,
    18.13808688903123,
    18.152594142013722
  ],
  "train_ppl_loss": [
    6.979303359985352,
    6.979303359985352,
    6.979303359985352,
    6.979303359985352,
    6.979303359985352,
    6.979303359985352,
    6.979303359985352,
    6.979303359985352,
    6.979303359985352,
    6.979303359985352
  ],
  "train_ppl_ppx": [
    1074.1697966211486,
    1074.1697966211486,
    1074.1697966211486,
    1074.1697966211486,
    1074.1697966211486,
    1074.1697966211486,
    1074.1697966211486,
    1074.1697966211486,
    1074.1697966211486,
    1074.1697966211486
  ],
  "val_loss": [
    0.15911874734773868,
    0.15520045957187326,
    0.16173735319114313,
    0.14787136287224,
    0.14308511716563527,
    0.14045820715950758,
    0.13725851705161538,
    0.13478648200994583,
    0.12867897149266266,
    0.2567572262955875
  ],
  "val_acc": [
    0.6559633027522935,
    0.6752293577981652,
    0.6449541284403669,
    0.6871559633027523,
    0.708256880733945,
    0.7140672782874617,
    0.7192660550458716,
    0.744954128440367,
    0.7525993883792049,
    0.77217125382263
  ],
  "val_acc_true": [
    0.9798327594687654,
    0.9242498770290212,
    0.6340383669454008,
    0.94146581406788,
    0.9070339399901624,
    0.9055582882439744,
    0.9193310378750615,
    0.8268568617806198,
    0.8819478603049681,
    0.8509591736350222
  ],
  "val_acc_false": [
    0.12368633791430882,
    0.26596604688763137,
    0.6628940986257074,
    0.26919967663702504,
    0.38156831042845596,
    0.3993532740501213,
    0.3904607922392886,
    0.6103476151980598,
    0.540016168148747,
    0.6426839126919968
  ],
  "prompt_ppl_ppx": [
    1074.1697966211543,
    1074.1697966211543,
    1074.1697966211543,
    1074.1697966211543,
    1074.1697966211543,
    1074.1697966211543,
    1074.1697966211543,
    1074.1697966211543,
    1074.1697966211543,
    1074.1697966211543
  ]
}