{
  "lambda_ppl": 1.0,
  "train_joint": [
    22.74915238283993,
    22.657140007447662,
    22.729007695230205,
    22.759090277853975,
    22.6664185213239,
    22.60061918965886,
    22.664806100223842,
    22.71215528852484,
    22.659053082412548,
    22.692356379648274
  ],
  "train_task": [
    15.94280571669675,
    15.850793369164627,
    15.922661037659378,
    15.952743611710796,
    15.86007187875469,
    15.794272555662005,
    15.858459483371691,
    15.905808594521512,
    15.852706433414074,
    15.886009707075827
  ],
  "train_ppl_loss": [
    6.806346416473389,
    6.806346416473389,
    6.806346416473389,
    6.806346416473389,
    6.806346416473389,
    6.806346416473389,
    6.806346416473389,
    6.806346416473389,
    6.806346416473389,
    6.806346416473389
  ],
  "train_ppl_ppx": [
    903.5635241025985,
    903.5635241025985,
    903.5635241025985,
    903.5635241025985,
    903.5635241025985,
    903.5635241025985,
    903.5635241025985,
    903.5635241025985,
    903.5635241025985,
    903.5635241025985
  ],
  "val_loss": [
    0.17359799588235414,
    0.1809136822501697,
    0.12382871487700357,
    0.14110232818780877,
    0.12927087874765075,
    0.1279002193997546,
    0.14192583889859478,
    0.151357108172847,
    0.12337882134427385,
    0.1229630314994876
  ],
  "val_acc": [
    0.710703363914373,
    0.7076452599388379,
    0.7691131498470948,
    0.7480122324159021,
    0.7605504587155963,
    0.7596330275229358,
    0.7400611620795107,
    0.7235474006116208,
    0.7700305810397553,
    0.7678899082568807
  ],
  "val_acc_true": [
    0.9788489916379735,
    0.9827840629611412,
    0.926217412690605,
    0.9655681259222824,
    0.9527791441219872,
    0.9513034923757994,
    0.9739301524840138,
    0.9778652238071815,
    0.9439252336448598,
    0.9439252336448598
  ],
  "val_acc_false": [
    0.2700080840743735,
    0.25545675020210185,
    0.5109135004042037,
    0.3904607922392886,
    0.444624090541633,
    0.444624090541633,
    0.3556992724333064,
    0.3055780113177041,
    0.48423605497170574,
    0.4785772029102668
  ],
  "prompt_ppl_ppx": [
    903.5635241025894,
    903.5635241025894,
    903.5635241025894,
    903.5635241025894,
    903.5635241025894,
    903.5635241025894,
    903.5635241025894,
    903.5635241025894,
    903.5635241025894,
    903.5635241025894
  ]
}