{
  "lambda_ppl": 0.01,
  "train_joint": [
    16.523698247416636,
    16.507567755024084,
    16.51292799831776,
    16.51223164247663,
    16.48109563763222,
    16.55976602790061,
    16.558553564950323,
    16.52356811051958,
    16.566100009103838,
    16.566011238098145
  ],
  "train_task": [
    16.437785527947245,
    16.42165502912543,
    16.427015274562194,
    16.426318927293412,
    16.39518290316121,
    16.47385330414504,
    16.4726408326224,
    16.437655384620925,
    16.480187278919004,
    16.48009852077184
  ],
  "train_ppl_loss": [
    8.591312408447266,
    8.591312408447266,
    8.591312408447266,
    8.591312408447266,
    8.591312408447266,
    8.591312408447266,
    8.591312408447266,
    8.591312408447266,
    8.591312408447266,
    8.591312408447266
  ],
  "train_ppl_ppx": [
    5384.675934295169,
    5384.675934295169,
    5384.675934295169,
    5384.675934295169,
    5384.675934295169,
    5384.675934295169,
    5384.675934295169,
    5384.675934295169,
    5384.675934295169,
    5384.675934295169
  ],
  "val_loss": [
    0.1492320714563858,
    0.14085901543134596,
    0.1246301725325061,
    0.1208287082430793,
    0.11239789668016317,
    0.11421598525854146,
    0.13053752371087307,
    0.11362146684309331,
    0.1131139455317724,
    0.11994439099074863
  ],
  "val_acc": [
    0.7342507645259939,
    0.7651376146788991,
    0.7770642201834862,
    0.7926605504587156,
    0.790519877675841,
    0.7990825688073394,
    0.7678899082568807,
    0.7889908256880734,
    0.7920489296636085,
    0.7926605504587156
  ],
  "val_acc_true": [
    0.8780127889818002,
    0.9104771273979341,
    0.9144121987211018,
    0.8544023610427939,
    0.8922774225282833,
    0.8435809149040826,
    0.7466797835710772,
    0.8912936546974914,
    0.8711264141662568,
    0.7968519429414658
  ],
  "val_acc_false": [
    0.49797898140662894,
    0.5262732417138237,
    0.5513338722716249,
    0.6911883589329022,
    0.6232821341956346,
    0.7259498787388844,
    0.8027485852869847,
    0.6208569118835894,
    0.6620856911883589,
    0.7857720291026677
  ],
  "prompt_ppl_ppx": [
    5384.675934295163,
    5384.675934295163,
    5384.675934295163,
    5384.675934295163,
    5384.675934295163,
    5384.675934295163,
    5384.675934295163,
    5384.675934295163,
    5384.675934295163,
    5384.675934295163
  ]
}