{
  "lambda_ppl": 0.1,
  "train_joint": [
    18.022915889439957,
    17.982873775182146,
    17.97078394300482,
    17.978822965300484,
    18.012625612837546,
    17.978279602393677,
    18.020835098523772,
    18.01520031703992,
    18.006640502843965,
    17.99297375196821
  ],
  "train_task": [
    17.329114026701852,
    17.289071899585508,
    17.276982080266716,
    17.285021104705468,
    17.318823743670173,
    17.284477735369393,
    17.327033225070224,
    17.321398450015636,
    17.31283863581968,
    17.29917188280084
  ],
  "train_ppl_loss": [
    6.938011169433594,
    6.938011169433594,
    6.938011169433594,
    6.938011169433594,
    6.938011169433594,
    6.938011169433594,
    6.938011169433594,
    6.938011169433594,
    6.938011169433594,
    6.938011169433594
  ],
  "train_ppl_ppx": [
    1030.7182511693263,
    1030.7182511693263,
    1030.7182511693263,
    1030.7182511693263,
    1030.7182511693263,
    1030.7182511693263,
    1030.7182511693263,
    1030.7182511693263,
    1030.7182511693263,
    1030.7182511693263
  ],
  "val_loss": [
    1.0639560756159991,
    0.20548178439096706,
    0.1950587930475793,
    0.16422061744350486,
    0.13211926282269926,
    0.14140741431222456,
    0.12303750704428772,
    0.11935415330183942,
    0.12656590962191908,
    0.12699260322331654
  ],
  "val_acc": [
    0.6629969418960244,
    0.7516819571865443,
    0.7207951070336391,
    0.7483180428134557,
    0.7749235474006116,
    0.7556574923547401,
    0.7697247706422018,
    0.7810397553516819,
    0.7669724770642202,
    0.7688073394495413
  ],
  "val_acc_true": [
    0.9872110181997049,
    0.9640924741760944,
    0.9827840629611412,
    0.9719626168224299,
    0.9390063944909002,
    0.9621249385145105,
    0.9380226266601082,
    0.9212985735366453,
    0.941957697983276,
    0.940973930152484
  ],
  "val_acc_false": [
    0.1301535974130962,
    0.40258690379951495,
    0.2902182700080841,
    0.3807599029911075,
    0.5052546483427648,
    0.41632983023443815,
    0.4931285367825384,
    0.5505254648342764,
    0.4793856103476152,
    0.4858528698464026
  ],
  "prompt_ppl_ppx": [
    1030.7182511693354,
    1030.7182511693354,
    1030.7182511693354,
    1030.7182511693354,
    1030.7182511693354,
    1030.7182511693354,
    1030.7182511693354,
    1030.7182511693354,
    1030.7182511693354,
    1030.7182511693354
  ]
}