{
  "lambda_ppl": 10.0,
  "train_joint": [
    117.1960084379389,
    117.27031637470374,
    117.22500828089339,
    117.2212047448319,
    117.23351726746291,
    117.19671660005376,
    117.2012539295668,
    117.24810343538778,
    117.18994714972678,
    117.21950880757878
  ],
  "train_task": [
    16.60923943894633,
    16.683547157116152,
    16.63823925832684,
    16.634435660115788,
    16.64674815488665,
    16.60994729031338,
    16.614484763413333,
    16.66133415779371,
    16.603178080012288,
    16.632739628566785
  ],
  "train_ppl_loss": [
    10.058676719665527,
    10.058676719665527,
    10.058676719665527,
    10.058676719665527,
    10.058676719665527,
    10.058676719665527,
    10.058676719665527,
    10.058676719665527,
    10.058676719665527,
    10.058676719665527
  ],
  "train_ppl_ppx": [
    23357.577290058278,
    23357.577290058278,
    23357.577290058278,
    23357.577290058278,
    23357.577290058278,
    23357.577290058278,
    23357.577290058278,
    23357.577290058278,
    23357.577290058278,
    23357.577290058278
  ],
  "val_loss": [
    0.18847722712813353,
    0.19401754838664356,
    0.1723762687386536,
    0.18087526392645953,
    0.17045129552120117,
    0.171213653756351,
    0.17591952034612982,
    0.17453384319456614,
    0.1768962059806033,
    0.16787998312857094
  ],
  "val_acc": [
    0.6131498470948012,
    0.4073394495412844,
    0.5529051987767584,
    0.45168195718654436,
    0.5718654434250765,
    0.5678899082568807,
    0.5137614678899083,
    0.5311926605504587,
    0.4850152905198777,
    0.6180428134556575
  ],
  "val_acc_true": [
    0.9773733398917855,
    0.10329562223315297,
    0.6881455976389572,
    0.29070339399901624,
    0.8037383177570093,
    0.793408755533694,
    0.5061485489424495,
    0.5981308411214953,
    0.37579931136251843,
    0.985735366453517
  ],
  "val_acc_false": [
    0.014551333872271624,
    0.9070331447049312,
    0.33063864187550523,
    0.7162489894907034,
    0.19078415521422798,
    0.19725141471301536,
    0.5262732417138237,
    0.4211802748585287,
    0.6645109135004043,
    0.0137429264349232
  ],
  "prompt_ppl_ppx": [
    23357.577290058394,
    23357.577290058394,
    23357.577290058394,
    23357.577290058394,
    23357.577290058394,
    23357.577290058394,
    23357.577290058394,
    23357.577290058394,
    23357.577290058394,
    23357.577290058394
  ]
}