{
  "lambda_ppl": 0.01,
  "train_joint": [
    16.758293261152975,
    16.789697353491622,
    16.808683298946768,
    16.85051650572359,
    16.771578165118616,
    16.789327302139796,
    16.838438072633206,
    16.822862940156057,
    16.801026642188596,
    16.796603890751186
  ],
  "train_task": [
    16.67721186434285,
    16.708615943822966,
    16.727601895707377,
    16.769435106770377,
    16.690496759736135,
    16.70824590747276,
    16.757356671536908,
    16.74178153691667,
    16.719945238949208,
    16.715522496084148
  ],
  "train_ppl_loss": [
    8.10815715789795,
    8.10815715789795,
    8.10815715789795,
    8.10815715789795,
    8.10815715789795,
    8.10815715789795,
    8.10815715789795,
    8.10815715789795,
    8.10815715789795,
    8.10815715789795
  ],
  "train_ppl_ppx": [
    3321.451475872213,
    3321.451475872213,
    3321.451475872213,
    3321.451475872213,
    3321.451475872213,
    3321.451475872213,
    3321.451475872213,
    3321.451475872213,
    3321.451475872213,
    3321.451475872213
  ],
  "val_loss": [
    0.15806200004568913,
    0.14324037588951063,
    0.11926743402713683,
    0.11508995784310307,
    0.12186947250511589,
    0.11744471369538366,
    0.12460751828805702,
    0.11291517310026215,
    0.11561814730123776,
    0.11551253677504819
  ],
  "val_acc": [
    0.6758409785932722,
    0.7299694189602447,
    0.7954128440366972,
    0.8055045871559633,
    0.7840978593272171,
    0.781651376146789,
    0.7859327217125383,
    0.8055045871559633,
    0.8061162079510703,
    0.8042813455657493
  ],
  "val_acc_true": [
    0.9916379734382685,
    0.6532218396458436,
    0.8248893261190359,
    0.8307919331037875,
    0.8775209050664043,
    0.9212985735366453,
    0.7678307919331038,
    0.8248893261190359,
    0.8194786030496802,
    0.8086571569109691
  ],
  "val_acc_false": [
    0.15683104284559418,
    0.8561034761519806,
    0.7469684721099434,
    0.7639450282942603,
    0.6305578011317704,
    0.5521422797089733,
    0.8156831042845594,
    0.7736459175424414,
    0.7841552142279709,
    0.7970897332255457
  ],
  "prompt_ppl_ppx": [
    3321.4514758722485,
    3321.4514758722485,
    3321.4514758722485,
    3321.4514758722485,
    3321.4514758722485,
    3321.4514758722485,
    3321.4514758722485,
    3321.4514758722485,
    3321.4514758722485,
    3321.4514758722485
  ]
}