{
  "lambda_ppl": 0.5,
  "train_joint": [
    22.030721368682517,
    22.02102788860878,
    22.051169479027223,
    21.983431299616782,
    22.035372316167596,
    22.003902345293024,
    21.99903514733475,
    22.02176950433281,
    22.022206548626503,
    22.004528555709324
  ],
  "train_task": [
    17.159412086143924,
    17.149718610356363,
    17.179860196488626,
    17.112122019221275,
    17.164063029342824,
    17.132593064897517,
    17.127725871225422,
    17.150460215364948,
    17.15089727466026,
    17.133219275313817
  ],
  "train_ppl_loss": [
    9.742618560791016,
    9.742618560791016,
    9.742618560791016,
    9.742618560791016,
    9.742618560791016,
    9.742618560791016,
    9.742618560791016,
    9.742618560791016,
    9.742618560791016,
    9.742618560791016
  ],
  "train_ppl_ppx": [
    17028.072094030693,
    17028.072094030693,
    17028.072094030693,
    17028.072094030693,
    17028.072094030693,
    17028.072094030693,
    17028.072094030693,
    17028.072094030693,
    17028.072094030693,
    17028.072094030693
  ],
  "val_loss": [
    0.17184835276225718,
    0.14892719351663822,
    0.1264138719112408,
    0.12392610555014959,
    0.12002265487865704,
    0.11920142635339644,
    0.11766645134222217,
    0.11509754628669924,
    0.11810270822266253,
    0.1140650729671484
  ],
  "val_acc": [
    0.674617737003058,
    0.7030581039755351,
    0.7584097859327217,
    0.7871559633027523,
    0.7792048929663609,
    0.7914373088685015,
    0.7758409785932722,
    0.7941896024464832,
    0.7773700305810397,
    0.7880733944954128
  ],
  "val_acc_true": [
    0.9936055090998525,
    0.984751598622725,
    0.9503197245450073,
    0.8332513526807673,
    0.9040826364977865,
    0.8706345302508608,
    0.9198229217904574,
    0.882439744220364,
    0.9134284308903099,
    0.9080177078209543
  ],
  "val_acc_false": [
    0.15036378334680678,
    0.2400970088924818,
    0.44300727566693615,
    0.7113985448666128,
    0.5739692805173807,
    0.6612772837510105,
    0.5392077607113985,
    0.6491511721907841,
    0.5537590945836701,
    0.5909458367016976
  ],
  "prompt_ppl_ppx": [
    17028.072094030755,
    17028.072094030755,
    17028.072094030755,
    17028.072094030755,
    17028.072094030755,
    17028.072094030755,
    17028.072094030755,
    17028.072094030755,
    17028.072094030755,
    17028.072094030755
  ]
}