{
  "lambda_ppl": 0.01,
  "train_joint": [
    16.749754575665076,
    16.76733094118954,
    16.77950729412979,
    16.70931937185566,
    16.827908376629434,
    16.78030063114809,
    16.693592663025587,
    16.77469443631976,
    16.76418890149406,
    16.768449453289588
  ],
  "train_task": [
    16.749754575665076,
    16.76733094118954,
    16.77950729412979,
    16.70931937185566,
    16.827908376629434,
    16.78030063114809,
    16.693592663025587,
    16.77469443631976,
    16.76418890149406,
    16.768449453289588
  ],
  "train_ppl_loss": [
    0.0,
    0.0,
    0.0,
    0.0,
    0.0,
    0.0,
    0.0,
    0.0,
    0.0,
    0.0
  ],
  "train_ppl_ppx": [
    1.0,
    1.0,
    1.0,
    1.0,
    1.0,
    1.0,
    1.0,
    1.0,
    1.0,
    1.0
  ],
  "val_loss": [
    0.8488890787450278,
    0.641525358615852,
    0.18130152946020045,
    0.16747682066407146,
    0.12617959549150815,
    0.12469200228409069,
    0.13621308182070896,
    0.13247156091852158,
    0.125665466282971,
    0.12282018037285747
  ],
  "val_acc": [
    0.6623853211009174,
    0.7024464831804281,
    0.7321100917431193,
    0.7547400611620795,
    0.7782874617737003,
    0.7749235474006116,
    0.764525993883792,
    0.7678899082568807,
    0.7767584097859327,
    0.7807339449541284
  ],
  "val_acc_true": [
    0.9931136251844564,
    0.9842597147073291,
    0.9793408755533693,
    0.9532710280373832,
    0.9222823413674373,
    0.9193310378750615,
    0.9522872602065913,
    0.9473684210526315,
    0.9385145105755042,
    0.926709296606001
  ],
  "val_acc_false": [
    0.11883589329021826,
    0.2392886014551334,
    0.3257881972514147,
    0.4284559417946645,
    0.5416329830234439,
    0.5375909458367018,
    0.4559417946645109,
    0.47291835084882783,
    0.5109135004042037,
    0.5408245755860954
  ],
  "prompt_ppl_ppx": [
    NaN,
    NaN,
    NaN,
    NaN,
    NaN,
    NaN,
    NaN,
    NaN,
    NaN,
    NaN
  ]
}