{
  "lambda_ppl": 0.1,
  "train_joint": [
    17.884990248519383,
    17.96274229113975,
    17.945989253011984,
    17.887377115313928,
    17.883599883518862,
    17.92013464509771,
    17.917624019237046,
    17.946947612119526,
    17.926248443260622,
    17.924037989069905
  ],
  "train_task": [
    16.842753877532616,
    16.920505918009898,
    16.903752882025216,
    16.845140727182454,
    16.84136350395974,
    16.877898250536973,
    16.87538763539175,
    16.904711245418934,
    16.88401206584459,
    16.88180160308152
  ],
  "train_ppl_loss": [
    10.422369956970215,
    10.422369956970215,
    10.422369956970215,
    10.422369956970215,
    10.422369956970215,
    10.422369956970215,
    10.422369956970215,
    10.422369956970215,
    10.422369956970215,
    10.422369956970215
  ],
  "train_ppl_ppx": [
    33602.97746215192,
    33602.97746215192,
    33602.97746215192,
    33602.97746215192,
    33602.97746215192,
    33602.97746215192,
    33602.97746215192,
    33602.97746215192,
    33602.97746215192,
    33602.97746215192
  ],
  "val_loss": [
    0.12532993796758535,
    0.12656563375054336,
    0.12088134773984188,
    0.11657273820260676,
    0.11915472202548166,
    0.11828706766047128,
    0.11324242154454313,
    0.11354995544363812,
    0.11151211463460108,
    0.11061165092013231
  ],
  "val_acc": [
    0.7614678899082569,
    0.7758409785932722,
    0.7847094801223241,
    0.7871559633027523,
    0.7960244648318043,
    0.772782874617737,
    0.7923547400611621,
    0.8012232415902141,
    0.8033639143730887,
    0.8055045871559633
  ],
  "val_acc_true": [
    0.911952779144122,
    0.8544023610427939,
    0.8903098868666994,
    0.9026069847515986,
    0.8332513526807673,
    0.9301524840137727,
    0.9109690113133301,
    0.8411214953271028,
    0.8544023610427939,
    0.8632562715199213
  ],
  "val_acc_false": [
    0.5141471301535974,
    0.6467259498787389,
    0.6111560226354082,
    0.597413096200485,
    0.7348423605497171,
    0.5141471301535974,
    0.597413096200485,
    0.7356507679870655,
    0.719482619240097,
    0.7105901374292644
  ],
  "prompt_ppl_ppx": [
    33602.97746215171,
    33602.97746215171,
    33602.97746215171,
    33602.97746215171,
    33602.97746215171,
    33602.97746215171,
    33602.97746215171,
    33602.97746215171,
    33602.97746215171,
    33602.97746215171
  ]
}