{
  "lambda_ppl": 0.25,
  "train_joint": [
    19.754197851459633,
    19.80530505662554,
    19.732717634051035,
    19.777794004290293,
    19.830239731006408,
    19.795168098706878,
    19.757690926884,
    19.770862116438618,
    19.774208861790346,
    19.788497736212914
  ],
  "train_task": [
    16.646327680952094,
    16.697434894690353,
    16.62484744854188,
    16.669923816638047,
    16.72236954764034,
    16.68729792605625,
    16.649820741374842,
    16.662991915927844,
    16.666338708427514,
    16.68062755927611
  ],
  "train_ppl_loss": [
    12.431483268737793,
    12.431483268737793,
    12.431483268737793,
    12.431483268737793,
    12.431483268737793,
    12.431483268737793,
    12.431483268737793,
    12.431483268737793,
    12.431483268737793,
    12.431483268737793
  ],
  "train_ppl_ppx": [
    250567.41091099379,
    250567.41091099379,
    250567.41091099379,
    250567.41091099379,
    250567.41091099379,
    250567.41091099379,
    250567.41091099379,
    250567.41091099379,
    250567.41091099379,
    250567.41091099379
  ],
  "val_loss": [
    0.24718426269728963,
    0.6609916979219855,
    0.16174756986338917,
    0.1610427713157927,
    0.13780247852115368,
    0.14998532321031502,
    0.1233927217289442,
    0.13908361557235077,
    0.11646177964057865,
    0.13235337899134653
  ],
  "val_acc": [
    0.6892966360856269,
    0.6623853211009174,
    0.7143730886850153,
    0.7143730886850153,
    0.7489296636085627,
    0.72782874617737,
    0.7681957186544343,
    0.7507645259938838,
    0.7837920489296636,
    0.7547400611620795
  ],
  "val_acc_true": [
    0.9867191342843089,
    0.9940973930152484,
    0.9798327594687654,
    0.9793408755533693,
    0.9655681259222824,
    0.9729463846532218,
    0.941957697983276,
    0.9636005902606984,
    0.9153959665518937,
    0.9596655189375307
  ],
  "val_acc_false": [
    0.20048504446240906,
    0.11721907841552143,
    0.27809215844785773,
    0.2789005658852061,
    0.3928860145513339,
    0.3249797898140663,
    0.4826192400970089,
    0.4009700889248181,
    0.5675020210185934,
    0.417946645109135
  ],
  "prompt_ppl_ppx": [
    250567.41091099376,
    250567.41091099376,
    250567.41091099376,
    250567.41091099376,
    250567.41091099376,
    250567.41091099376,
    250567.41091099376,
    250567.41091099376,
    250567.41091099376,
    250567.41091099376
  ]
}