{
  "lambda_ppl": 0.25,
  "train_joint": [
    18.124402399813192,
    18.0210767681679,
    18.077598323179096,
    18.097975070824784,
    18.098079372791762,
    18.054848274488126,
    18.096573227443052,
    18.121122038766238,
    18.129170227050782,
    18.150811754719594
  ],
  "train_task": [
    16.083869111136103,
    15.980543464489198,
    16.037065053789803,
    16.057441814294023,
    16.057546094830116,
    16.014315015814276,
    16.056039953767584,
    16.08058879080783,
    16.088636979092374,
    16.110278504618098
  ],
  "train_ppl_loss": [
    8.16213321685791,
    8.16213321685791,
    8.16213321685791,
    8.16213321685791,
    8.16213321685791,
    8.16213321685791,
    8.16213321685791,
    8.16213321685791,
    8.16213321685791,
    8.16213321685791
  ],
  "train_ppl_ppx": [
    3505.6569595101164,
    3505.6569595101164,
    3505.6569595101164,
    3505.6569595101164,
    3505.6569595101164,
    3505.6569595101164,
    3505.6569595101164,
    3505.6569595101164,
    3505.6569595101164,
    3505.6569595101164
  ],
  "val_loss": [
    0.1335361069113743,
    0.13192312490285896,
    0.11970733484116997,
    0.11760782931999463,
    0.11472255171435636,
    0.11102180556371445,
    0.11157397743223643,
    0.11086695476821283,
    0.11139080216426675,
    0.1107679224232348
  ],
  "val_acc": [
    0.7327217125382263,
    0.7385321100917431,
    0.7773700305810397,
    0.7764525993883792,
    0.7889908256880734,
    0.8,
    0.8030581039755351,
    0.8073394495412844,
    0.808256880733945,
    0.8125382262996942
  ],
  "val_acc_true": [
    0.956222331529759,
    0.9636005902606984,
    0.9217904574520414,
    0.9311362518445647,
    0.9237579931136252,
    0.9055582882439744,
    0.8711264141662568,
    0.853418593212002,
    0.8455484505656665,
    0.8711264141662568
  ],
  "val_acc_false": [
    0.3654001616814875,
    0.36863379143088115,
    0.540016168148747,
    0.5222312045270816,
    0.5675020210185934,
    0.6265157639450283,
    0.6911883589329022,
    0.7316087308003234,
    0.7469684721099434,
    0.7162489894907034
  ],
  "prompt_ppl_ppx": [
    3505.65695951011,
    3505.65695951011,
    3505.65695951011,
    3505.65695951011,
    3505.65695951011,
    3505.65695951011,
    3505.65695951011,
    3505.65695951011,
    3505.65695951011,
    3505.65695951011
  ]
}