{
  "lambda_ppl": 0.25,
  "train_joint": [
    18.940377653314826,
    18.921437619241434,
    18.914698114287987,
    18.985985830928502,
    18.91945766920454,
    18.977496205019147,
    18.944924609580738,
    18.875664987456933,
    18.891765723067724,
    18.95428945134195
  ],
  "train_task": [
    16.662235834357443,
    16.643295665269488,
    16.636556168888394,
    16.707843874813467,
    16.641315775239065,
    16.699354373203235,
    16.66678268132585,
    16.597523042057336,
    16.613623781954306,
    16.67614748879765
  ],
  "train_ppl_loss": [
    9.112567901611328,
    9.112567901611328,
    9.112567901611328,
    9.112567901611328,
    9.112567901611328,
    9.112567901611328,
    9.112567901611328,
    9.112567901611328,
    9.112567901611328,
    9.112567901611328
  ],
  "train_ppl_ppx": [
    9068.552167184649,
    9068.552167184649,
    9068.552167184649,
    9068.552167184649,
    9068.552167184649,
    9068.552167184649,
    9068.552167184649,
    9068.552167184649,
    9068.552167184649,
    9068.552167184649
  ],
  "val_loss": [
    0.18651329549710924,
    0.11833340125839885,
    0.11671680473699803,
    0.11718872581131574,
    0.1150781899690628,
    0.11609271551232513,
    0.11432697733909619,
    0.11466088351316568,
    0.1273927097458665,
    0.11378887560127712
  ],
  "val_acc": [
    0.6987767584097859,
    0.7807339449541284,
    0.7782874617737003,
    0.773394495412844,
    0.7957186544342507,
    0.7850152905198777,
    0.7844036697247706,
    0.7807339449541284,
    0.7883792048929663,
    0.8024464831804281
  ],
  "val_acc_true": [
    0.9872110181997049,
    0.9232661091982293,
    0.9193310378750615,
    0.9281849483521889,
    0.8873585833743236,
    0.9404820462370881,
    0.9065420560747663,
    0.9134284308903099,
    0.7865223807181505,
    0.8686669945892769
  ],
  "val_acc_false": [
    0.22473726758286175,
    0.5464834276475343,
    0.5464834276475343,
    0.5189975747776879,
    0.645109135004042,
    0.5295068714632175,
    0.5836701697655619,
    0.5626515763945028,
    0.7914308811641068,
    0.6936135812449474
  ],
  "prompt_ppl_ppx": [
    9068.552167184638,
    9068.552167184638,
    9068.552167184638,
    9068.552167184638,
    9068.552167184638,
    9068.552167184638,
    9068.552167184638,
    9068.552167184638,
    9068.552167184638,
    9068.552167184638
  ]
}