{
  "lambda_ppl": 0.0,
  "train_joint": [
    15.889181434974242,
    15.915450951222624,
    15.906062342611591,
    15.920048717970259,
    15.920632803841922,
    15.88935769327571,
    15.954149331939355,
    15.851179030772006,
    15.926699034015783,
    15.844192414873103
  ],
  "train_task": [
    15.889181434974242,
    15.915450951222624,
    15.906062342611591,
    15.920048717970259,
    15.920632803841922,
    15.88935769327571,
    15.954149331939355,
    15.851179030772006,
    15.926699034015783,
    15.844192414873103
  ],
  "train_ppl_loss": [
    0.0,
    0.0,
    0.0,
    0.0,
    0.0,
    0.0,
    0.0,
    0.0,
    0.0,
    0.0
  ],
  "train_ppl_ppx": [
    0.0,
    0.0,
    0.0,
    0.0,
    0.0,
    0.0,
    0.0,
    0.0,
    0.0,
    0.0
  ],
  "val_loss": [
    0.146025734794576,
    0.1368403636009955,
    0.1505676694214344,
    0.11167677060314794,
    0.11892164947419631,
    0.11200892691750353,
    0.11262453047604096,
    0.14278538318850645,
    0.11132339409938673,
    0.11003569532640096
  ],
  "val_acc": [
    0.6951070336391437,
    0.7400611620795107,
    0.7085626911314985,
    0.7993883792048929,
    0.7951070336391437,
    0.8055045871559633,
    0.7944954128440367,
    0.7486238532110092,
    0.8091743119266055,
    0.808868501529052
  ],
  "val_acc_true": [
    0.9827840629611412,
    0.9601574028529267,
    0.6015740285292671,
    0.8839153959665519,
    0.8111165764879489,
    0.8627643876045253,
    0.9153959665518937,
    0.6714215445154943,
    0.896704377766847,
    0.8637481554353172
  ],
  "val_acc_false": [
    0.2223120452708165,
    0.37833468067906223,
    0.8843977364591754,
    0.6604688763136621,
    0.7687954729183508,
    0.7113985448666128,
    0.5957962813257882,
    0.8755052546483427,
    0.6653193209377526,
    0.7186742118027486
  ],
  "prompt_ppl_ppx": [
    0.0,
    0.0,
    0.0,
    0.0,
    0.0,
    0.0,
    0.0,
    0.0,
    0.0,
    0.0
  ]
}