{
  "lambda_ppl": 0.0,
  "train_joint": [
    16.59195961041397,
    16.640009048547636,
    16.666338294811464,
    16.694587964690133,
    16.65350609254301,
    16.635704471288104,
    16.639555153150237,
    16.61434500404958,
    16.679499276836268,
    16.636950038524155
  ],
  "train_task": [
    16.59195961041397,
    16.640009048547636,
    16.666338294811464,
    16.694587964690133,
    16.65350609254301,
    16.635704471288104,
    16.639555153150237,
    16.61434500404958,
    16.679499276836268,
    16.636950038524155
  ],
  "train_ppl_loss": [
    0.0,
    0.0,
    0.0,
    0.0,
    0.0,
    0.0,
    0.0,
    0.0,
    0.0,
    0.0
  ],
  "train_ppl_ppx": [
    0.0,
    0.0,
    0.0,
    0.0,
    0.0,
    0.0,
    0.0,
    0.0,
    0.0,
    0.0
  ],
  "val_loss": [
    0.1690848914951813,
    0.9889115775503763,
    0.11813156346722346,
    0.1218365831255186,
    0.11232552076803475,
    0.11289976124719876,
    0.11042614220300825,
    0.11423884174082337,
    0.11752069574758046,
    0.12053465135395527
  ],
  "val_acc": [
    0.5131498470948013,
    0.544954128440367,
    0.7856269113149847,
    0.7675840978593272,
    0.7963302752293578,
    0.8070336391437309,
    0.8091743119266055,
    0.808868501529052,
    0.8045871559633028,
    0.8
  ],
  "val_acc_true": [
    0.2410231185440236,
    0.31234628627643873,
    0.8873585833743236,
    0.9454008853910477,
    0.911460895228726,
    0.838662075750123,
    0.8662075750122971,
    0.8175110673880964,
    0.8081652729955731,
    0.7953762911952779
  ],
  "val_acc_false": [
    0.9603880355699272,
    0.9272433306386418,
    0.618431689571544,
    0.47534357316087306,
    0.6071139854486661,
    0.7550525464834277,
    0.7154405820533549,
    0.7946645109135004,
    0.7987065481002426,
    0.8075990299110751
  ],
  "prompt_ppl_ppx": [
    0.0,
    0.0,
    0.0,
    0.0,
    0.0,
    0.0,
    0.0,
    0.0,
    0.0,
    0.0
  ]
}