{
  "lambda_ppl": 0.75,
  "train_joint": [
    22.994426050079003,
    22.996842716517072,
    22.973534916224104,
    22.99404994664567,
    22.92745402904039,
    23.00331577343887,
    22.90762267380618,
    22.96706966443008,
    22.923091112629752,
    23.00959878557184
  ],
  "train_task": [
    16.868287384376096,
    16.870704012238576,
    16.847396231233404,
    16.86791126165497,
    16.801315361194398,
    16.87717707773273,
    16.781483990958566,
    16.840930994441,
    16.796952425495963,
    16.88346010915349
  ],
  "train_ppl_loss": [
    8.168185234069824,
    8.168185234069824,
    8.168185234069824,
    8.168185234069824,
    8.168185234069824,
    8.168185234069824,
    8.168185234069824,
    8.168185234069824,
    8.168185234069824,
    8.168185234069824
  ],
  "train_ppl_ppx": [
    3526.937586173943,
    3526.937586173943,
    3526.937586173943,
    3526.937586173943,
    3526.937586173943,
    3526.937586173943,
    3526.937586173943,
    3526.937586173943,
    3526.937586173943,
    3526.937586173943
  ],
  "val_loss": [
    0.11955818303111122,
    0.11460335909775117,
    0.11258488133004525,
    0.1173861156967355,
    0.11195537062679849,
    0.1156903450445431,
    0.11362659780354034,
    0.10941646029582111,
    0.10998825160559357,
    0.10955934160638874
  ],
  "val_acc": [
    0.7743119266055046,
    0.7944954128440367,
    0.7969418960244649,
    0.7996941896024465,
    0.8030581039755351,
    0.8058103975535168,
    0.8070336391437309,
    0.809480122324159,
    0.808868501529052,
    0.8103975535168195
  ],
  "val_acc_true": [
    0.9168716182980816,
    0.897196261682243,
    0.8544023610427939,
    0.8155435317265125,
    0.8499754058042303,
    0.8111165764879489,
    0.8248893261190359,
    0.868175110673881,
    0.8662075750122971,
    0.838170191834727
  ],
  "val_acc_false": [
    0.540016168148747,
    0.6257073565076798,
    0.7025060630557801,
    0.7736459175424414,
    0.7259498787388844,
    0.7970897332255457,
    0.7776879547291835,
    0.7130153597413096,
    0.7146321746160065,
    0.7647534357316087
  ],
  "prompt_ppl_ppx": [
    3526.937586173959,
    3526.937586173959,
    3526.937586173959,
    3526.937586173959,
    3526.937586173959,
    3526.937586173959,
    3526.937586173959,
    3526.937586173959,
    3526.937586173959,
    3526.937586173959
  ]
}