{
  "lambda_ppl": 1.0,
  "train_joint": [
    15.973040861494086,
    15.894961151380217,
    15.970822874347816,
    15.945146327072315,
    15.967207417863138,
    15.963413827874687,
    15.957584490401022,
    15.943136622396748,
    15.93743476439058,
    15.983456110150627
  ],
  "train_task": [
    15.973040861494086,
    15.894961151380217,
    15.970822874347816,
    15.945146327072315,
    15.967207417863138,
    15.963413827874687,
    15.957584490401022,
    15.943136622396748,
    15.93743476439058,
    15.983456110150627
  ],
  "train_ppl_loss": [
    0.0,
    0.0,
    0.0,
    0.0,
    0.0,
    0.0,
    0.0,
    0.0,
    0.0,
    0.0
  ],
  "train_ppl_ppx": [
    1.0,
    1.0,
    1.0,
    1.0,
    1.0,
    1.0,
    1.0,
    1.0,
    1.0,
    1.0
  ],
  "val_loss": [
    0.20831943188862104,
    0.2009169250635839,
    0.14015253368855976,
    0.16118078928713392,
    0.14685977140396106,
    0.16558742896630996,
    0.14881030830849962,
    0.13691806093585202,
    0.14499480828824568,
    0.13412355663391148
  ],
  "val_acc": [
    0.6810397553516819,
    0.6804281345565749,
    0.7336391437308869,
    0.7097859327217125,
    0.7159021406727829,
    0.708868501529052,
    0.7235474006116208,
    0.7452599388379205,
    0.736697247706422,
    0.7477064220183486
  ],
  "val_acc_true": [
    0.9911460895228726,
    0.9921298573536645,
    0.9685194294146582,
    0.9822921790457452,
    0.9744220363994097,
    0.9788489916379735,
    0.9763895720609936,
    0.9611411706837186,
    0.970486965076242,
    0.9601574028529267
  ],
  "val_acc_false": [
    0.1713823767178658,
    0.16814874696847212,
    0.34761519805982216,
    0.26192400970088925,
    0.2910266774454325,
    0.2651576394502829,
    0.3080032336297494,
    0.3904607922392886,
    0.35246564268391267,
    0.39854486661277283
  ],
  "prompt_ppl_ppx": [
    NaN,
    NaN,
    NaN,
    NaN,
    NaN,
    NaN,
    NaN,
    NaN,
    NaN,
    NaN
  ]
}