{
  "lambda_ppl": 0.0,
  "train_joint": [
    16.2160532854916,
    16.161691933535458,
    16.24111076312119,
    16.23058247512646,
    16.23505701858006,
    16.220642644903634,
    16.19994591702236,
    16.234656222482744,
    16.22771904548902,
    16.202976338247236
  ],
  "train_task": [
    16.2160532854916,
    16.161691933535458,
    16.24111076312119,
    16.23058247512646,
    16.23505701858006,
    16.220642644903634,
    16.19994591702236,
    16.234656222482744,
    16.22771904548902,
    16.202976338247236
  ],
  "train_ppl_loss": [
    0.0,
    0.0,
    0.0,
    0.0,
    0.0,
    0.0,
    0.0,
    0.0,
    0.0,
    0.0
  ],
  "train_ppl_ppx": [
    0.0,
    0.0,
    0.0,
    0.0,
    0.0,
    0.0,
    0.0,
    0.0,
    0.0,
    0.0
  ],
  "val_loss": [
    0.14360266346030118,
    0.1524167348335429,
    0.11639643547738471,
    0.11602188910289508,
    0.11311137529953223,
    0.11101027849334769,
    0.11296664137484097,
    0.11763646337317257,
    0.11177990633721759,
    0.1201423698718228
  ],
  "val_acc": [
    0.744954128440367,
    0.7122324159021407,
    0.7880733944954128,
    0.7877675840978593,
    0.8015290519877676,
    0.8003058103975536,
    0.8003058103975536,
    0.7975535168195719,
    0.809480122324159,
    0.7932721712538227
  ],
  "val_acc_true": [
    0.7688145597638957,
    0.9798327594687654,
    0.9045745204131825,
    0.9173635022134776,
    0.8898180029513035,
    0.8962124938514511,
    0.8514510575504181,
    0.8160354156419085,
    0.8553861288735858,
    0.7884899163797344
  ],
  "val_acc_false": [
    0.7057396928051738,
    0.27243330638641877,
    0.5966046887631367,
    0.5747776879547292,
    0.65642683912692,
    0.6426839126919968,
    0.7162489894907034,
    0.767178658043654,
    0.7340339531123686,
    0.8011317704122878
  ],
  "prompt_ppl_ppx": [
    0.0,
    0.0,
    0.0,
    0.0,
    0.0,
    0.0,
    0.0,
    0.0,
    0.0,
    0.0
  ]
}