{
  "lambda_ppl": 0.5,
  "train_joint": [
    21.04602678706137,
    21.0421367216646,
    21.055411949586333,
    21.122284647052208,
    21.063518841346998,
    21.114065157429557,
    21.08158913087309,
    21.113115962167804,
    21.12779534157742,
    21.10374538550216
  ],
  "train_task": [
    16.92166291997674,
    16.91777288029703,
    16.93104805892773,
    16.997920771395222,
    16.939154929257512,
    16.989701369639192,
    16.957225255216105,
    16.98875212294332,
    17.00343150020985,
    16.979381511988265
  ],
  "train_ppl_loss": [
    8.248727798461914,
    8.248727798461914,
    8.248727798461914,
    8.248727798461914,
    8.248727798461914,
    8.248727798461914,
    8.248727798461914,
    8.248727798461914,
    8.248727798461914,
    8.248727798461914
  ],
  "train_ppl_ppx": [
    3822.759406169478,
    3822.759406169478,
    3822.759406169478,
    3822.759406169478,
    3822.759406169478,
    3822.759406169478,
    3822.759406169478,
    3822.759406169478,
    3822.759406169478,
    3822.759406169478
  ],
  "val_loss": [
    0.1870276697888607,
    0.13045251322228735,
    0.15093367452301631,
    0.1304072973931708,
    0.11036670393333202,
    0.11022498100178271,
    0.11046969663896938,
    0.1266115608284386,
    0.11005603193146427,
    0.11319948790549506
  ],
  "val_acc": [
    0.44311926605504587,
    0.7685015290519878,
    0.7045871559633028,
    0.7657492354740061,
    0.8061162079510703,
    0.8107033639143731,
    0.8097859327217125,
    0.7819571865443425,
    0.8091743119266055,
    0.8070336391437309
  ],
  "val_acc_true": [
    0.11067388096409247,
    0.7693064436792917,
    0.5848499754058042,
    0.7220855878012788,
    0.838170191834727,
    0.8593212001967536,
    0.8711264141662568,
    0.7402852926709297,
    0.8489916379734382,
    0.8160354156419085
  ],
  "val_acc_false": [
    0.9894907033144705,
    0.767178658043654,
    0.9013742926434923,
    0.8375101050929669,
    0.7534357316087308,
    0.730800323362975,
    0.7089733225545675,
    0.8504446240905417,
    0.7437348423605498,
    0.7922392886014551
  ],
  "prompt_ppl_ppx": [
    3822.7594061695054,
    3822.7594061695054,
    3822.7594061695054,
    3822.7594061695054,
    3822.7594061695054,
    3822.7594061695054,
    3822.7594061695054,
    3822.7594061695054,
    3822.7594061695054,
    3822.7594061695054
  ]
}