{
  "lambda_ppl": 0.0,
  "train_joint": [
    16.243606406651185,
    16.25472080359298,
    16.245440564530618,
    16.272134969475562,
    16.252619593330984,
    16.216879814662292,
    16.269514649637628,
    16.212139099635436,
    16.22920348349582,
    16.232330465852545
  ],
  "train_task": [
    16.243606406651185,
    16.25472080359298,
    16.245440564530618,
    16.272134969475562,
    16.252619593330984,
    16.216879814662292,
    16.269514649637628,
    16.212139099635436,
    16.22920348349582,
    16.232330465852545
  ],
  "train_ppl_loss": [
    0.0,
    0.0,
    0.0,
    0.0,
    0.0,
    0.0,
    0.0,
    0.0,
    0.0,
    0.0
  ],
  "train_ppl_ppx": [
    0.0,
    0.0,
    0.0,
    0.0,
    0.0,
    0.0,
    0.0,
    0.0,
    0.0,
    0.0
  ],
  "val_loss": [
    0.5787399509331075,
    0.51455542641442,
    0.15313145572365058,
    0.13531937287984097,
    0.12741724442145447,
    0.11382601929873955,
    0.12200209295331704,
    0.1175030970900524,
    0.11578577687373248,
    0.1155801233540221
  ],
  "val_acc": [
    0.6529051987767585,
    0.7131498470948012,
    0.7391437308868501,
    0.7688073394495413,
    0.772782874617737,
    0.7944954128440367,
    0.7792048929663609,
    0.7853211009174312,
    0.7914373088685015,
    0.7920489296636085
  ],
  "val_acc_true": [
    0.9940973930152484,
    0.9798327594687654,
    0.9739301524840138,
    0.9444171175602558,
    0.9291687161829808,
    0.8844072798819479,
    0.9296606000983768,
    0.9158878504672897,
    0.9085095917363503,
    0.9035907525823905
  ],
  "val_acc_false": [
    0.09215844785772029,
    0.274858528698464,
    0.3532740501212611,
    0.4801940177849636,
    0.5157639450282943,
    0.6467259498787389,
    0.5319320937752627,
    0.570735650767987,
    0.5990299110751819,
    0.608730800323363
  ],
  "prompt_ppl_ppx": [
    0.0,
    0.0,
    0.0,
    0.0,
    0.0,
    0.0,
    0.0,
    0.0,
    0.0,
    0.0
  ]
}