{
  "lambda_ppl": 0.1,
  "train_joint": [
    16.375153824452603,
    16.40491902640696,
    16.332328575648617,
    16.422152079892964,
    16.413440475035248,
    16.29738240831354,
    16.32796496916353,
    16.388625702161466,
    16.389328566561925,
    16.408609977464998
  ],
  "train_task": [
    15.509806731577669,
    15.539571950676736,
    15.466981493489126,
    15.556804974159498,
    15.548093369301785,
    15.432035309009338,
    15.462617869859331,
    15.523278566424766,
    15.52398142225287,
    15.54326285030065
  ],
  "train_ppl_loss": [
    8.653471946716309,
    8.653471946716309,
    8.653471946716309,
    8.653471946716309,
    8.653471946716309,
    8.653471946716309,
    8.653471946716309,
    8.653471946716309,
    8.653471946716309,
    8.653471946716309
  ],
  "train_ppl_ppx": [
    5730.006515056825,
    5730.006515056825,
    5730.006515056825,
    5730.006515056825,
    5730.006515056825,
    5730.006515056825,
    5730.006515056825,
    5730.006515056825,
    5730.006515056825,
    5730.006515056825
  ],
  "val_loss": [
    10.296523671033906,
    9.022715238245523,
    1.2033843494043117,
    0.20577231213086988,
    0.25139258322192404,
    0.22674638563539923,
    0.2268788938115283,
    0.22946345762508671,
    0.20476787653638095,
    0.20093526135130627
  ],
  "val_acc": [
    0.6831804281345566,
    0.7125382262996942,
    0.4694189602446483,
    0.652599388379205,
    0.6281345565749236,
    0.634862385321101,
    0.6275229357798165,
    0.6250764525993884,
    0.6259938837920489,
    0.6259938837920489
  ],
  "val_acc_true": [
    0.6483030004918839,
    0.8022626660108214,
    0.24200688637481554,
    0.9650762420068864,
    0.9931136251844564,
    0.985243482538121,
    0.9916379734382685,
    0.9911460895228726,
    0.9926217412690606,
    0.9832759468765372
  ],
  "val_acc_false": [
    0.740501212611156,
    0.5650767987065481,
    0.8431689571544059,
    0.13904607922392886,
    0.028294260307194827,
    0.05901374292643492,
    0.02910266774454325,
    0.023443815683104285,
    0.023443815683104285,
    0.038803556992724336
  ],
  "prompt_ppl_ppx": [
    5730.0065150568125,
    5730.0065150568125,
    5730.0065150568125,
    5730.0065150568125,
    5730.0065150568125,
    5730.0065150568125,
    5730.0065150568125,
    5730.0065150568125,
    5730.0065150568125,
    5730.0065150568125
  ]
}