{
  "lambda_ppl": 1.0,
  "train_joint": [
    24.000877380371094,
    23.955325720283422,
    23.937219932641877,
    23.880621856518005,
    23.94442874608415,
    24.009538697660638,
    23.92981974998217,
    23.902901094415213,
    24.021642033437665,
    23.942843452196442
  ],
  "train_task": [
    14.895308531000373,
    14.849756915917558,
    14.83165106612645,
    14.77505294714081,
    14.838859928859753,
    14.90396977971109,
    14.824250870608212,
    14.797332195753462,
    14.916073134775912,
    14.837274613541164
  ],
  "train_ppl_loss": [
    9.105568885803223,
    9.105568885803223,
    9.105568885803223,
    9.105568885803223,
    9.105568885803223,
    9.105568885803223,
    9.105568885803223,
    9.105568885803223,
    9.105568885803223,
    9.105568885803223
  ],
  "train_ppl_ppx": [
    9005.302826971256,
    9005.302826971256,
    9005.302826971256,
    9005.302826971256,
    9005.302826971256,
    9005.302826971256,
    9005.302826971256,
    9005.302826971256,
    9005.302826971256,
    9005.302826971256
  ],
  "val_loss": [
    0.13295871615409852,
    0.13336740575912523,
    0.116801773575021,
    0.12207977767215997,
    0.12915436432855884,
    0.11176301539852852,
    0.12122053149633291,
    0.11144488194911945,
    0.1169373819104782,
    0.11554330491983308
  ],
  "val_acc": [
    0.7397553516819572,
    0.7651376146788991,
    0.7889908256880734,
    0.7642201834862385,
    0.7785932721712538,
    0.7975535168195719,
    0.7932721712538227,
    0.8036697247706422,
    0.7877675840978593,
    0.7960244648318043
  ],
  "val_acc_true": [
    0.9503197245450073,
    0.7707820954254796,
    0.8893261190359075,
    0.9375307427447123,
    0.7614363010329562,
    0.9016232169208067,
    0.8116084604033448,
    0.8937530742744713,
    0.9021151008362026,
    0.8780127889818002
  ],
  "val_acc_false": [
    0.3936944219886823,
    0.7558609539207761,
    0.624090541632983,
    0.4793856103476152,
    0.8067906224737268,
    0.6265157639450283,
    0.7631366208569119,
    0.6556184316895716,
    0.5998383185125303,
    0.6612772837510105
  ],
  "prompt_ppl_ppx": [
    9005.302826971196,
    9005.302826971196,
    9005.302826971196,
    9005.302826971196,
    9005.302826971196,
    9005.302826971196,
    9005.302826971196,
    9005.302826971196,
    9005.302826971196,
    9005.302826971196
  ]
}