{
  "lambda_ppl": 0.01,
  "train_joint": [
    16.15678553849124,
    16.092308492339058,
    16.136600565106683,
    16.11757649839594,
    16.022667775529154,
    16.162073006790674,
    16.178314511159833,
    16.069193627861107,
    16.159435651543436,
    16.065274637200858
  ],
  "train_task": [
    16.07122335969732,
    16.006746268540287,
    16.05103839059894,
    16.03201429817114,
    15.937105536728762,
    16.076510845141463,
    16.092752334509004,
    15.983631431922484,
    16.07387346632025,
    15.979712417688262
  ],
  "train_ppl_loss": [
    8.556243896484375,
    8.556243896484375,
    8.556243896484375,
    8.556243896484375,
    8.556243896484375,
    8.556243896484375,
    8.556243896484375,
    8.556243896484375,
    8.556243896484375,
    8.556243896484375
  ],
  "train_ppl_ppx": [
    5199.1160331001,
    5199.1160331001,
    5199.1160331001,
    5199.1160331001,
    5199.1160331001,
    5199.1160331001,
    5199.1160331001,
    5199.1160331001,
    5199.1160331001,
    5199.1160331001
  ],
  "val_loss": [
    0.157824977650875,
    0.12154125202356315,
    0.1135956880977241,
    0.11358671148375767,
    0.11553899487707674,
    0.11878529112876915,
    0.13499422753002585,
    0.11048340905548595,
    0.11653784320848744,
    0.11144672644937911
  ],
  "val_acc": [
    0.7009174311926606,
    0.790519877675841,
    0.8030581039755351,
    0.8067278287461773,
    0.8033639143730887,
    0.7941896024464832,
    0.7648318042813456,
    0.8131498470948012,
    0.8048929663608563,
    0.8168195718654434
  ],
  "val_acc_true": [
    0.985243482538121,
    0.8342351205115592,
    0.8632562715199213,
    0.8573536645351697,
    0.8494835218888342,
    0.838170191834727,
    0.721101819970487,
    0.8593212001967536,
    0.8145597638957206,
    0.8470241023118544
  ],
  "val_acc_false": [
    0.23362974939369444,
    0.7186742118027486,
    0.704122877930477,
    0.7235246564268392,
    0.7275666936135813,
    0.7219078415521423,
    0.8367016976556184,
    0.7372675828617623,
    0.7890056588520614,
    0.767178658043654
  ],
  "prompt_ppl_ppx": [
    5199.116033100142,
    5199.116033100142,
    5199.116033100142,
    5199.116033100142,
    5199.116033100142,
    5199.116033100142,
    5199.116033100142,
    5199.116033100142,
    5199.116033100142,
    5199.116033100142
  ]
}