{
  "lambda_ppl": 0.0,
  "train_joint": [
    17.47934129907844,
    17.445051645428947,
    17.430624201056663,
    17.388738604342,
    17.44267613271649,
    17.394176652458277,
    17.45748184504134,
    17.42783009175504,
    17.41360097092189,
    17.400389182701538
  ],
  "train_task": [
    17.47934129907844,
    17.445051645428947,
    17.430624201056663,
    17.388738604342,
    17.44267613271649,
    17.394176652458277,
    17.45748184504134,
    17.42783009175504,
    17.41360097092189,
    17.400389182701538
  ],
  "train_ppl_loss": [
    0.0,
    0.0,
    0.0,
    0.0,
    0.0,
    0.0,
    0.0,
    0.0,
    0.0,
    0.0
  ],
  "train_ppl_ppx": [
    0.0,
    0.0,
    0.0,
    0.0,
    0.0,
    0.0,
    0.0,
    0.0,
    0.0,
    0.0
  ],
  "val_loss": [
    0.12303894958118113,
    0.11340158906106541,
    0.12137177290349471,
    0.11219022225861143,
    0.11005350082385831,
    0.11010787994032953,
    0.11544245678658892,
    0.11013540577870316,
    0.11122928665860034,
    0.11229183379015545
  ],
  "val_acc": [
    0.7859327217125383,
    0.7941896024464832,
    0.790519877675841,
    0.8064220183486238,
    0.8067278287461773,
    0.8085626911314985,
    0.8033639143730887,
    0.8128440366972477,
    0.8055045871559633,
    0.810091743119266
  ],
  "val_acc_true": [
    0.8376783079193311,
    0.8898180029513035,
    0.7909493359567142,
    0.8480078701426463,
    0.8760452533202164,
    0.8814559763895721,
    0.8101328086571569,
    0.8489916379734382,
    0.8780127889818002,
    0.836694540088539
  ],
  "val_acc_false": [
    0.7008892481810832,
    0.6370250606305577,
    0.7898140662894099,
    0.7380759902991108,
    0.692805173807599,
    0.6887631366208569,
    0.7922392886014551,
    0.7534357316087308,
    0.6863379143088116,
    0.7663702506063056
  ],
  "prompt_ppl_ppx": [
    0.0,
    0.0,
    0.0,
    0.0,
    0.0,
    0.0,
    0.0,
    0.0,
    0.0,
    0.0
  ]
}