{
  "lambda_ppl": 1.0,
  "train_joint": [
    28.830440962716434,
    28.843060744210575,
    28.88095309225361,
    28.84515471726321,
    28.888689409748892,
    28.903150069847534,
    28.858436725916487,
    28.84162431352594,
    28.88085263713022,
    28.858843085471165
  ],
  "train_task": [
    16.00319807074043,
    16.015817886523987,
    16.05371020884996,
    16.017911891722946,
    16.06144651348671,
    16.0759072207333,
    16.031193829654306,
    16.014381460125527,
    16.05360975586966,
    16.031600214926044
  ],
  "train_ppl_loss": [
    12.827242851257324,
    12.827242851257324,
    12.827242851257324,
    12.827242851257324,
    12.827242851257324,
    12.827242851257324,
    12.827242851257324,
    12.827242851257324,
    12.827242851257324,
    12.827242851257324
  ],
  "train_ppl_ppx": [
    372220.9286749361,
    372220.9286749361,
    372220.9286749361,
    372220.9286749361,
    372220.9286749361,
    372220.9286749361,
    372220.9286749361,
    372220.9286749361,
    372220.9286749361,
    372220.9286749361
  ],
  "val_loss": [
    0.12050670954148944,
    0.11757180918825835,
    0.11483214563894563,
    0.11355641474265878,
    0.11179156905812461,
    0.1192414720429153,
    0.11140979130457088,
    0.11043868431049149,
    0.10979751793713105,
    0.10932001578735143
  ],
  "val_acc": [
    0.7749235474006116,
    0.7749235474006116,
    0.7840978593272171,
    0.7902140672782875,
    0.8018348623853211,
    0.7706422018348624,
    0.7993883792048929,
    0.8009174311926606,
    0.8061162079510703,
    0.8055045871559633
  ],
  "val_acc_true": [
    0.8868666994589277,
    0.9139203148057059,
    0.9109690113133301,
    0.9045745204131825,
    0.8962124938514511,
    0.9335956714215445,
    0.9016232169208067,
    0.8932611903590753,
    0.8819478603049681,
    0.8844072798819479
  ],
  "val_acc_false": [
    0.5909458367016976,
    0.5464834276475343,
    0.5755860953920776,
    0.6022635408245756,
    0.6467259498787389,
    0.5028294260307195,
    0.6313662085691188,
    0.6491511721907841,
    0.6814874696847211,
    0.6758286176232822
  ],
  "prompt_ppl_ppx": [
    372220.9286749351,
    372220.9286749351,
    372220.9286749351,
    372220.9286749351,
    372220.9286749351,
    372220.9286749351,
    372220.9286749351,
    372220.9286749351,
    372220.9286749351,
    372220.9286749351
  ]
}