{
  "lambda_ppl": 0.5,
  "train_joint": [
    22.497880417041564,
    22.52615385591314,
    22.5420104937607,
    22.525511366597723,
    22.478274763300178,
    22.49746357349867,
    22.5067411144128,
    22.483315988604943,
    22.48765700265263,
    22.551889681012444
  ],
  "train_task": [
    17.250419087356395,
    17.278692521941796,
    17.29454916407553,
    17.278050021910936,
    17.23081341861339,
    17.25000223524115,
    17.259279769726014,
    17.23585463748889,
    17.240195670824374,
    17.304428351327275
  ],
  "train_ppl_loss": [
    10.49492359161377,
    10.49492359161377,
    10.49492359161377,
    10.49492359161377,
    10.49492359161377,
    10.49492359161377,
    10.49492359161377,
    10.49492359161377,
    10.49492359161377,
    10.49492359161377
  ],
  "train_ppl_ppx": [
    36131.61748497176,
    36131.61748497176,
    36131.61748497176,
    36131.61748497176,
    36131.61748497176,
    36131.61748497176,
    36131.61748497176,
    36131.61748497176,
    36131.61748497176,
    36131.61748497176
  ],
  "val_loss": [
    11.715963596250953,
    7.370204718520002,
    0.6762747758772315,
    0.3001192211741354,
    0.19945122581429597,
    0.2444783505506632,
    0.22037541586451415,
    0.19109142384514577,
    0.19205171315044892,
    0.18134468092424114
  ],
  "val_acc": [
    0.6110091743119266,
    0.5498470948012233,
    0.6681957186544343,
    0.6926605504587156,
    0.6510703363914373,
    0.636697247706422,
    0.6443425076452599,
    0.6617737003058104,
    0.6599388379204894,
    0.6651376146788991
  ],
  "val_acc_true": [
    0.4633546483030005,
    0.35956714215445157,
    0.8470241023118544,
    0.9473684210526315,
    0.9891785538612887,
    0.9975405804230202,
    0.9960649286768323,
    0.9901623216920806,
    0.9921298573536645,
    0.9906542056074766
  ],
  "val_acc_false": [
    0.8536782538399353,
    0.862570735650768,
    0.3742926434923201,
    0.2740501212611156,
    0.09539207760711399,
    0.043654001616814875,
    0.06628940986257073,
    0.12206952303961197,
    0.11398544866612773,
    0.1301535974130962
  ],
  "prompt_ppl_ppx": [
    36131.617484971466,
    36131.617484971466,
    36131.617484971466,
    36131.617484971466,
    36131.617484971466,
    36131.617484971466,
    36131.617484971466,
    36131.617484971466,
    36131.617484971466,
    36131.617484971466
  ]
}