{
  "lambda_ppl": 0.1,
  "train_joint": [
    17.42482785214199,
    17.494039931993807,
    17.447056219551,
    17.370639625292146,
    17.39455844579118,
    17.47746364722091,
    17.400532551026075,
    17.415878808096554,
    17.431150727861382,
    17.384332551849024
  ],
  "train_task": [
    16.477042517501317,
    16.546254635928722,
    16.499270912770474,
    16.42285435708721,
    16.44677305114403,
    16.529678301864795,
    16.452747173523633,
    16.46809344559573,
    16.483365438225565,
    16.436547234353053
  ],
  "train_ppl_loss": [
    9.477853775024414,
    9.477853775024414,
    9.477853775024414,
    9.477853775024414,
    9.477853775024414,
    9.477853775024414,
    9.477853775024414,
    9.477853775024414,
    9.477853775024414,
    9.477853775024414
  ],
  "train_ppl_ppx": [
    13067.11143631207,
    13067.11143631207,
    13067.11143631207,
    13067.11143631207,
    13067.11143631207,
    13067.11143631207,
    13067.11143631207,
    13067.11143631207,
    13067.11143631207,
    13067.11143631207
  ],
  "val_loss": [
    0.1275921732914157,
    0.129971940352059,
    0.11502873641325206,
    0.11378572176142436,
    0.11344321512321874,
    0.11335837967330363,
    0.1208460687682396,
    0.1130729417611913,
    0.11430816481843954,
    0.11848452816285739
  ],
  "val_acc": [
    0.7516819571865443,
    0.7483180428134557,
    0.7963302752293578,
    0.8030581039755351,
    0.8042813455657493,
    0.8058103975535168,
    0.7941896024464832,
    0.8103975535168195,
    0.8119266055045872,
    0.8027522935779816
  ],
  "val_acc_true": [
    0.9611411706837186,
    0.9517953762911953,
    0.8563698967043778,
    0.8917855386128873,
    0.8937530742744713,
    0.8578455484505657,
    0.7939006394490901,
    0.8465322183964584,
    0.8514510575504181,
    0.8111165764879489
  ],
  "val_acc_false": [
    0.4074373484236055,
    0.41390460792239286,
    0.6976556184316896,
    0.6572352465642683,
    0.6572352465642683,
    0.7202910266774454,
    0.7946645109135004,
    0.7510105092966856,
    0.7469684721099434,
    0.7890056588520614
  ],
  "prompt_ppl_ppx": [
    13067.111436312012,
    13067.111436312012,
    13067.111436312012,
    13067.111436312012,
    13067.111436312012,
    13067.111436312012,
    13067.111436312012,
    13067.111436312012,
    13067.111436312012,
    13067.111436312012
  ]
}