{
  "lambda_ppl": 0.0,
  "train_joint": [
    17.001920933669872,
    16.99536041945554,
    16.936519569225524,
    16.894450736313722,
    16.907214895527016,
    16.959799922985976,
    16.962345496188387,
    16.927277144957124,
    16.953541734245388,
    16.897631619485576
  ],
  "train_task": [
    17.001920933669872,
    16.99536041945554,
    16.936519569225524,
    16.894450736313722,
    16.907214895527016,
    16.959799922985976,
    16.962345496188387,
    16.927277144957124,
    16.953541734245388,
    16.897631619485576
  ],
  "train_ppl_loss": [
    0.0,
    0.0,
    0.0,
    0.0,
    0.0,
    0.0,
    0.0,
    0.0,
    0.0,
    0.0
  ],
  "train_ppl_ppx": [
    0.0,
    0.0,
    0.0,
    0.0,
    0.0,
    0.0,
    0.0,
    0.0,
    0.0,
    0.0
  ],
  "val_loss": [
    0.13067368432516005,
    0.1405677122677245,
    0.11837548426375157,
    0.12345411299568851,
    0.1155165353835356,
    0.11313336512482748,
    0.11249894127249718,
    0.11244220998047329,
    0.11375166367648579,
    0.11175224393061021
  ],
  "val_acc": [
    0.7486238532110092,
    0.7379204892966361,
    0.7840978593272171,
    0.7785932721712538,
    0.7834862385321101,
    0.7969418960244649,
    0.7951070336391437,
    0.7938837920489297,
    0.7951070336391437,
    0.7966360856269113
  ],
  "val_acc_true": [
    0.9572060993605509,
    0.970486965076242,
    0.8848991637973438,
    0.7879980324643384,
    0.9178553861288736,
    0.8809640924741761,
    0.8893261190359075,
    0.9001475651746188,
    0.8578455484505657,
    0.9030988686669946
  ],
  "val_acc_false": [
    0.4058205335489086,
    0.3556992724333064,
    0.618431689571544,
    0.7631366208569119,
    0.5626515763945028,
    0.6588520614389652,
    0.6402586903799515,
    0.6192400970088925,
    0.6919967663702506,
    0.6216653193209377
  ],
  "prompt_ppl_ppx": [
    0.0,
    0.0,
    0.0,
    0.0,
    0.0,
    0.0,
    0.0,
    0.0,
    0.0,
    0.0
  ]
}