{
  "lambda_ppl": 0.0,
  "train_joint": [
    16.019755907808797,
    15.992414517349072,
    15.9726275861933,
    15.99037976854303,
    16.065016007155513,
    15.989346412058627,
    16.010808869694056,
    16.00199004398303,
    15.978046262933967,
    16.019140877884425
  ],
  "train_task": [
    16.019755907808797,
    15.992414517349072,
    15.9726275861933,
    15.99037976854303,
    16.065016007155513,
    15.989346412058627,
    16.010808869694056,
    16.00199004398303,
    15.978046262933967,
    16.019140877884425
  ],
  "train_ppl_loss": [
    0.0,
    0.0,
    0.0,
    0.0,
    0.0,
    0.0,
    0.0,
    0.0,
    0.0,
    0.0
  ],
  "train_ppl_ppx": [
    0.0,
    0.0,
    0.0,
    0.0,
    0.0,
    0.0,
    0.0,
    0.0,
    0.0,
    0.0
  ],
  "val_loss": [
    0.2155511341443876,
    0.22089028656482695,
    0.12999150786639713,
    0.18373441887883152,
    0.1794493124070691,
    0.12967065904380345,
    0.12788909801804438,
    0.12244111652054437,
    0.1314289461139862,
    0.12971773890369548
  ],
  "val_acc": [
    0.6697247706422018,
    0.6697247706422018,
    0.7516819571865443,
    0.7009174311926606,
    0.7003058103975535,
    0.7599388379204893,
    0.7614678899082569,
    0.7767584097859327,
    0.7602446483180428,
    0.7620795107033639
  ],
  "val_acc_true": [
    0.9886866699458927,
    0.9936055090998525,
    0.9508116084604034,
    0.9842597147073291,
    0.985243482538121,
    0.9527791441219872,
    0.9513034923757994,
    0.9449090014756517,
    0.956222331529759,
    0.9547466797835711
  ],
  "val_acc_false": [
    0.14551333872271624,
    0.137429264349232,
    0.4244139046079224,
    0.23524656426839127,
    0.23201293451899757,
    0.44300727566693615,
    0.4494745351657235,
    0.5004042037186742,
    0.4381568310428456,
    0.44543249797898143
  ],
  "prompt_ppl_ppx": [
    0.0,
    0.0,
    0.0,
    0.0,
    0.0,
    0.0,
    0.0,
    0.0,
    0.0,
    0.0
  ]
}