{
  "lambda_ppl": 10.0,
  "train_joint": [
    107.89876234075996,
    107.91884695331701,
    107.897076861778,
    107.87646652393127,
    107.90282832799333,
    107.89940540442306,
    107.88571816776576,
    107.83301509900039,
    107.90856345530307,
    107.90650199290071
  ],
  "train_task": [
    16.91227384845862,
    16.93235866675216,
    16.910588483060344,
    16.889978136641258,
    16.916340032856116,
    16.912917180007764,
    16.899229572596173,
    16.846526700994943,
    16.922075078728493,
    16.92001365704483
  ],
  "train_ppl_loss": [
    9.098649024963379,
    9.098649024963379,
    9.098649024963379,
    9.098649024963379,
    9.098649024963379,
    9.098649024963379,
    9.098649024963379,
    9.098649024963379,
    9.098649024963379,
    9.098649024963379
  ],
  "train_ppl_ppx": [
    8943.202495218156,
    8943.202495218156,
    8943.202495218156,
    8943.202495218156,
    8943.202495218156,
    8943.202495218156,
    8943.202495218156,
    8943.202495218156,
    8943.202495218156,
    8943.202495218156
  ],
  "val_loss": [
    10.895791318939953,
    4.460515408399629,
    2.4819024283711504,
    0.17898322892625157,
    0.18390464789983701,
    0.16854792833328247,
    0.20945105770739114,
    0.16932516410583404,
    0.16935660497444432,
    0.17721123430060176
  ],
  "val_acc": [
    0.3782874617737003,
    0.3782874617737003,
    0.3782874617737003,
    0.6217125382262997,
    0.6217125382262997,
    0.6146788990825688,
    0.6217125382262997,
    0.6021406727828746,
    0.6214067278287462,
    0.6217125382262997
  ],
  "val_acc_true": [
    0.0,
    0.0,
    0.0,
    1.0,
    1.0,
    0.9803246433841614,
    1.0,
    0.896704377766847,
    0.999508116084604,
    1.0
  ],
  "val_acc_false": [
    1.0,
    1.0,
    1.0,
    0.0,
    0.0,
    0.0137429264349232,
    0.0,
    0.11802748585286985,
    0.0,
    0.0
  ],
  "prompt_ppl_ppx": [
    8943.202495218102,
    8943.202495218102,
    8943.202495218102,
    8943.202495218102,
    8943.202495218102,
    8943.202495218102,
    8943.202495218102,
    8943.202495218102,
    8943.202495218102,
    8943.202495218102
  ]
}