{
  "lambda_ppl": 1.0,
  "train_joint": [
    26.05484697149041,
    26.07018487908867,
    26.091103958815673,
    26.051098448506902,
    26.072356564811106,
    25.999834309267193,
    26.020555071884328,
    26.02907366806202,
    25.994856973712363,
    26.039508463827413
  ],
  "train_task": [
    17.08844770152917,
    17.103785694850963,
    17.1247047681487,
    17.08469931141714,
    17.105957307708398,
    17.03343501787507,
    17.054155840498677,
    17.062674479538135,
    17.02845771232348,
    17.073109283875883
  ],
  "train_ppl_loss": [
    8.966399192810059,
    8.966399192810059,
    8.966399192810059,
    8.966399192810059,
    8.966399192810059,
    8.966399192810059,
    8.966399192810059,
    8.966399192810059,
    8.966399192810059,
    8.966399192810059
  ],
  "train_ppl_ppx": [
    7835.337210142547,
    7835.337210142547,
    7835.337210142547,
    7835.337210142547,
    7835.337210142547,
    7835.337210142547,
    7835.337210142547,
    7835.337210142547,
    7835.337210142547,
    7835.337210142547
  ],
  "val_loss": [
    0.1490799949390859,
    0.13331742297585417,
    0.11999596206516755,
    0.16072171097848473,
    0.11392448198322842,
    0.11289218396130131,
    0.11021690830224898,
    0.11712198152047831,
    0.11106961467644064,
    0.11549513978747333
  ],
  "val_acc": [
    0.7021406727828746,
    0.7691131498470948,
    0.7840978593272171,
    0.6773700305810397,
    0.7948012232415902,
    0.8027522935779816,
    0.8070336391437309,
    0.8,
    0.8064220183486238,
    0.8058103975535168
  ],
  "val_acc_true": [
    0.9818002951303493,
    0.8573536645351697,
    0.8957206099360551,
    0.5371372356123955,
    0.8809640924741761,
    0.8588293162813576,
    0.8878504672897196,
    0.822429906542056,
    0.8848991637973438,
    0.8219380226266602
  ],
  "val_acc_false": [
    0.2425222312045271,
    0.624090541632983,
    0.6006467259498788,
    0.9078415521422797,
    0.6531932093775262,
    0.7105901374292644,
    0.6742118027485853,
    0.7631366208569119,
    0.677445432497979,
    0.7793047696038804
  ],
  "prompt_ppl_ppx": [
    7835.337210142586,
    7835.337210142586,
    7835.337210142586,
    7835.337210142586,
    7835.337210142586,
    7835.337210142586,
    7835.337210142586,
    7835.337210142586,
    7835.337210142586,
    7835.337210142586
  ]
}