{
  "lambda_ppl": 0.0,
  "train_joint": [
    16.49979142821237,
    16.512638389930295,
    16.553034094478306,
    16.52307408150662,
    16.492424720592712,
    16.499525723832377,
    16.553674665729652,
    16.544595615515547,
    16.518739468863842,
    16.513710304860318
  ],
  "train_task": [
    16.49979142821237,
    16.512638389930295,
    16.553034094478306,
    16.52307408150662,
    16.492424720592712,
    16.499525723832377,
    16.553674665729652,
    16.544595615515547,
    16.518739468863842,
    16.513710304860318
  ],
  "train_ppl_loss": [
    0.0,
    0.0,
    0.0,
    0.0,
    0.0,
    0.0,
    0.0,
    0.0,
    0.0,
    0.0
  ],
  "train_ppl_ppx": [
    0.0,
    0.0,
    0.0,
    0.0,
    0.0,
    0.0,
    0.0,
    0.0,
    0.0,
    0.0
  ],
  "val_loss": [
    0.16309846091742922,
    0.2532786541595692,
    0.12269573268912187,
    0.11446690715667678,
    0.11304069396744414,
    0.11455215786288424,
    0.1158387838204096,
    0.11749711396490656,
    0.111122484314369,
    0.1149391354902125
  ],
  "val_acc": [
    0.7018348623853211,
    0.7458715596330275,
    0.7807339449541284,
    0.7938837920489297,
    0.8064220183486238,
    0.7984709480122324,
    0.7990825688073394,
    0.7987767584097859,
    0.808868501529052,
    0.8067278287461773
  ],
  "val_acc_true": [
    0.985243482538121,
    0.9478603049680275,
    0.9247417609444171,
    0.9075258239055582,
    0.8573536645351697,
    0.8696507624200689,
    0.9006394490900148,
    0.8101328086571569,
    0.8504672897196262,
    0.8273487456960157
  ],
  "val_acc_false": [
    0.2360549717057397,
    0.41390460792239286,
    0.5440582053354891,
    0.6071139854486661,
    0.7227162489894907,
    0.6814874696847211,
    0.6321746160064673,
    0.7801131770412287,
    0.740501212611156,
    0.7728375101050929
  ],
  "prompt_ppl_ppx": [
    0.0,
    0.0,
    0.0,
    0.0,
    0.0,
    0.0,
    0.0,
    0.0,
    0.0,
    0.0
  ]
}