{
  "lambda_ppl": 0.0,
  "train_joint": [
    17.442290076780854,
    17.460364935371313,
    17.447422203321135,
    17.4029426210382,
    17.44187960892581,
    17.440137558840632,
    17.508222914277837,
    17.422708363479444,
    17.446391324246868,
    17.42299936058816
  ],
  "train_task": [
    17.442290076780854,
    17.460364935371313,
    17.447422203321135,
    17.4029426210382,
    17.44187960892581,
    17.440137558840632,
    17.508222914277837,
    17.422708363479444,
    17.446391324246868,
    17.42299936058816
  ],
  "train_ppl_loss": [
    0.0,
    0.0,
    0.0,
    0.0,
    0.0,
    0.0,
    0.0,
    0.0,
    0.0,
    0.0
  ],
  "train_ppl_ppx": [
    0.0,
    0.0,
    0.0,
    0.0,
    0.0,
    0.0,
    0.0,
    0.0,
    0.0,
    0.0
  ],
  "val_loss": [
    0.1268718159053384,
    0.11380066953417732,
    0.11728468964830405,
    0.11367200562139837,
    0.11955105207133584,
    0.11061737454700761,
    0.10963700366910638,
    0.1143869654661635,
    0.11025500395221681,
    0.11433705935572705
  ],
  "val_acc": [
    0.7504587155963303,
    0.790519877675841,
    0.7813455657492355,
    0.791743119266055,
    0.7804281345565749,
    0.8064220183486238,
    0.807645259938838,
    0.809480122324159,
    0.8110091743119267,
    0.8110091743119267
  ],
  "val_acc_true": [
    0.956222331529759,
    0.8952287260206592,
    0.9252336448598131,
    0.9090014756517462,
    0.9301524840137727,
    0.8755533694048204,
    0.8745696015740285,
    0.8425971470732907,
    0.8612887358583374,
    0.8288243974422036
  ],
  "val_acc_false": [
    0.412287793047696,
    0.618431689571544,
    0.5448666127728375,
    0.5990299110751819,
    0.534357316087308,
    0.692805173807599,
    0.6976556184316896,
    0.7550525464834277,
    0.7283751010509296,
    0.7817299919159256
  ],
  "prompt_ppl_ppx": [
    0.0,
    0.0,
    0.0,
    0.0,
    0.0,
    0.0,
    0.0,
    0.0,
    0.0,
    0.0
  ]
}