{
  "lambda_ppl": 0.0,
  "train_joint": [
    17.61181204077903,
    17.693327048655306,
    17.566134688559544,
    17.671287875229055,
    17.621759562545947,
    17.662470493959578,
    17.65844672128056,
    17.63905053942391,
    17.602504998110653,
    17.63549405858758
  ],
  "train_task": [
    17.61181204077903,
    17.693327048655306,
    17.566134688559544,
    17.671287875229055,
    17.621759562545947,
    17.662470493959578,
    17.65844672128056,
    17.63905053942391,
    17.602504998110653,
    17.63549405858758
  ],
  "train_ppl_loss": [
    0.0,
    0.0,
    0.0,
    0.0,
    0.0,
    0.0,
    0.0,
    0.0,
    0.0,
    0.0
  ],
  "train_ppl_ppx": [
    0.0,
    0.0,
    0.0,
    0.0,
    0.0,
    0.0,
    0.0,
    0.0,
    0.0,
    0.0
  ],
  "val_loss": [
    0.12460165801571636,
    0.11551676458883577,
    0.11217867553052378,
    0.11595173457228555,
    0.12205163439417757,
    0.11258257203167532,
    0.11438929373171271,
    0.11074694811661796,
    0.11188390386268134,
    0.11414208272699176
  ],
  "val_acc": [
    0.782262996941896,
    0.7810397553516819,
    0.8018348623853211,
    0.7984709480122324,
    0.791131498470948,
    0.8085626911314985,
    0.8051987767584098,
    0.8107033639143731,
    0.8131498470948012,
    0.8116207951070337
  ],
  "val_acc_true": [
    0.8844072798819479,
    0.9183472700442695,
    0.8662075750122971,
    0.8180029513034923,
    0.780127889818003,
    0.853418593212002,
    0.8204623708804722,
    0.853910477127398,
    0.8401377274963109,
    0.823413674372848
  ],
  "val_acc_false": [
    0.6143896523848019,
    0.555375909458367,
    0.6960388035569928,
    0.7663702506063056,
    0.809215844785772,
    0.7348423605497171,
    0.7801131770412287,
    0.7396928051738076,
    0.7687954729183508,
    0.7922392886014551
  ],
  "prompt_ppl_ppx": [
    0.0,
    0.0,
    0.0,
    0.0,
    0.0,
    0.0,
    0.0,
    0.0,
    0.0,
    0.0
  ]
}