{
  "lambda_ppl": 0.0,
  "train_joint": [
    16.60770422046104,
    16.596730836589686,
    16.577277112810798,
    16.5896977071012,
    16.537733397323095,
    16.55553307051069,
    16.615265801247585,
    16.6147979757759,
    16.633040336008822,
    16.544787111175193
  ],
  "train_task": [
    16.60770422046104,
    16.596730836589686,
    16.577277112810798,
    16.5896977071012,
    16.537733397323095,
    16.55553307051069,
    16.615265801247585,
    16.6147979757759,
    16.633040336008822,
    16.544787111175193
  ],
  "train_ppl_loss": [
    0.0,
    0.0,
    0.0,
    0.0,
    0.0,
    0.0,
    0.0,
    0.0,
    0.0,
    0.0
  ],
  "train_ppl_ppx": [
    0.0,
    0.0,
    0.0,
    0.0,
    0.0,
    0.0,
    0.0,
    0.0,
    0.0,
    0.0
  ],
  "val_loss": [
    0.12726535126566887,
    0.12684125256974524,
    0.1201472438326696,
    0.1179607238802241,
    0.12237311277265955,
    0.11247690783404722,
    0.1131370443759895,
    0.11104104819639427,
    0.1143716734902161,
    0.11122265169169844
  ],
  "val_acc": [
    0.7581039755351682,
    0.7501529051987768,
    0.7666666666666667,
    0.7706422018348624,
    0.7642201834862385,
    0.7871559633027523,
    0.8015290519877676,
    0.7990825688073394,
    0.8009174311926606,
    0.7929663608562691
  ],
  "val_acc_true": [
    0.9404820462370881,
    0.9576979832759469,
    0.9326119035907526,
    0.9340875553369404,
    0.9478603049680275,
    0.9080177078209543,
    0.8612887358583374,
    0.8898180029513035,
    0.8298081652729956,
    0.9040826364977865
  ],
  "val_acc_false": [
    0.4583670169765562,
    0.40905416329830235,
    0.4939369442198868,
    0.502021018593371,
    0.4624090541632983,
    0.5885206143896524,
    0.7033144704931286,
    0.6499595796281326,
    0.7534357316087308,
    0.6103476151980598
  ],
  "prompt_ppl_ppx": [
    0.0,
    0.0,
    0.0,
    0.0,
    0.0,
    0.0,
    0.0,
    0.0,
    0.0,
    0.0
  ]
}