{
  "lambda_ppl": 0.0,
  "train_joint": [
    16.41486876198415,
    16.37736581095149,
    16.39305416064316,
    16.333350119430026,
    16.386297671714527,
    16.395683301432747,
    16.412642463941253,
    16.387988491272658,
    16.397922740893417,
    16.431083231293755
  ],
  "train_task": [
    16.41486876198415,
    16.37736581095149,
    16.39305416064316,
    16.333350119430026,
    16.386297671714527,
    16.395683301432747,
    16.412642463941253,
    16.387988491272658,
    16.397922740893417,
    16.431083231293755
  ],
  "train_ppl_loss": [
    0.0,
    0.0,
    0.0,
    0.0,
    0.0,
    0.0,
    0.0,
    0.0,
    0.0,
    0.0
  ],
  "train_ppl_ppx": [
    0.0,
    0.0,
    0.0,
    0.0,
    0.0,
    0.0,
    0.0,
    0.0,
    0.0,
    0.0
  ],
  "val_loss": [
    0.13915238243232414,
    0.12892670695011207,
    0.12149993123077765,
    0.12455381778318708,
    0.11613424116881882,
    0.11529427963059123,
    0.11389531265126496,
    0.11480481208461087,
    0.11338142306521172,
    0.11481981056674224
  ],
  "val_acc": [
    0.7281345565749235,
    0.7678899082568807,
    0.7847094801223241,
    0.7831804281345566,
    0.7960244648318043,
    0.7975535168195719,
    0.7987767584097859,
    0.7978593272171254,
    0.7984709480122324,
    0.7987767584097859
  ],
  "val_acc_true": [
    0.9660600098376783,
    0.780619773733399,
    0.8298081652729956,
    0.7875061485489424,
    0.8401377274963109,
    0.8411214953271028,
    0.8514510575504181,
    0.8470241023118544,
    0.8553861288735858,
    0.8317757009345794
  ],
  "val_acc_false": [
    0.33710590137429264,
    0.7469684721099434,
    0.7105901374292644,
    0.7760711398544866,
    0.7235246564268392,
    0.7259498787388844,
    0.7122069523039612,
    0.7170573969280517,
    0.7049312853678253,
    0.7445432497978981
  ],
  "prompt_ppl_ppx": [
    0.0,
    0.0,
    0.0,
    0.0,
    0.0,
    0.0,
    0.0,
    0.0,
    0.0,
    0.0
  ]
}