{
  "lambda_ppl": 1.0,
  "train_joint": [
    26.800865786263113,
    26.859346471207864,
    26.876237770680632,
    26.868334416593058,
    26.84107011087825,
    26.86162790448478,
    26.862513947218993,
    26.906002499012466,
    26.838624397020663,
    26.82680245731654
  ],
  "train_task": [
    17.212612758593615,
    17.271093458539983,
    17.28798474729731,
    17.28008139106665,
    17.252817100353454,
    17.27337487895837,
    17.27426092597876,
    17.317749475629142,
    17.250371382209693,
    17.23854944036248
  ],
  "train_ppl_loss": [
    9.588253021240234,
    9.588253021240234,
    9.588253021240234,
    9.588253021240234,
    9.588253021240234,
    9.588253021240234,
    9.588253021240234,
    9.588253021240234,
    9.588253021240234,
    9.588253021240234
  ],
  "train_ppl_ppx": [
    14592.354720161315,
    14592.354720161315,
    14592.354720161315,
    14592.354720161315,
    14592.354720161315,
    14592.354720161315,
    14592.354720161315,
    14592.354720161315,
    14592.354720161315,
    14592.354720161315
  ],
  "val_loss": [
    0.165385130520274,
    0.1387403526684133,
    0.13265193142905468,
    0.125836752264238,
    0.12141931756604009,
    0.11763894529786052,
    0.11635884281883879,
    0.11484085107903655,
    0.11896104376490522,
    0.11273905524938571
  ],
  "val_acc": [
    0.5761467889908257,
    0.7201834862385321,
    0.7342507645259939,
    0.7746177370030581,
    0.77217125382263,
    0.7834862385321101,
    0.7859327217125383,
    0.7954128440366972,
    0.7877675840978593,
    0.7984709480122324
  ],
  "val_acc_true": [
    0.4107230693556321,
    0.9699950811608461,
    0.9660600098376783,
    0.8726020659124447,
    0.9281849483521889,
    0.8952287260206592,
    0.9026069847515986,
    0.8760452533202164,
    0.8199704869650762,
    0.8819478603049681
  ],
  "val_acc_false": [
    0.8480194017784963,
    0.30962004850444624,
    0.3532740501212611,
    0.6135812449474535,
    0.5157639450282943,
    0.5998383185125303,
    0.5941794664510913,
    0.6628940986257074,
    0.7348423605497171,
    0.6612772837510105
  ],
  "prompt_ppl_ppx": [
    14592.354720161384,
    14592.354720161384,
    14592.354720161384,
    14592.354720161384,
    14592.354720161384,
    14592.354720161384,
    14592.354720161384,
    14592.354720161384,
    14592.354720161384,
    14592.354720161384
  ]
}