{
  "lambda_ppl": 0.01,
  "train_joint": [
    17.126928496628665,
    17.073749469371325,
    17.15333251953125,
    17.160290638784343,
    17.13130719688501,
    17.131508833638737,
    17.13096022659473,
    17.152906128529754,
    17.154074981775178,
    17.162695734688405
  ],
  "train_task": [
    17.021629502800074,
    16.968450490544353,
    17.048033532131925,
    17.05499164709884,
    17.02600820305642,
    17.026209839810146,
    17.025661241338494,
    17.04760713898734,
    17.048775998662027,
    17.05739674943217
  ],
  "train_ppl_loss": [
    10.529853820800781,
    10.529853820800781,
    10.529853820800781,
    10.529853820800781,
    10.529853820800781,
    10.529853820800781,
    10.529853820800781,
    10.529853820800781,
    10.529853820800781,
    10.529853820800781
  ],
  "train_ppl_ppx": [
    37416.00454211792,
    37416.00454211792,
    37416.00454211792,
    37416.00454211792,
    37416.00454211792,
    37416.00454211792,
    37416.00454211792,
    37416.00454211792,
    37416.00454211792,
    37416.00454211792
  ],
  "val_loss": [
    0.12210371005462436,
    0.14447541898343622,
    0.12027613126286646,
    0.11997437180905807,
    0.11393686055046756,
    0.11161074959559411,
    0.11218815743468884,
    0.11065311902543394,
    0.1125275350925399,
    0.10953127300230468
  ],
  "val_acc": [
    0.7782874617737003,
    0.7357798165137615,
    0.7642201834862385,
    0.7896024464831805,
    0.7840978593272171,
    0.7960244648318043,
    0.7948012232415902,
    0.8021406727828746,
    0.808868501529052,
    0.8073394495412844
  ],
  "val_acc_true": [
    0.8883423512051156,
    0.6694540088539105,
    0.9203148057058534,
    0.8465322183964584,
    0.9085095917363503,
    0.8873585833743236,
    0.9001475651746188,
    0.8755533694048204,
    0.8460403344810624,
    0.8647319232661091
  ],
  "val_acc_false": [
    0.597413096200485,
    0.8447857720291027,
    0.50767987065481,
    0.6960388035569928,
    0.5796281325788197,
    0.6459175424413904,
    0.6216653193209377,
    0.6814874696847211,
    0.7477768795472919,
    0.7130153597413096
  ],
  "prompt_ppl_ppx": [
    37416.00454211781,
    37416.00454211781,
    37416.00454211781,
    37416.00454211781,
    37416.00454211781,
    37416.00454211781,
    37416.00454211781,
    37416.00454211781,
    37416.00454211781,
    37416.00454211781
  ]
}