{
  "lambda_ppl": 1.0,
  "train_joint": [
    25.158627233612403,
    25.19311458287614,
    25.21662214043435,
    25.208714881639803,
    25.22220542136203,
    25.133860007296786,
    25.13263597381249,
    25.195139959956823,
    25.212417315365222,
    25.20732371298115
  ],
  "train_task": [
    17.356248446260945,
    17.390735829814098,
    17.41424343452025,
    17.406336175725702,
    17.41982672830646,
    17.331481303525774,
    17.330257345049567,
    17.392761271187428,
    17.410038618023474,
    17.404945015639402
  ],
  "train_ppl_loss": [
    7.8023786544799805,
    7.8023786544799805,
    7.8023786544799805,
    7.8023786544799805,
    7.8023786544799805,
    7.8023786544799805,
    7.8023786544799805,
    7.8023786544799805,
    7.8023786544799805,
    7.8023786544799805
  ],
  "train_ppl_ppx": [
    2446.4142363895944,
    2446.4142363895944,
    2446.4142363895944,
    2446.4142363895944,
    2446.4142363895944,
    2446.4142363895944,
    2446.4142363895944,
    2446.4142363895944,
    2446.4142363895944,
    2446.4142363895944
  ],
  "val_loss": [
    0.1510488807064731,
    0.149541945791826,
    0.13697880084921674,
    0.2121395283537667,
    0.12497033911143861,
    0.12822947934633347,
    0.11841605661845789,
    0.11865887929026674,
    0.1343830278188717,
    0.11710090234693958
  ],
  "val_acc": [
    0.6691131498470948,
    0.7079510703363915,
    0.7207951070336391,
    0.7018348623853211,
    0.7565749235474006,
    0.7458715596330275,
    0.7795107033639144,
    0.7740061162079511,
    0.7422018348623853,
    0.781651376146789
  ],
  "val_acc_true": [
    0.9906542056074766,
    0.9030988686669946,
    0.9665518937530743,
    0.9754058042302016,
    0.9257255287752091,
    0.9488440727988194,
    0.8804722085587802,
    0.9247417609444171,
    0.9576979832759469,
    0.9168716182980816
  ],
  "val_acc_false": [
    0.1406628940986257,
    0.3872271624898949,
    0.31689571544058204,
    0.25222312045270817,
    0.4785772029102668,
    0.412287793047696,
    0.6135812449474535,
    0.5262732417138237,
    0.3880355699272433,
    0.5594179466451091
  ],
  "prompt_ppl_ppx": [
    2446.4142363896217,
    2446.4142363896217,
    2446.4142363896217,
    2446.4142363896217,
    2446.4142363896217,
    2446.4142363896217,
    2446.4142363896217,
    2446.4142363896217,
    2446.4142363896217,
    2446.4142363896217
  ]
}