{
  "lambda_ppl": 0.25,
  "train_joint": [
    18.635435824447804,
    18.699420414613872,
    18.662132880393038,
    18.679235222634304,
    18.697887017753686,
    18.647598973820717,
    18.67098374527492,
    18.678711070371477,
    18.64434012080846,
    18.644397799888353
  ],
  "train_task": [
    16.678608583600333,
    16.742593197340376,
    16.705305639545568,
    16.7224079882161,
    16.74105977476313,
    16.69077171797163,
    16.714156508713625,
    16.72188385309798,
    16.687512892819523,
    16.687570571899414
  ],
  "train_ppl_loss": [
    7.827309608459473,
    7.827309608459473,
    7.827309608459473,
    7.827309608459473,
    7.827309608459473,
    7.827309608459473,
    7.827309608459473,
    7.827309608459473,
    7.827309608459473,
    7.827309608459473
  ],
  "train_ppl_ppx": [
    2508.172322340079,
    2508.172322340079,
    2508.172322340079,
    2508.172322340079,
    2508.172322340079,
    2508.172322340079,
    2508.172322340079,
    2508.172322340079,
    2508.172322340079,
    2508.172322340079
  ],
  "val_loss": [
    0.1235826549188393,
    0.12273924290770438,
    0.11363396352929313,
    0.11673532311872738,
    0.12497124229444237,
    0.11536223512233758,
    0.11475827222371973,
    0.11660911269576811,
    0.1194223010594525,
    0.11418846188703688
  ],
  "val_acc": [
    0.7666666666666667,
    0.7660550458715596,
    0.7923547400611621,
    0.8042813455657493,
    0.7877675840978593,
    0.8085626911314985,
    0.8091743119266055,
    0.8070336391437309,
    0.8003058103975536,
    0.8107033639143731
  ],
  "val_acc_true": [
    0.9212985735366453,
    0.9390063944909002,
    0.8809640924741761,
    0.8130841121495327,
    0.764387604525332,
    0.8184948352188883,
    0.8312838170191835,
    0.8012788981800295,
    0.7825873093949828,
    0.8165272995573045
  ],
  "val_acc_false": [
    0.5125303152789006,
    0.48181083265966046,
    0.6467259498787389,
    0.7898140662894099,
    0.826192400970089,
    0.7922392886014551,
    0.7728375101050929,
    0.8164915117219078,
    0.8294260307194826,
    0.8011317704122878
  ],
  "prompt_ppl_ppx": [
    2508.172322340089,
    2508.172322340089,
    2508.172322340089,
    2508.172322340089,
    2508.172322340089,
    2508.172322340089,
    2508.172322340089,
    2508.172322340089,
    2508.172322340089,
    2508.172322340089
  ]
}