{
  "lambda_ppl": 1.0,
  "train_joint": [
    25.647523112779254,
    25.706427807754345,
    25.770944775356334,
    25.70703984378429,
    25.783555710181762,
    25.691475621769936,
    25.776249519090975,
    25.73928338383021,
    25.781549509455647,
    25.732490886731092
  ],
  "train_task": [
    16.340663149115745,
    16.399567859092457,
    16.464084803120475,
    16.400179871548428,
    16.476695729373546,
    16.384615647390987,
    16.469389581144526,
    16.432423426595967,
    16.474689526504346,
    16.42563090592288
  ],
  "train_ppl_loss": [
    9.306859970092773,
    9.306859970092773,
    9.306859970092773,
    9.306859970092773,
    9.306859970092773,
    9.306859970092773,
    9.306859970092773,
    9.306859970092773,
    9.306859970092773,
    9.306859970092773
  ],
  "train_ppl_ppx": [
    11013.311649488664,
    11013.311649488664,
    11013.311649488664,
    11013.311649488664,
    11013.311649488664,
    11013.311649488664,
    11013.311649488664,
    11013.311649488664,
    11013.311649488664,
    11013.311649488664
  ],
  "val_loss": [
    0.13250408373409656,
    0.11365798460092487,
    0.12839714262361934,
    0.11719470968151965,
    0.11596345003785156,
    0.11481186475877354,
    0.1105223157783834,
    0.11016035097219595,
    0.11222072490377397,
    0.1088934253265218
  ],
  "val_acc": [
    0.7431192660550459,
    0.7932721712538227,
    0.7568807339449541,
    0.7844036697247706,
    0.7920489296636085,
    0.789296636085627,
    0.8006116207951071,
    0.8042813455657493,
    0.8003058103975536,
    0.8085626911314985
  ],
  "val_acc_true": [
    0.9695031972454501,
    0.8711264141662568,
    0.955730447614363,
    0.9350713231677324,
    0.9085095917363503,
    0.9301524840137727,
    0.8878504672897196,
    0.8622725036891293,
    0.9153959665518937,
    0.8883423512051156
  ],
  "val_acc_false": [
    0.37105901374292644,
    0.6653193209377526,
    0.43007275666936134,
    0.5367825383993533,
    0.6006467259498788,
    0.5578011317704122,
    0.6572352465642683,
    0.7089733225545675,
    0.6111560226354082,
    0.677445432497979
  ],
  "prompt_ppl_ppx": [
    11013.311649488682,
    11013.311649488682,
    11013.311649488682,
    11013.311649488682,
    11013.311649488682,
    11013.311649488682,
    11013.311649488682,
    11013.311649488682,
    11013.311649488682,
    11013.311649488682
  ]
}