{
  "lambda_ppl": 1.0,
  "train_joint": [
    27.415873928284377,
    27.378166563055487,
    27.381320439027935,
    27.418803868668803,
    27.44936609589652,
    27.463993072509766,
    27.396052744147482,
    27.38046230359024,
    27.408147854751416,
    27.371764519509306
  ],
  "train_task": [
    17.05090746718846,
    17.013200176967665,
    17.016353945785696,
    17.053837452577742,
    17.084399630514422,
    17.099026628558555,
    17.031086325913332,
    17.01549589821462,
    17.043181430088,
    17.006798071271916
  ],
  "train_ppl_loss": [
    10.36496639251709,
    10.36496639251709,
    10.36496639251709,
    10.36496639251709,
    10.36496639251709,
    10.36496639251709,
    10.36496639251709,
    10.36496639251709,
    10.36496639251709,
    10.36496639251709
  ],
  "train_ppl_ppx": [
    31728.366198995944,
    31728.366198995944,
    31728.366198995944,
    31728.366198995944,
    31728.366198995944,
    31728.366198995944,
    31728.366198995944,
    31728.366198995944,
    31728.366198995944,
    31728.366198995944
  ],
  "val_loss": [
    0.15288760611196844,
    0.11425377092346913,
    0.11337943734919152,
    0.11471770954568211,
    0.11096823508056199,
    0.11107477395818001,
    0.12779161131418332,
    0.11004926232484782,
    0.11337553577088728,
    0.10936673381706563
  ],
  "val_acc": [
    0.6703363914373088,
    0.790519877675841,
    0.7844036697247706,
    0.8021406727828746,
    0.7972477064220184,
    0.8018348623853211,
    0.7813455657492355,
    0.8042813455657493,
    0.8048929663608563,
    0.8030581039755351
  ],
  "val_acc_true": [
    0.5346778160354156,
    0.8878504672897196,
    0.9085095917363503,
    0.838662075750123,
    0.8721101819970487,
    0.8627643876045253,
    0.750614854894245,
    0.8583374323659616,
    0.8283325135268077,
    0.867683226758485
  ],
  "val_acc_false": [
    0.8932902182700081,
    0.6305578011317704,
    0.5804365400161682,
    0.7421180274858529,
    0.6742118027485853,
    0.7016976556184317,
    0.8318512530315278,
    0.7154405820533549,
    0.7663702506063056,
    0.6968472109943411
  ],
  "prompt_ppl_ppx": [
    31728.366198995645,
    31728.366198995645,
    31728.366198995645,
    31728.366198995645,
    31728.366198995645,
    31728.366198995645,
    31728.366198995645,
    31728.366198995645,
    31728.366198995645,
    31728.366198995645
  ]
}