{
  "lambda_ppl": 0.75,
  "train_joint": [
    25.531541910064355,
    25.574333765265646,
    25.523834249946507,
    25.58147669588582,
    25.516864909482806,
    25.58071139474933,
    25.50092059360461,
    25.539522351039928,
    25.565668268953818,
    25.52782756934005
  ],
  "train_task": [
    17.117929548627874,
    17.160721390970636,
    17.110221877794586,
    17.16786433444934,
    17.103252537330885,
    17.167099037599026,
    17.0873082193096,
    17.125909978888007,
    17.15205591823278,
    17.114215203617395
  ],
  "train_ppl_loss": [
    11.21815013885498,
    11.21815013885498,
    11.21815013885498,
    11.21815013885498,
    11.21815013885498,
    11.21815013885498,
    11.21815013885498,
    11.21815013885498,
    11.21815013885498,
    11.21815013885498
  ],
  "train_ppl_ppx": [
    74469.88830627524,
    74469.88830627524,
    74469.88830627524,
    74469.88830627524,
    74469.88830627524,
    74469.88830627524,
    74469.88830627524,
    74469.88830627524,
    74469.88830627524,
    74469.88830627524
  ],
  "val_loss": [
    0.1485312357908342,
    0.14639986858862203,
    0.1511205354841744,
    0.13649243378057713,
    0.13891259380956975,
    0.1405255593904635,
    0.14282506526243396,
    0.1365903591964303,
    0.12116156665653717,
    0.12529319012310447
  ],
  "val_acc": [
    0.7149847094801223,
    0.7229357798165138,
    0.7018348623853211,
    0.7376146788990826,
    0.7510703363914373,
    0.7437308868501529,
    0.7318042813455657,
    0.7504587155963303,
    0.77217125382263,
    0.7709480122324159
  ],
  "val_acc_true": [
    0.7619281849483522,
    0.8032464338416134,
    0.6847024102311854,
    0.9011313330054107,
    0.8312838170191835,
    0.750614854894245,
    0.7078209542547959,
    0.7614363010329562,
    0.8696507624200689,
    0.8155435317265125
  ],
  "val_acc_false": [
    0.6378334680679062,
    0.5909458367016976,
    0.7299919159256265,
    0.4688763136620857,
    0.6192400970088925,
    0.7324171382376717,
    0.7712206952303962,
    0.7324171382376717,
    0.6119644300727567,
    0.6976556184316896
  ],
  "prompt_ppl_ppx": [
    74469.8883062758,
    74469.8883062758,
    74469.8883062758,
    74469.8883062758,
    74469.8883062758,
    74469.8883062758,
    74469.8883062758,
    74469.8883062758,
    74469.8883062758,
    74469.8883062758
  ]
}