{
  "lambda_ppl": 0.75,
  "train_joint": [
    15.855322081319402,
    15.822035401590755,
    15.874449022700277,
    15.794552307986141,
    15.791327373633225,
    15.814371293314387,
    15.824266521582443,
    15.807338716742697,
    15.792971274558077,
    15.842423968368701
  ],
  "train_task": [
    15.855322081319402,
    15.822035401590755,
    15.874449022700277,
    15.794552307986141,
    15.791327373633225,
    15.814371293314387,
    15.824266521582443,
    15.807338716742697,
    15.792971274558077,
    15.842423968368701
  ],
  "train_ppl_loss": [
    0.0,
    0.0,
    0.0,
    0.0,
    0.0,
    0.0,
    0.0,
    0.0,
    0.0,
    0.0
  ],
  "train_ppl_ppx": [
    1.0,
    1.0,
    1.0,
    1.0,
    1.0,
    1.0,
    1.0,
    1.0,
    1.0,
    1.0
  ],
  "val_loss": [
    12.72931135224133,
    10.411052233998369,
    0.5599702365514708,
    0.19974364894555835,
    0.23895747161856512,
    0.21472989713273397,
    0.2023901512619199,
    0.18891322805387217,
    0.23085956052854295,
    0.18367271137128516
  ],
  "val_acc": [
    0.5788990825688073,
    0.43547400611620796,
    0.6996941896024464,
    0.6743119266055045,
    0.6480122324159021,
    0.6605504587155964,
    0.6688073394495413,
    0.6571865443425077,
    0.6498470948012233,
    0.6712538226299695
  ],
  "val_acc_true": [
    0.3635022134776193,
    0.11903590752582391,
    0.9547466797835711,
    0.9695031972454501,
    0.9940973930152484,
    0.9896704377766847,
    0.9886866699458927,
    0.9921298573536645,
    0.9940973930152484,
    0.9877029021151008
  ],
  "val_acc_false": [
    0.9329021827000809,
    0.9555375909458367,
    0.280517380759903,
    0.18916734033953111,
    0.07922392886014551,
    0.1196443007275667,
    0.14308811641067098,
    0.10670978172999192,
    0.08407437348423606,
    0.15117219078415522
  ],
  "prompt_ppl_ppx": [
    NaN,
    NaN,
    NaN,
    NaN,
    NaN,
    NaN,
    NaN,
    NaN,
    NaN,
    NaN
  ]
}