{
  "lambda_ppl": 1.0,
  "train_joint": [
    27.09130005568601,
    27.126490689395517,
    27.076659980516755,
    27.1474545168073,
    27.12428059095747,
    27.08028668607219,
    27.062186761920373,
    27.10407831427756,
    27.071541153982785,
    27.12166457872712
  ],
  "train_task": [
    16.995259334264176,
    17.030449959401334,
    16.980619244093305,
    17.051413784670025,
    17.028239863106375,
    16.98424595822109,
    16.96614603835545,
    17.00803758428338,
    16.975500438990217,
    17.025623848732938
  ],
  "train_ppl_loss": [
    10.096040725708008,
    10.096040725708008,
    10.096040725708008,
    10.096040725708008,
    10.096040725708008,
    10.096040725708008,
    10.096040725708008,
    10.096040725708008,
    10.096040725708008,
    10.096040725708008
  ],
  "train_ppl_ppx": [
    24246.819320162936,
    24246.819320162936,
    24246.819320162936,
    24246.819320162936,
    24246.819320162936,
    24246.819320162936,
    24246.819320162936,
    24246.819320162936,
    24246.819320162936,
    24246.819320162936
  ],
  "val_loss": [
    0.1817725680041604,
    0.1236501111671692,
    0.12054300165576179,
    0.12407177808444675,
    0.12263336957591336,
    0.11371759197152242,
    0.1176544824024526,
    0.12093037014327399,
    0.11176972302903489,
    0.11249252627717285
  ],
  "val_acc": [
    0.6782874617737003,
    0.7807339449541284,
    0.7712538226299694,
    0.7801223241590214,
    0.7853211009174312,
    0.8,
    0.7966360856269113,
    0.791743119266055,
    0.8024464831804281,
    0.8015290519877676
  ],
  "val_acc_true": [
    0.9911460895228726,
    0.8671913428430891,
    0.9193310378750615,
    0.8283325135268077,
    0.807673389080177,
    0.8652238071815052,
    0.823413674372848,
    0.794884407279882,
    0.8504672897196262,
    0.8401377274963109
  ],
  "val_acc_false": [
    0.16410670978173,
    0.6386418755052546,
    0.5278900565885206,
    0.7008892481810832,
    0.7485852869846402,
    0.692805173807599,
    0.7526273241713823,
    0.7865804365400162,
    0.7235246564268392,
    0.7380759902991108
  ],
  "prompt_ppl_ppx": [
    24246.819320163173,
    24246.819320163173,
    24246.819320163173,
    24246.819320163173,
    24246.819320163173,
    24246.819320163173,
    24246.819320163173,
    24246.819320163173,
    24246.819320163173,
    24246.819320163173
  ]
}