{
  "lambda_ppl": 0.0,
  "train_joint": [
    16.775276987740163,
    16.731029761239384,
    16.711153330427877,
    16.720731953824505,
    16.75285565236981,
    16.73720357016231,
    16.713483146067414,
    16.671536207734867,
    16.78410939634516,
    16.778091546390833
  ],
  "train_task": [
    16.775276987740163,
    16.731029761239384,
    16.711153330427877,
    16.720731953824505,
    16.75285565236981,
    16.73720357016231,
    16.713483146067414,
    16.671536207734867,
    16.78410939634516,
    16.778091546390833
  ],
  "train_ppl_loss": [
    0.0,
    0.0,
    0.0,
    0.0,
    0.0,
    0.0,
    0.0,
    0.0,
    0.0,
    0.0
  ],
  "train_ppl_ppx": [
    0.0,
    0.0,
    0.0,
    0.0,
    0.0,
    0.0,
    0.0,
    0.0,
    0.0,
    0.0
  ],
  "val_loss": [
    0.89372746711824,
    0.39024342422078295,
    0.24772960732622845,
    0.1498523483916027,
    0.1450122263736841,
    0.1421049449865411,
    0.14138664374264276,
    0.14900018612786037,
    0.14015950277084258,
    0.13991397910001802
  ],
  "val_acc": [
    0.6801223241590214,
    0.6434250764525994,
    0.6287461773700306,
    0.6703363914373088,
    0.6975535168195719,
    0.7,
    0.6963302752293578,
    0.6761467889908257,
    0.7091743119266055,
    0.7033639143730887
  ],
  "val_acc_true": [
    0.9842597147073291,
    0.9980324643384161,
    1.0,
    0.9695031972454501,
    0.9370388588293163,
    0.9591736350221348,
    0.9586817511067388,
    0.9788489916379735,
    0.941957697983276,
    0.9572060993605509
  ],
  "val_acc_false": [
    0.18027485852869846,
    0.060630557801131774,
    0.018593371059013743,
    0.17865804365400162,
    0.3039611964430073,
    0.2740501212611156,
    0.2651576394502829,
    0.17865804365400162,
    0.3265966046887631,
    0.28617623282134197
  ],
  "prompt_ppl_ppx": [
    0.0,
    0.0,
    0.0,
    0.0,
    0.0,
    0.0,
    0.0,
    0.0,
    0.0,
    0.0
  ]
}