{
  "lambda_ppl": 1.0,
  "train_joint": [
    25.91159205061666,
    25.96935591965579,
    25.99896556125598,
    25.982614830102815,
    25.904674778627545,
    25.958033426691976,
    25.917462702547567,
    25.954330461480644,
    25.91857541116436,
    25.94373311246379
  ],
  "train_task": [
    17.102841019362547,
    17.16060486697079,
    17.190214545003485,
    17.173863715268254,
    17.095923785949022,
    17.149282359005362,
    17.108711645576392,
    17.145579485946826,
    17.109824356336272,
    17.134982057635703
  ],
  "train_ppl_loss": [
    8.808751106262207,
    8.808751106262207,
    8.808751106262207,
    8.808751106262207,
    8.808751106262207,
    8.808751106262207,
    8.808751106262207,
    8.808751106262207,
    8.808751106262207,
    8.808751106262207
  ],
  "train_ppl_ppx": [
    6692.5557545642705,
    6692.5557545642705,
    6692.5557545642705,
    6692.5557545642705,
    6692.5557545642705,
    6692.5557545642705,
    6692.5557545642705,
    6692.5557545642705,
    6692.5557545642705,
    6692.5557545642705
  ],
  "val_loss": [
    0.17847490292496798,
    0.1451329632957534,
    0.12530930953600058,
    0.14128339074370339,
    0.11535390194778035,
    0.11283042115136617,
    0.11325680698926856,
    0.11137206028783467,
    0.11511853666658081,
    0.11269368075470372
  ],
  "val_acc": [
    0.6639143730886851,
    0.7198776758409786,
    0.763302752293578,
    0.7516819571865443,
    0.8055045871559633,
    0.8042813455657493,
    0.8079510703363915,
    0.8107033639143731,
    0.8128440366972477,
    0.8125382262996942
  ],
  "val_acc_true": [
    0.9940973930152484,
    0.970978848991638,
    0.9326119035907526,
    0.6969995081160846,
    0.8701426463354648,
    0.8883423512051156,
    0.9011313330054107,
    0.8726020659124447,
    0.8332513526807673,
    0.853910477127398
  ],
  "val_acc_false": [
    0.12126111560226355,
    0.30719482619240096,
    0.4850444624090542,
    0.841552142279709,
    0.6992724333063864,
    0.666127728375101,
    0.6548100242522231,
    0.7089733225545675,
    0.7793047696038804,
    0.7445432497978981
  ],
  "prompt_ppl_ppx": [
    6692.5557545643205,
    6692.5557545643205,
    6692.5557545643205,
    6692.5557545643205,
    6692.5557545643205,
    6692.5557545643205,
    6692.5557545643205,
    6692.5557545643205,
    6692.5557545643205,
    6692.5557545643205
  ]
}