{
  "lambda_ppl": 0.01,
  "train_joint": [
    16.221093145649085,
    16.225699617621604,
    16.24921173352874,
    16.229028080286604,
    16.214696037635374,
    16.270999554837687,
    16.162809489818102,
    16.18433030589243,
    16.251879212025845,
    16.186475918801982
  ],
  "train_task": [
    16.133769397521288,
    16.138375858778364,
    16.161887963970056,
    16.1417043150141,
    16.127372293793755,
    16.183675800280625,
    16.07548575883501,
    16.097006566336987,
    16.164555444610254,
    16.099152183532716
  ],
  "train_ppl_loss": [
    8.732361793518066,
    8.732361793518066,
    8.732361793518066,
    8.732361793518066,
    8.732361793518066,
    8.732361793518066,
    8.732361793518066,
    8.732361793518066,
    8.732361793518066,
    8.732361793518066
  ],
  "train_ppl_ppx": [
    6200.35478955711,
    6200.35478955711,
    6200.35478955711,
    6200.35478955711,
    6200.35478955711,
    6200.35478955711,
    6200.35478955711,
    6200.35478955711,
    6200.35478955711,
    6200.35478955711
  ],
  "val_loss": [
    0.20335408737201516,
    0.15902529694139958,
    0.20405612135442291,
    0.13327819918532197,
    0.13546069240788133,
    0.13021296469903573,
    0.1424167942074014,
    0.13557633874347297,
    0.12690699290847632,
    0.12587933961483763
  ],
  "val_acc": [
    0.6724770642201835,
    0.7119266055045872,
    0.6779816513761467,
    0.7446483180428135,
    0.7428134556574923,
    0.7391437308868501,
    0.7376146788990826,
    0.7489296636085627,
    0.764525993883792,
    0.7678899082568807
  ],
  "val_acc_true": [
    0.9936055090998525,
    0.9818002951303493,
    0.9936055090998525,
    0.9640924741760944,
    0.9650762420068864,
    0.956222331529759,
    0.9744220363994097,
    0.9665518937530743,
    0.9517953762911953,
    0.9508116084604034
  ],
  "val_acc_false": [
    0.14470493128536782,
    0.26839126919967665,
    0.15925626515763944,
    0.3839935327405012,
    0.37752627324171384,
    0.38237671786580435,
    0.34842360549717055,
    0.39126919967663704,
    0.45675020210185935,
    0.46725949878738887
  ],
  "prompt_ppl_ppx": [
    6200.354789557151,
    6200.354789557151,
    6200.354789557151,
    6200.354789557151,
    6200.354789557151,
    6200.354789557151,
    6200.354789557151,
    6200.354789557151,
    6200.354789557151,
    6200.354789557151
  ]
}