{
  "lambda_ppl": 0.0,
  "train_joint": [
    16.506900660911302,
    16.51834208242009,
    16.521549250570576,
    16.507414123449433,
    16.50552927510122,
    16.49926835820916,
    16.550581276282834,
    16.456473359097256,
    16.537006528190012,
    16.465992494647423
  ],
  "train_task": [
    16.506900660911302,
    16.51834208242009,
    16.521549250570576,
    16.507414123449433,
    16.50552927510122,
    16.49926835820916,
    16.550581276282834,
    16.456473359097256,
    16.537006528190012,
    16.465992494647423
  ],
  "train_ppl_loss": [
    0.0,
    0.0,
    0.0,
    0.0,
    0.0,
    0.0,
    0.0,
    0.0,
    0.0,
    0.0
  ],
  "train_ppl_ppx": [
    0.0,
    0.0,
    0.0,
    0.0,
    0.0,
    0.0,
    0.0,
    0.0,
    0.0,
    0.0
  ],
  "val_loss": [
    0.6628572035853456,
    0.14064459783456673,
    0.15576815654228374,
    0.14192577364695508,
    0.16982268169522285,
    0.1633499947240258,
    0.1285048352736162,
    0.15665846600242686,
    0.13992135061587138,
    0.15745698773279423
  ],
  "val_acc": [
    0.6639143730886851,
    0.7675840978593272,
    0.7519877675840979,
    0.7571865443425077,
    0.7418960244648318,
    0.7492354740061162,
    0.7697247706422018,
    0.753822629969419,
    0.7617737003058104,
    0.7599388379204893
  ],
  "val_acc_true": [
    0.9916379734382685,
    0.9394982784062961,
    0.9611411706837186,
    0.9572060993605509,
    0.9744220363994097,
    0.9714707329070339,
    0.9424495818986719,
    0.9640924741760944,
    0.9606492867683227,
    0.9645843580914905
  ],
  "val_acc_false": [
    0.12530315278900567,
    0.4850444624090542,
    0.4082457558609539,
    0.4284559417946645,
    0.3597413096200485,
    0.3839935327405012,
    0.4858528698464026,
    0.4082457558609539,
    0.4349232012934519,
    0.423605497170574
  ],
  "prompt_ppl_ppx": [
    0.0,
    0.0,
    0.0,
    0.0,
    0.0,
    0.0,
    0.0,
    0.0,
    0.0,
    0.0
  ]
}