{
  "lambda_ppl": 0.25,
  "train_joint": [
    18.47791564598512,
    18.463973913299903,
    18.456316864356566,
    18.45440294072869,
    18.45313342019413,
    18.505680864312676,
    18.46938679298658,
    18.50166401809521,
    18.477127289504146,
    18.461653612972647
  ],
  "train_task": [
    16.29800497547964,
    16.284063257796042,
    16.276406206709616,
    16.274492265937035,
    16.273222749688653,
    16.32577018737793,
    16.289476116051834,
    16.321753324015756,
    16.297216582566165,
    16.281742963898047
  ],
  "train_ppl_loss": [
    8.719642639160156,
    8.719642639160156,
    8.719642639160156,
    8.719642639160156,
    8.719642639160156,
    8.719642639160156,
    8.719642639160156,
    8.719642639160156,
    8.719642639160156,
    8.719642639160156
  ],
  "train_ppl_ppx": [
    6121.9909373334085,
    6121.9909373334085,
    6121.9909373334085,
    6121.9909373334085,
    6121.9909373334085,
    6121.9909373334085,
    6121.9909373334085,
    6121.9909373334085,
    6121.9909373334085,
    6121.9909373334085
  ],
  "val_loss": [
    0.1398475297885697,
    0.13544190630498457,
    0.11591617454115938,
    0.11524555519586656,
    0.12806210907675872,
    0.11434494105690136,
    0.11652093301640778,
    0.11230322017629699,
    0.11251661637116496,
    0.12269372347651458
  ],
  "val_acc": [
    0.7128440366972477,
    0.7470948012232416,
    0.8021406727828746,
    0.8024464831804281,
    0.7859327217125383,
    0.8064220183486238,
    0.8045871559633028,
    0.8119266055045872,
    0.8110091743119267,
    0.7954128440366972
  ],
  "val_acc_true": [
    0.9768814559763895,
    0.9670437776684703,
    0.8652238071815052,
    0.8362026561731432,
    0.76340383669454,
    0.839153959665519,
    0.823413674372848,
    0.8603049680275455,
    0.8509591736350222,
    0.7855386128873586
  ],
  "val_acc_false": [
    0.2789005658852061,
    0.3856103476151981,
    0.698464025869038,
    0.7469684721099434,
    0.8229587712206953,
    0.7526273241713823,
    0.7736459175424414,
    0.7324171382376717,
    0.7453516572352465,
    0.8116410670978172
  ],
  "prompt_ppl_ppx": [
    6121.990937333384,
    6121.990937333384,
    6121.990937333384,
    6121.990937333384,
    6121.990937333384,
    6121.990937333384,
    6121.990937333384,
    6121.990937333384,
    6121.990937333384,
    6121.990937333384
  ]
}