{
  "lambda_ppl": 0.5,
  "train_joint": [
    20.02756789561068,
    20.00322649237815,
    19.984287892030867,
    19.997733204016523,
    20.032160722539665,
    19.9427240393135,
    19.932617791850916,
    19.938665261429346,
    19.968028546451183,
    20.045793387595186
  ],
  "train_task": [
    15.82297618094455,
    15.798634769139666,
    15.779696160220029,
    15.793141448631715,
    15.827568999301182,
    15.738132268927071,
    15.728026038609194,
    15.734073523189245,
    15.763436814640345,
    15.84120166864288
  ],
  "train_ppl_loss": [
    8.409183502197266,
    8.409183502197266,
    8.409183502197266,
    8.409183502197266,
    8.409183502197266,
    8.409183502197266,
    8.409183502197266,
    8.409183502197266,
    8.409183502197266,
    8.409183502197266
  ],
  "train_ppl_ppx": [
    4488.094495811207,
    4488.094495811207,
    4488.094495811207,
    4488.094495811207,
    4488.094495811207,
    4488.094495811207,
    4488.094495811207,
    4488.094495811207,
    4488.094495811207,
    4488.094495811207
  ],
  "val_loss": [
    0.18320591151714324,
    0.14300566759051347,
    0.12549925677296592,
    0.12027139540125684,
    0.11427749354028847,
    0.1126995972562127,
    0.11579970166814037,
    0.12149379555045105,
    0.1140837111215039,
    0.11388699217449601
  ],
  "val_acc": [
    0.6761467889908257,
    0.746177370030581,
    0.7896024464831805,
    0.7951070336391437,
    0.8070336391437309,
    0.8055045871559633,
    0.8073394495412844,
    0.7993883792048929,
    0.8103975535168195,
    0.8091743119266055
  ],
  "val_acc_true": [
    0.9931136251844564,
    0.6896212493851451,
    0.7894736842105263,
    0.8106246925725529,
    0.8721101819970487,
    0.8425971470732907,
    0.8288243974422036,
    0.794392523364486,
    0.8342351205115592,
    0.8258730939498279
  ],
  "val_acc_false": [
    0.15521422797089734,
    0.8391269199676638,
    0.7898140662894099,
    0.7696038803556993,
    0.7000808407437349,
    0.7445432497978981,
    0.7720291026677445,
    0.8075990299110751,
    0.7712206952303962,
    0.7817299919159256
  ],
  "prompt_ppl_ppx": [
    4488.094495811164,
    4488.094495811164,
    4488.094495811164,
    4488.094495811164,
    4488.094495811164,
    4488.094495811164,
    4488.094495811164,
    4488.094495811164,
    4488.094495811164,
    4488.094495811164
  ]
}