{
  "lambda_ppl": 1.0,
  "train_joint": [
    24.479242616289117,
    24.449950876128806,
    24.439101675655063,
    24.432507118482267,
    24.455474502049135,
    24.433337582363173,
    24.488775896222403,
    24.41530066500889,
    24.466904942373212,
    24.47667474210932
  ],
  "train_task": [
    15.719127970063285,
    15.689836242761505,
    15.678987029429232,
    15.672392467970258,
    15.695359791530652,
    15.673222901847925,
    15.728661219993334,
    15.65518593305952,
    15.70679026828723,
    15.716560048735543
  ],
  "train_ppl_loss": [
    8.760114669799805,
    8.760114669799805,
    8.760114669799805,
    8.760114669799805,
    8.760114669799805,
    8.760114669799805,
    8.760114669799805,
    8.760114669799805,
    8.760114669799805,
    8.760114669799805
  ],
  "train_ppl_ppx": [
    6374.842537998688,
    6374.842537998688,
    6374.842537998688,
    6374.842537998688,
    6374.842537998688,
    6374.842537998688,
    6374.842537998688,
    6374.842537998688,
    6374.842537998688,
    6374.842537998688
  ],
  "val_loss": [
    1.004487390343736,
    0.15268654056438585,
    0.148045439400324,
    0.14527518436676118,
    0.13543673512048837,
    0.1441856266521826,
    0.12580826017187863,
    0.12487203536964045,
    0.1162252000737481,
    0.11594280115351445
  ],
  "val_acc": [
    0.6935779816513762,
    0.6767584097859327,
    0.7128440366972477,
    0.708868501529052,
    0.7220183486238532,
    0.7318042813455657,
    0.7678899082568807,
    0.7581039755351682,
    0.7856269113149847,
    0.7828746177370031
  ],
  "val_acc_true": [
    0.9872110181997049,
    0.9916379734382685,
    0.9699950811608461,
    0.9813084112149533,
    0.9719626168224299,
    0.6871618298081653,
    0.9149040826364978,
    0.9468765371372356,
    0.8834235120511559,
    0.8755533694048204
  ],
  "val_acc_false": [
    0.21099434114793855,
    0.15925626515763944,
    0.2902182700080841,
    0.2611156022635408,
    0.3112368633791431,
    0.8051738075990299,
    0.5262732417138237,
    0.44785772029102666,
    0.6248989490703315,
    0.6305578011317704
  ],
  "prompt_ppl_ppx": [
    6374.84253799869,
    6374.84253799869,
    6374.84253799869,
    6374.84253799869,
    6374.84253799869,
    6374.84253799869,
    6374.84253799869,
    6374.84253799869,
    6374.84253799869,
    6374.84253799869
  ]
}