{
  "lambda_ppl": 1.0,
  "train_joint": [
    25.344764229420864,
    25.30203692404072,
    25.283234696977594,
    25.32540556232581,
    25.306262511349797,
    25.266542811875933,
    25.239793884620237,
    25.238331852602155,
    25.343257526869184,
    25.338481495889386
  ],
  "train_task": [
    16.153073788760754,
    16.11034645337737,
    16.091544273462187,
    16.133715113093345,
    16.114572068546597,
    16.07485239693288,
    16.04810345038939,
    16.046641392654248,
    16.151567081922895,
    16.146791018796772
  ],
  "train_ppl_loss": [
    9.191690444946289,
    9.191690444946289,
    9.191690444946289,
    9.191690444946289,
    9.191690444946289,
    9.191690444946289,
    9.191690444946289,
    9.191690444946289,
    9.191690444946289,
    9.191690444946289
  ],
  "train_ppl_ppx": [
    9815.229067456572,
    9815.229067456572,
    9815.229067456572,
    9815.229067456572,
    9815.229067456572,
    9815.229067456572,
    9815.229067456572,
    9815.229067456572,
    9815.229067456572,
    9815.229067456572
  ],
  "val_loss": [
    1.2625109922595141,
    0.3169120781487081,
    0.2263768479137159,
    0.1729722279010386,
    0.14239040168865424,
    0.1575582024891202,
    0.14016823557364505,
    0.1450157596025525,
    0.13892308737537482,
    0.13301330929304042
  ],
  "val_acc": [
    0.7562691131498471,
    0.6761467889908257,
    0.7051987767584098,
    0.7305810397553517,
    0.7574923547400612,
    0.7470948012232416,
    0.7599388379204893,
    0.7614678899082569,
    0.7617737003058104,
    0.7678899082568807
  ],
  "val_acc_true": [
    0.838662075750123,
    0.9921298573536645,
    0.985735366453517,
    0.9768814559763895,
    0.9542547958681751,
    0.9695031972454501,
    0.9567142154451549,
    0.9532710280373832,
    0.9581898671913428,
    0.9473684210526315
  ],
  "val_acc_false": [
    0.6208569118835894,
    0.15683104284559418,
    0.24413904607922393,
    0.3257881972514147,
    0.43411479385610346,
    0.38156831042845596,
    0.43654001616814875,
    0.4462409054163298,
    0.43896523848019403,
    0.47291835084882783
  ],
  "prompt_ppl_ppx": [
    9815.229067456672,
    9815.229067456672,
    9815.229067456672,
    9815.229067456672,
    9815.229067456672,
    9815.229067456672,
    9815.229067456672,
    9815.229067456672,
    9815.229067456672,
    9815.229067456672
  ]
}