{
  "lambda_ppl": 1.0,
  "train_joint": [
    23.56923534093278,
    23.5683718306295,
    23.60584460483508,
    23.553460547629367,
    23.52393592234408,
    23.571801084882757,
    23.51553962793243,
    23.570624987998706,
    23.497252436434284,
    23.546677210089864
  ],
  "train_task": [
    15.598401607556289,
    15.597538050105063,
    15.635010813595203,
    15.582626728529341,
    15.55310214610582,
    15.600967317216853,
    15.54470591812991,
    15.599791211760445,
    15.526418713773234,
    15.575843496001168
  ],
  "train_ppl_loss": [
    7.970833778381348,
    7.970833778381348,
    7.970833778381348,
    7.970833778381348,
    7.970833778381348,
    7.970833778381348,
    7.970833778381348,
    7.970833778381348,
    7.970833778381348,
    7.970833778381348
  ],
  "train_ppl_ppx": [
    2895.2703719680694,
    2895.2703719680694,
    2895.2703719680694,
    2895.2703719680694,
    2895.2703719680694,
    2895.2703719680694,
    2895.2703719680694,
    2895.2703719680694,
    2895.2703719680694,
    2895.2703719680694
  ],
  "val_loss": [
    0.14046063801137412,
    0.13269939876911116,
    0.12583122060793203,
    0.11151706874370575,
    0.10893228821819875,
    0.11214827014723928,
    0.11471822167315134,
    0.12197618126505759,
    0.1087228392500703,
    0.11044863881316126
  ],
  "val_acc": [
    0.7477064220183486,
    0.7666666666666667,
    0.7825688073394496,
    0.7978593272171254,
    0.808256880733945,
    0.7948012232415902,
    0.7993883792048929,
    0.7889908256880734,
    0.809480122324159,
    0.8070336391437309
  ],
  "val_acc_true": [
    0.7412690605017216,
    0.7525823905558289,
    0.7722577471716675,
    0.8853910477127398,
    0.8765371372356124,
    0.9040826364977865,
    0.8588293162813576,
    0.7840629611411707,
    0.8848991637973438,
    0.8657156910969012
  ],
  "val_acc_false": [
    0.7582861762328214,
    0.7898140662894099,
    0.799514955537591,
    0.6540016168148747,
    0.6960388035569928,
    0.6151980598221504,
    0.7016976556184317,
    0.7970897332255457,
    0.6855295068714632,
    0.7105901374292644
  ],
  "prompt_ppl_ppx": [
    2895.2703719680626,
    2895.2703719680626,
    2895.2703719680626,
    2895.2703719680626,
    2895.2703719680626,
    2895.2703719680626,
    2895.2703719680626,
    2895.2703719680626,
    2895.2703719680626,
    2895.2703719680626
  ]
}