{
  "lambda_ppl": 0.0,
  "train_joint": [
    16.305366083209435,
    16.36938674369555,
    16.365627773156326,
    16.372601314073197,
    16.345244555526904,
    16.333890261275045,
    16.297548525520924,
    16.331545585460876,
    16.36754132174374,
    16.311049971419774
  ],
  "train_task": [
    16.305366083209435,
    16.36938674369555,
    16.365627773156326,
    16.372601314073197,
    16.345244555526904,
    16.333890261275045,
    16.297548525520924,
    16.331545585460876,
    16.36754132174374,
    16.311049971419774
  ],
  "train_ppl_loss": [
    0.0,
    0.0,
    0.0,
    0.0,
    0.0,
    0.0,
    0.0,
    0.0,
    0.0,
    0.0
  ],
  "train_ppl_ppx": [
    0.0,
    0.0,
    0.0,
    0.0,
    0.0,
    0.0,
    0.0,
    0.0,
    0.0,
    0.0
  ],
  "val_loss": [
    0.14887982410628622,
    0.13695005879896444,
    0.12374473924680454,
    0.12108285274447464,
    0.115492723595987,
    0.11401415006144018,
    0.11245755628205654,
    0.11583588251435176,
    0.12302483745464464,
    0.11297757862272059
  ],
  "val_acc": [
    0.7333333333333333,
    0.7602446483180428,
    0.789296636085627,
    0.7987767584097859,
    0.8033639143730887,
    0.8107033639143731,
    0.8058103975535168,
    0.8067278287461773,
    0.7975535168195719,
    0.8155963302752294
  ],
  "val_acc_true": [
    0.705361534677816,
    0.749139203148057,
    0.82439744220364,
    0.822429906542056,
    0.8903098868666994,
    0.8519429414658141,
    0.8848991637973438,
    0.8986719134284309,
    0.7830791933103788,
    0.838662075750123
  ],
  "val_acc_false": [
    0.7793047696038804,
    0.778496362166532,
    0.7316087308003234,
    0.7599029911075182,
    0.6604688763136621,
    0.7429264349232013,
    0.6758286176232822,
    0.6556184316895716,
    0.8213419563459984,
    0.7776879547291835
  ],
  "prompt_ppl_ppx": [
    0.0,
    0.0,
    0.0,
    0.0,
    0.0,
    0.0,
    0.0,
    0.0,
    0.0,
    0.0
  ]
}