{
  "lambda_ppl": 1.0,
  "train_joint": [
    24.431783431835388,
    24.432759895753325,
    24.468531254971964,
    24.46699280042327,
    24.439787339628413,
    24.46367664551467,
    24.442337374740774,
    24.410170398669297,
    24.448327576712277,
    24.493868812818206
  ],
  "train_task": [
    16.014536628294525,
    16.015513105070994,
    16.051284425714044,
    16.0497459240174,
    16.02254045679328,
    16.046429790539687,
    16.02509051547961,
    15.992923515834166,
    16.031080706735676,
    16.076621921410723
  ],
  "train_ppl_loss": [
    8.41724681854248,
    8.41724681854248,
    8.41724681854248,
    8.41724681854248,
    8.41724681854248,
    8.41724681854248,
    8.41724681854248,
    8.41724681854248,
    8.41724681854248,
    8.41724681854248
  ],
  "train_ppl_ppx": [
    4524.429715837599,
    4524.429715837599,
    4524.429715837599,
    4524.429715837599,
    4524.429715837599,
    4524.429715837599,
    4524.429715837599,
    4524.429715837599,
    4524.429715837599,
    4524.429715837599
  ],
  "val_loss": [
    0.17537489388047195,
    0.16669532224172498,
    0.1562663882607367,
    0.17075883008357956,
    0.17746522088603275,
    0.12933381592355123,
    0.1240588357263222,
    0.11703191172422432,
    0.1148700039833784,
    0.1209631939668481
  ],
  "val_acc": [
    0.6220183486238532,
    0.6232415902140673,
    0.7076452599388379,
    0.6253822629969419,
    0.463914373088685,
    0.7581039755351682,
    0.7498470948012232,
    0.7844036697247706,
    0.789296636085627,
    0.781651376146789
  ],
  "val_acc_true": [
    1.0,
    1.0,
    0.9365469749139204,
    0.999508116084604,
    0.1455976389572061,
    0.911952779144122,
    0.9483521888834235,
    0.9060501721593703,
    0.9016232169208067,
    0.8568617806197737
  ],
  "val_acc_false": [
    0.0008084074373484236,
    0.004042037186742118,
    0.3314470493128537,
    0.010509296685529508,
    0.9870654810024252,
    0.5052546483427648,
    0.423605497170574,
    0.5844785772029103,
    0.6046887631366209,
    0.6580436540016168
  ],
  "prompt_ppl_ppx": [
    4524.42971583763,
    4524.42971583763,
    4524.42971583763,
    4524.42971583763,
    4524.42971583763,
    4524.42971583763,
    4524.42971583763,
    4524.42971583763,
    4524.42971583763,
    4524.42971583763
  ]
}