{
  "lambda_ppl": 0.75,
  "train_joint": [
    23.89500671129548,
    23.94576690330934,
    23.93454414110505,
    23.933859047193206,
    23.904209895616166,
    23.974316894874143,
    23.928945327073002,
    23.89161435245128,
    23.950505966015076,
    23.947722501433297
  ],
  "train_task": [
    17.160123392169396,
    17.21088366990679,
    17.199660815549702,
    17.198975815933743,
    17.169326645068907,
    17.23943362718218,
    17.194062097956625,
    17.156731101904022,
    17.21562267260605,
    17.212839167305592
  ],
  "train_ppl_loss": [
    8.979844093322754,
    8.979844093322754,
    8.979844093322754,
    8.979844093322754,
    8.979844093322754,
    8.979844093322754,
    8.979844093322754,
    8.979844093322754,
    8.979844093322754,
    8.979844093322754
  ],
  "train_ppl_ppx": [
    7941.3939026463495,
    7941.3939026463495,
    7941.3939026463495,
    7941.3939026463495,
    7941.3939026463495,
    7941.3939026463495,
    7941.3939026463495,
    7941.3939026463495,
    7941.3939026463495,
    7941.3939026463495
  ],
  "val_loss": [
    0.1691275771434714,
    0.12031575401381749,
    0.11793865862234336,
    0.11414176043032145,
    0.11357561812349935,
    0.113820552980391,
    0.11147064267680412,
    0.11103051655539652,
    0.11043142117559909,
    0.11103754860417145
  ],
  "val_acc": [
    0.6834862385321101,
    0.7740061162079511,
    0.7788990825688074,
    0.7929663608562691,
    0.7935779816513762,
    0.7883792048929663,
    0.8021406727828746,
    0.8033639143730887,
    0.8048929663608563,
    0.8033639143730887
  ],
  "val_acc_true": [
    0.9906542056074766,
    0.9212985735366453,
    0.927201180521397,
    0.8794884407279882,
    0.9011313330054107,
    0.9104771273979341,
    0.8981800295130349,
    0.8799803246433842,
    0.8691588785046729,
    0.8794884407279882
  ],
  "val_acc_false": [
    0.17865804365400162,
    0.5319320937752627,
    0.5351657235246564,
    0.650767987065481,
    0.6168148746968473,
    0.587712206952304,
    0.6443007275666937,
    0.677445432497979,
    0.6992724333063864,
    0.6782538399353274
  ],
  "prompt_ppl_ppx": [
    7941.393902646301,
    7941.393902646301,
    7941.393902646301,
    7941.393902646301,
    7941.393902646301,
    7941.393902646301,
    7941.393902646301,
    7941.393902646301,
    7941.393902646301,
    7941.393902646301
  ]
}