{
  "lambda_ppl": 1.0,
  "train_joint": [
    25.98160685421376,
    25.91618858937467,
    25.963763766342336,
    25.889542221755125,
    25.933975802646593,
    25.980612281199253,
    25.994635232646814,
    25.895019899861197,
    25.952666897720164,
    25.93697626778249
  ],
  "train_task": [
    17.012894036796656,
    16.94747578695919,
    16.995050921065083,
    16.920829492204646,
    16.96526311810097,
    17.011899474497593,
    17.02592252238413,
    16.926307181026157,
    16.983954142452625,
    16.96826352751657
  ],
  "train_ppl_loss": [
    8.96871280670166,
    8.96871280670166,
    8.96871280670166,
    8.96871280670166,
    8.96871280670166,
    8.96871280670166,
    8.96871280670166,
    8.96871280670166,
    8.96871280670166,
    8.96871280670166
  ],
  "train_ppl_ppx": [
    7853.48614187202,
    7853.48614187202,
    7853.48614187202,
    7853.48614187202,
    7853.48614187202,
    7853.48614187202,
    7853.48614187202,
    7853.48614187202,
    7853.48614187202,
    7853.48614187202
  ],
  "val_loss": [
    0.12383560555555471,
    0.11045560755925934,
    0.11299532839074368,
    0.11373306790866503,
    0.11651246582226056,
    0.11204792426035899,
    0.1186573947620828,
    0.11697829431604322,
    0.11732211955255124,
    0.11085687153404805
  ],
  "val_acc": [
    0.7651376146788991,
    0.8067278287461773,
    0.808256880733945,
    0.8107033639143731,
    0.8103975535168195,
    0.8146788990825689,
    0.8097859327217125,
    0.8119266055045872,
    0.8085626911314985,
    0.8180428134556575
  ],
  "val_acc_true": [
    0.9552385636989671,
    0.8775209050664043,
    0.8445646827348746,
    0.853418593212002,
    0.8347270044269552,
    0.8494835218888342,
    0.8175110673880964,
    0.8322675848499754,
    0.8155435317265125,
    0.8563698967043778
  ],
  "val_acc_false": [
    0.45270816491511723,
    0.6903799514955538,
    0.7485852869846402,
    0.740501212611156,
    0.7704122877930477,
    0.7574777687954729,
    0.7970897332255457,
    0.778496362166532,
    0.7970897332255457,
    0.7550525464834277
  ],
  "prompt_ppl_ppx": [
    7853.486141871991,
    7853.486141871991,
    7853.486141871991,
    7853.486141871991,
    7853.486141871991,
    7853.486141871991,
    7853.486141871991,
    7853.486141871991,
    7853.486141871991,
    7853.486141871991
  ]
}