{
  "lambda_ppl": 0.0,
  "train_joint": [
    16.298219922955116,
    16.322843470198386,
    16.27256348213453,
    16.30917378543468,
    16.325039119934768,
    16.251135063171386,
    16.18748453118828,
    16.25463245691878,
    16.235001555453525,
    16.237001335486937
  ],
  "train_task": [
    16.298219922955116,
    16.322843470198386,
    16.27256348213453,
    16.30917378543468,
    16.325039119934768,
    16.251135063171386,
    16.18748453118828,
    16.25463245691878,
    16.235001555453525,
    16.237001335486937
  ],
  "train_ppl_loss": [
    0.0,
    0.0,
    0.0,
    0.0,
    0.0,
    0.0,
    0.0,
    0.0,
    0.0,
    0.0
  ],
  "train_ppl_ppx": [
    0.0,
    0.0,
    0.0,
    0.0,
    0.0,
    0.0,
    0.0,
    0.0,
    0.0,
    0.0
  ],
  "val_loss": [
    0.21176709401898267,
    0.18623635161032037,
    0.14226970884312945,
    0.142889155810926,
    0.1488627989844578,
    0.1357718956179735,
    0.13513337799870387,
    0.13640622042301226,
    0.1433478989615673,
    0.12148754643957789
  ],
  "val_acc": [
    0.7058103975535168,
    0.6685015290519878,
    0.7296636085626911,
    0.7195718654434251,
    0.7201834862385321,
    0.7250764525993884,
    0.7388379204892966,
    0.7318042813455657,
    0.7113149847094801,
    0.7678899082568807
  ],
  "val_acc_true": [
    0.9827840629611412,
    0.9921298573536645,
    0.9744220363994097,
    0.9763895720609936,
    0.9788489916379735,
    0.9645843580914905,
    0.9621249385145105,
    0.9665518937530743,
    0.9768814559763895,
    0.9276930644367929
  ],
  "val_acc_false": [
    0.25060630557801133,
    0.13662085691188358,
    0.32740501212611156,
    0.2974939369442199,
    0.2950687146321746,
    0.3314470493128537,
    0.3718674211802749,
    0.3459983831851253,
    0.274858528698464,
    0.5052546483427648
  ],
  "prompt_ppl_ppx": [
    0.0,
    0.0,
    0.0,
    0.0,
    0.0,
    0.0,
    0.0,
    0.0,
    0.0,
    0.0
  ]
}