{
  "lambda_ppl": 0.25,
  "train_joint": [
    19.893133022008318,
    19.880175815539413,
    19.89576061120194,
    19.962007518296833,
    19.934102450595812,
    19.894897859551932,
    19.915830419304665,
    19.909616127442778,
    19.895677939425692,
    19.981150024928404
  ],
  "train_task": [
    17.172500436761407,
    17.15954324743721,
    17.175128032384293,
    17.24137494590845,
    17.21346987820743,
    17.1742652785912,
    17.19519784048702,
    17.18898355291131,
    17.17504535632187,
    17.260517448253847
  ],
  "train_ppl_loss": [
    10.882533073425293,
    10.882533073425293,
    10.882533073425293,
    10.882533073425293,
    10.882533073425293,
    10.882533073425293,
    10.882533073425293,
    10.882533073425293,
    10.882533073425293,
    10.882533073425293
  ],
  "train_ppl_ppx": [
    53238.28574837993,
    53238.28574837993,
    53238.28574837993,
    53238.28574837993,
    53238.28574837993,
    53238.28574837993,
    53238.28574837993,
    53238.28574837993,
    53238.28574837993,
    53238.28574837993
  ],
  "val_loss": [
    0.12405542820328619,
    0.1265998504874183,
    0.12794244512915612,
    0.11576842270428088,
    0.11206061007773004,
    0.11091811103610004,
    0.112332705562798,
    0.11381206684177969,
    0.11122818252571472,
    0.11096933489074794
  ],
  "val_acc": [
    0.7584097859327217,
    0.7507645259938838,
    0.755045871559633,
    0.7840978593272171,
    0.7993883792048929,
    0.7993883792048929,
    0.8018348623853211,
    0.7993883792048929,
    0.8024464831804281,
    0.8048929663608563
  ],
  "val_acc_true": [
    0.9390063944909002,
    0.9404820462370881,
    0.9468765371372356,
    0.9188391539596655,
    0.8780127889818002,
    0.8927693064436792,
    0.853418593212002,
    0.838170191834727,
    0.8770290211510083,
    0.8819478603049681
  ],
  "val_acc_false": [
    0.46160064672594986,
    0.43896523848019403,
    0.4397736459175424,
    0.5626515763945028,
    0.6701697655618432,
    0.6459175424413904,
    0.7170573969280517,
    0.7356507679870655,
    0.6798706548100243,
    0.6782538399353274
  ],
  "prompt_ppl_ppx": [
    53238.2857483797,
    53238.2857483797,
    53238.2857483797,
    53238.2857483797,
    53238.2857483797,
    53238.2857483797,
    53238.2857483797,
    53238.2857483797,
    53238.2857483797,
    53238.2857483797
  ]
}