{
  "lambda_ppl": 0.5,
  "train_joint": [
    20.522520498211463,
    20.538690245553347,
    20.50245016719518,
    20.504825776346614,
    20.574785999769574,
    20.48548268093152,
    20.500776085157074,
    20.467742529879796,
    20.53727692164732,
    20.497904531071693
  ],
  "train_task": [
    16.067207747898745,
    16.083377488811365,
    16.047137438313346,
    16.049513047464778,
    16.11947327946009,
    16.030169979909832,
    16.045463358418324,
    16.012429815999578,
    16.081964201337836,
    16.042591819334564
  ],
  "train_ppl_loss": [
    8.910625457763672,
    8.910625457763672,
    8.910625457763672,
    8.910625457763672,
    8.910625457763672,
    8.910625457763672,
    8.910625457763672,
    8.910625457763672,
    8.910625457763672,
    8.910625457763672
  ],
  "train_ppl_ppx": [
    7410.294475350061,
    7410.294475350061,
    7410.294475350061,
    7410.294475350061,
    7410.294475350061,
    7410.294475350061,
    7410.294475350061,
    7410.294475350061,
    7410.294475350061,
    7410.294475350061
  ],
  "val_loss": [
    0.1286867334530121,
    0.12637966848546411,
    0.11811627800599105,
    0.11574981192626604,
    0.11482364407672388,
    0.12536654338785788,
    0.1302427501849285,
    0.1155147817167567,
    0.11295208369904175,
    0.11757207845405834
  ],
  "val_acc": [
    0.7464831804281346,
    0.7611620795107034,
    0.7932721712538227,
    0.7944954128440367,
    0.8024464831804281,
    0.7951070336391437,
    0.7896024464831805,
    0.8070336391437309,
    0.809480122324159,
    0.807645259938838
  ],
  "val_acc_true": [
    0.9316281357599606,
    0.9326119035907526,
    0.8863748155435317,
    0.9040826364977865,
    0.8740777176586325,
    0.7899655681259223,
    0.7668470241023119,
    0.8258730939498279,
    0.8376783079193311,
    0.8130841121495327
  ],
  "val_acc_false": [
    0.4421988682295877,
    0.4793856103476152,
    0.6402586903799515,
    0.6143896523848019,
    0.6847210994341147,
    0.8035569927243331,
    0.8270008084074374,
    0.7760711398544866,
    0.7631366208569119,
    0.7987065481002426
  ],
  "prompt_ppl_ppx": [
    7410.294475350035,
    7410.294475350035,
    7410.294475350035,
    7410.294475350035,
    7410.294475350035,
    7410.294475350035,
    7410.294475350035,
    7410.294475350035,
    7410.294475350035,
    7410.294475350035
  ]
}