{
  "lambda_ppl": 0.1,
  "train_joint": [
    17.643223876095888,
    17.722837023788625,
    17.630585325433966,
    17.58410904702176,
    17.59762581385923,
    17.677031039120106,
    17.68842890450124,
    17.630489002184923,
    17.603304637951798,
    17.595730895138857
  ],
  "train_task": [
    16.60589332151949,
    16.68550648635693,
    16.59325479014536,
    16.54677852673477,
    16.56029527642754,
    16.639700497402234,
    16.6510983563541,
    16.593158456180873,
    16.565974126237162,
    16.558400357707164
  ],
  "train_ppl_loss": [
    10.37330150604248,
    10.37330150604248,
    10.37330150604248,
    10.37330150604248,
    10.37330150604248,
    10.37330150604248,
    10.37330150604248,
    10.37330150604248,
    10.37330150604248,
    10.37330150604248
  ],
  "train_ppl_ppx": [
    31993.930951933784,
    31993.930951933784,
    31993.930951933784,
    31993.930951933784,
    31993.930951933784,
    31993.930951933784,
    31993.930951933784,
    31993.930951933784,
    31993.930951933784,
    31993.930951933784
  ],
  "val_loss": [
    0.15176775058413425,
    0.14101598966957593,
    0.13776521826299226,
    0.11534747222393024,
    0.11732388466778325,
    0.11481821125418674,
    0.11506191562952064,
    0.11646757886358877,
    0.11266131732703709,
    0.11095485653637385
  ],
  "val_acc": [
    0.726605504587156,
    0.7302752293577982,
    0.7422018348623853,
    0.7837920489296636,
    0.7779816513761468,
    0.7883792048929663,
    0.7874617737003058,
    0.781651376146789,
    0.7923547400611621,
    0.7996941896024465
  ],
  "val_acc_true": [
    0.9813084112149533,
    0.9783571077225774,
    0.9719626168224299,
    0.9183472700442695,
    0.9321200196753566,
    0.9227742252828333,
    0.9208066896212493,
    0.9281849483521889,
    0.9070339399901624,
    0.9011313330054107
  ],
  "val_acc_false": [
    0.3080032336297494,
    0.322554567502021,
    0.36459175424413903,
    0.5626515763945028,
    0.5246564268391269,
    0.5675020210185934,
    0.5683104284559418,
    0.5408245755860954,
    0.6038803556992725,
    0.6329830234438156
  ],
  "prompt_ppl_ppx": [
    31993.930951933526,
    31993.930951933526,
    31993.930951933526,
    31993.930951933526,
    31993.930951933526,
    31993.930951933526,
    31993.930951933526,
    31993.930951933526,
    31993.930951933526,
    31993.930951933526
  ]
}