{
  "lambda_ppl": 0.25,
  "train_joint": [
    18.633529727378587,
    18.689919829636477,
    18.671881373544757,
    18.62731076572718,
    18.711926115228888,
    18.652408677004697,
    18.660369011525358,
    18.650299488024764,
    18.59311449715261,
    18.651294571094297
  ],
  "train_task": [
    16.367025411798714,
    16.423415533344397,
    16.405377100826648,
    16.36080647157819,
    16.445421814650633,
    16.385904395714235,
    16.393864740950338,
    16.383795232451362,
    16.326610215862146,
    16.38479027265913
  ],
  "train_ppl_loss": [
    9.066017150878906,
    9.066017150878906,
    9.066017150878906,
    9.066017150878906,
    9.066017150878906,
    9.066017150878906,
    9.066017150878906,
    9.066017150878906,
    9.066017150878906,
    9.066017150878906
  ],
  "train_ppl_ppx": [
    8656.079200967553,
    8656.079200967553,
    8656.079200967553,
    8656.079200967553,
    8656.079200967553,
    8656.079200967553,
    8656.079200967553,
    8656.079200967553,
    8656.079200967553,
    8656.079200967553
  ],
  "val_loss": [
    0.1254531422947965,
    0.13977211702887604,
    0.12247880697250366,
    0.12460097281671152,
    0.12246741023732395,
    0.11079684132937251,
    0.1264396539366827,
    0.1106407095473714,
    0.11237221579180985,
    0.1172954518166257
  ],
  "val_acc": [
    0.7605504587155963,
    0.7403669724770642,
    0.790519877675841,
    0.7853211009174312,
    0.7902140672782875,
    0.8116207951070337,
    0.7440366972477064,
    0.8036697247706422,
    0.8107033639143731,
    0.8027522935779816
  ],
  "val_acc_true": [
    0.9340875553369404,
    0.676340383669454,
    0.7978357107722578,
    0.7875061485489424,
    0.7855386128873586,
    0.8785046728971962,
    0.9458927693064437,
    0.8775209050664043,
    0.8563698967043778,
    0.8135759960649287
  ],
  "val_acc_false": [
    0.47534357316087306,
    0.8455941794664511,
    0.778496362166532,
    0.7817299919159256,
    0.7978981406628941,
    0.7016976556184317,
    0.412287793047696,
    0.6822958771220695,
    0.7356507679870655,
    0.7849636216653193
  ],
  "prompt_ppl_ppx": [
    8656.079200967457,
    8656.079200967457,
    8656.079200967457,
    8656.079200967457,
    8656.079200967457,
    8656.079200967457,
    8656.079200967457,
    8656.079200967457,
    8656.079200967457,
    8656.079200967457
  ]
}