{
  "lambda_ppl": 0.01,
  "train_joint": [
    17.22005239336678,
    17.225942609551247,
    17.210371630379324,
    17.244261130858003,
    17.237900770380257,
    17.191559463672423,
    17.239447055773788,
    17.181994543182714,
    17.206469593691022,
    17.20255166171642
  ],
  "train_task": [
    17.130563457360427,
    17.136453660686364,
    17.120882702945323,
    17.15477218413621,
    17.14841182365846,
    17.10207051266445,
    17.14995812405361,
    17.09250559860401,
    17.116980653398493,
    17.113062702136094
  ],
  "train_ppl_loss": [
    8.948813438415527,
    8.948813438415527,
    8.948813438415527,
    8.948813438415527,
    8.948813438415527,
    8.948813438415527,
    8.948813438415527,
    8.948813438415527,
    8.948813438415527,
    8.948813438415527
  ],
  "train_ppl_ppx": [
    7698.751396663347,
    7698.751396663347,
    7698.751396663347,
    7698.751396663347,
    7698.751396663347,
    7698.751396663347,
    7698.751396663347,
    7698.751396663347,
    7698.751396663347,
    7698.751396663347
  ],
  "val_loss": [
    0.1965871192696618,
    0.11902767723289932,
    0.11922613464114143,
    0.11763358190655708,
    0.1144727360457182,
    0.11410157767737784,
    0.11102181372755185,
    0.11019502147214441,
    0.1136012695548011,
    0.11314418119173951
  ],
  "val_acc": [
    0.6513761467889908,
    0.7743119266055046,
    0.790519877675841,
    0.7804281345565749,
    0.7932721712538227,
    0.7990825688073394,
    0.809480122324159,
    0.8097859327217125,
    0.8091743119266055,
    0.808868501529052
  ],
  "val_acc_true": [
    0.9980324643384161,
    0.9237579931136252,
    0.8258730939498279,
    0.926709296606001,
    0.9035907525823905,
    0.8991637973438269,
    0.8593212001967536,
    0.8883423512051156,
    0.8312838170191835,
    0.8253812100344319
  ],
  "val_acc_false": [
    0.08164915117219078,
    0.5286984640258691,
    0.7324171382376717,
    0.540016168148747,
    0.6119644300727567,
    0.6345998383185125,
    0.7275666936135813,
    0.6806790622473726,
    0.7728375101050929,
    0.7817299919159256
  ],
  "prompt_ppl_ppx": [
    7698.751396663271,
    7698.751396663271,
    7698.751396663271,
    7698.751396663271,
    7698.751396663271,
    7698.751396663271,
    7698.751396663271,
    7698.751396663271,
    7698.751396663271,
    7698.751396663271
  ]
}