{
  "lambda_ppl": 0.5,
  "train_joint": [
    21.775086366460563,
    21.751609515072253,
    21.738236485170514,
    21.743496035457998,
    21.767159219806114,
    21.77558973076638,
    21.771415950475113,
    21.71918447687385,
    21.742973331922894,
    21.780578343252117
  ],
  "train_task": [
    16.837567297260414,
    16.814090445872104,
    16.800717415970364,
    16.805976953399316,
    16.82964012917508,
    16.83807063799226,
    16.8338968748457,
    16.78166541838914,
    16.80545425415039,
    16.843059271908878
  ],
  "train_ppl_loss": [
    9.875038146972656,
    9.875038146972656,
    9.875038146972656,
    9.875038146972656,
    9.875038146972656,
    9.875038146972656,
    9.875038146972656,
    9.875038146972656,
    9.875038146972656,
    9.875038146972656
  ],
  "train_ppl_ppx": [
    19439.029364780556,
    19439.029364780556,
    19439.029364780556,
    19439.029364780556,
    19439.029364780556,
    19439.029364780556,
    19439.029364780556,
    19439.029364780556,
    19439.029364780556,
    19439.029364780556
  ],
  "val_loss": [
    0.12581729562725963,
    0.11324898786842823,
    0.12515465386393593,
    0.11867995961773686,
    0.12051166013428351,
    0.11387142235095181,
    0.11445183296937768,
    0.1116406550358345,
    0.10915350084897221,
    0.11159747824890584
  ],
  "val_acc": [
    0.7532110091743119,
    0.7926605504587156,
    0.7837920489296636,
    0.7960244648318043,
    0.7935779816513762,
    0.809480122324159,
    0.8073394495412844,
    0.8116207951070337,
    0.8097859327217125,
    0.8091743119266055
  ],
  "val_acc_true": [
    0.9576979832759469,
    0.8834235120511559,
    0.7673389080177078,
    0.8037383177570093,
    0.794392523364486,
    0.8553861288735858,
    0.8465322183964584,
    0.8558780127889818,
    0.8494835218888342,
    0.8548942449581899
  ],
  "val_acc_false": [
    0.4171382376717866,
    0.6434923201293452,
    0.8108326596604689,
    0.7833468067906225,
    0.7922392886014551,
    0.7340339531123686,
    0.7429264349232013,
    0.7388843977364592,
    0.7445432497978981,
    0.7340339531123686
  ],
  "prompt_ppl_ppx": [
    19439.029364780534,
    19439.029364780534,
    19439.029364780534,
    19439.029364780534,
    19439.029364780534,
    19439.029364780534,
    19439.029364780534,
    19439.029364780534,
    19439.029364780534,
    19439.029364780534
  ]
}