{
  "lambda_ppl": 1.0,
  "train_joint": [
    27.149103018942842,
    27.143068245019805,
    27.135682849669724,
    27.03661428301522,
    27.109597173969398,
    27.029381338398107,
    27.051144957810305,
    27.05161676299706,
    27.05950627702006,
    27.11139951127299
  ],
  "train_task": [
    17.051866394214414,
    17.045831613862113,
    17.038446218512032,
    16.939377628283555,
    17.012360532096263,
    16.932144720098947,
    16.953908322366434,
    16.954380133982454,
    16.962269648005453,
    17.01416287368603
  ],
  "train_ppl_loss": [
    10.097236633300781,
    10.097236633300781,
    10.097236633300781,
    10.097236633300781,
    10.097236633300781,
    10.097236633300781,
    10.097236633300781,
    10.097236633300781,
    10.097236633300781,
    10.097236633300781
  ],
  "train_ppl_ppx": [
    24275.833621242327,
    24275.833621242327,
    24275.833621242327,
    24275.833621242327,
    24275.833621242327,
    24275.833621242327,
    24275.833621242327,
    24275.833621242327,
    24275.833621242327,
    24275.833621242327
  ],
  "val_loss": [
    0.17875234143036167,
    0.1586641508268147,
    0.15486997976535705,
    0.13370120528994536,
    0.12548216721270142,
    0.12583706833240463,
    0.12464214089076693,
    0.11590617299079894,
    0.1151122246573611,
    0.11536929625563505
  ],
  "val_acc": [
    0.6275229357798165,
    0.6446483180428134,
    0.6935779816513762,
    0.7556574923547401,
    0.7547400611620795,
    0.7746177370030581,
    0.773394495412844,
    0.7896024464831805,
    0.7935779816513762,
    0.791131498470948
  ],
  "val_acc_true": [
    1.0,
    0.9975405804230202,
    0.6099360550909986,
    0.8706345302508608,
    0.9286768322675848,
    0.8548942449581899,
    0.7973438268568618,
    0.8504672897196262,
    0.8327594687653713,
    0.8253812100344319
  ],
  "val_acc_false": [
    0.015359741309620048,
    0.0646725949878739,
    0.8310428455941795,
    0.5666936135812449,
    0.4688763136620857,
    0.6426839126919968,
    0.7340339531123686,
    0.6895715440582053,
    0.7291835084882781,
    0.7348423605497171
  ],
  "prompt_ppl_ppx": [
    24275.833621242233,
    24275.833621242233,
    24275.833621242233,
    24275.833621242233,
    24275.833621242233,
    24275.833621242233,
    24275.833621242233,
    24275.833621242233,
    24275.833621242233,
    24275.833621242233
  ]
}