{
  "lambda_ppl": 1.0,
  "train_joint": [
    25.849669977252404,
    25.971060960748222,
    26.14373424401444,
    26.320328676030876,
    26.197235364592476,
    25.975133505831945,
    26.073169498229294,
    26.553473367583887,
    26.42504525345363,
    26.482004032777937
  ],
  "train_task": [
    17.303580813461476,
    17.318541162469415,
    17.252570109420947,
    17.30849066102103,
    17.33662174524886,
    17.388911810885656,
    17.34415612167187,
    17.493055234330424,
    17.364627139487965,
    17.421585978818744
  ],
  "train_ppl_loss": [
    8.546089172363281,
    8.652519804708074,
    8.891164153881288,
    9.011837957146463,
    8.860613623629796,
    8.586221694946289,
    8.729013430134634,
    9.060418128967285,
    9.060418128967285,
    9.060418128967285
  ],
  "train_ppl_ppx": [
    5146.587601363486,
    5827.033479684215,
    7329.888085245308,
    8224.105976676472,
    7169.357532802302,
    5357.333746488934,
    6336.110489838362,
    8607.749050895707,
    8607.749050895707,
    8607.749050895707
  ],
  "val_loss": [
    0.26110503390067963,
    20.23564452194586,
    0.44743091711183874,
    0.18453493925129494,
    0.18137209451780087,
    0.1715500205391791,
    0.17150291822305538,
    0.17044364726398048,
    0.1692135930788226,
    0.16786613177235535
  ],
  "val_acc": [
    0.6217125382262997,
    0.3782874617737003,
    0.3801223241590214,
    0.5425076452599389,
    0.6174311926605505,
    0.6223241590214067,
    0.5718654434250765,
    0.6217125382262997,
    0.6217125382262997,
    0.6217125382262997
  ],
  "val_acc_true": [
    1.0,
    0.0,
    0.005902606984751598,
    0.7107722577471717,
    0.9862272503689129,
    0.999508116084604,
    0.8268568617806198,
    1.0,
    1.0,
    1.0
  ],
  "val_acc_false": [
    0.0,
    1.0,
    0.9951495553759094,
    0.26596604688763137,
    0.01131770412287793,
    0.002425222312045271,
    0.15278900565885206,
    0.0,
    0.0,
    0.0
  ],
  "prompt_ppl_ppx": [
    5146.587601363494,
    7373.587781355377,
    8339.54361186204,
    7778.337164380039,
    5357.3337464889055,
    5357.3337464889055,
    8607.749050895745,
    8607.749050895745,
    8607.749050895745,
    8607.749050895745
  ]
}