{
  "lambda_ppl": 1.0,
  "train_joint": [
    24.116906215367692,
    24.106141323989696,
    24.053310047106798,
    24.116908919945192,
    24.095763581522395,
    24.112065411685556,
    24.111226962657458,
    24.100526115331757,
    24.082505626892775,
    24.120638352297664
  ],
  "train_task": [
    16.24510675065973,
    16.234341844280113,
    16.181510588828097,
    16.24510946809576,
    16.223964123243697,
    16.240265961979212,
    16.239427493663317,
    16.228726639908352,
    16.210706183615695,
    16.24883892830838
  ],
  "train_ppl_loss": [
    7.871799468994141,
    7.871799468994141,
    7.871799468994141,
    7.871799468994141,
    7.871799468994141,
    7.871799468994141,
    7.871799468994141,
    7.871799468994141,
    7.871799468994141,
    7.871799468994141
  ],
  "train_ppl_ppx": [
    2622.2800568014713,
    2622.2800568014713,
    2622.2800568014713,
    2622.2800568014713,
    2622.2800568014713,
    2622.2800568014713,
    2622.2800568014713,
    2622.2800568014713,
    2622.2800568014713,
    2622.2800568014713
  ],
  "val_loss": [
    13.841795279340046,
    13.19390190868843,
    13.067204721962533,
    12.983186014687142,
    12.950759222449326,
    12.879773474902642,
    12.810586571111912,
    12.716676149135683,
    12.63802039914015,
    12.596891356677544
  ],
  "val_acc": [
    0.6565749235474007,
    0.5862385321100917,
    0.5675840978593272,
    0.5602446483180428,
    0.5452599388379205,
    0.5587155963302752,
    0.5431192660550459,
    0.5339449541284403,
    0.5275229357798165,
    0.5278287461773701
  ],
  "val_acc_true": [
    0.4938514510575504,
    0.367929168716183,
    0.3325135268076734,
    0.3192326610919823,
    0.29070339399901624,
    0.3157894736842105,
    0.28726020659124446,
    0.2695523856369897,
    0.25774717166748645,
    0.2602065912444663
  ],
  "val_acc_false": [
    0.9240097008892482,
    0.9450282942603072,
    0.9539207760711399,
    0.9563459983831851,
    0.9636216653193209,
    0.957962813257882,
    0.9636216653193209,
    0.9684721099434115,
    0.9708973322554567,
    0.967663702506063
  ],
  "prompt_ppl_ppx": [
    2622.28005680146,
    2622.28005680146,
    2622.28005680146,
    2622.28005680146,
    2622.28005680146,
    2622.28005680146,
    2622.28005680146,
    2622.28005680146,
    2622.28005680146,
    2622.28005680146
  ]
}