{
  "lambda_ppl": 0.75,
  "train_joint": [
    25.382546054111437,
    25.407639694213866,
    25.416302580244086,
    25.420196430334883,
    25.382847385192186,
    25.37690919597497,
    25.382285771744975,
    25.36388894841912,
    25.399114960231138,
    25.377091662803394
  ],
  "train_task": [
    16.62821730924456,
    16.65331090219905,
    16.661973822518682,
    16.665867676895655,
    16.62851857603266,
    16.62258040824633,
    16.627957031164275,
    16.609560192836803,
    16.644786151071614,
    16.622762920079605
  ],
  "train_ppl_loss": [
    11.672438621520996,
    11.672438621520996,
    11.672438621520996,
    11.672438621520996,
    11.672438621520996,
    11.672438621520996,
    11.672438621520996,
    11.672438621520996,
    11.672438621520996,
    11.672438621520996
  ],
  "train_ppl_ppx": [
    117293.96939598542,
    117293.96939598542,
    117293.96939598542,
    117293.96939598542,
    117293.96939598542,
    117293.96939598542,
    117293.96939598542,
    117293.96939598542,
    117293.96939598542,
    117293.96939598542
  ],
  "val_loss": [
    0.16761246770620347,
    0.16108713789684018,
    0.16342691786405517,
    0.16130675484494464,
    0.16301875074462194,
    0.16461994240923625,
    0.16298838112412428,
    0.16404754126944193,
    0.17147023467029013,
    0.16525542914140515
  ],
  "val_acc": [
    0.652599388379205,
    0.6434250764525994,
    0.6370030581039755,
    0.6446483180428134,
    0.6321100917431193,
    0.6259938837920489,
    0.6321100917431193,
    0.6278287461773701,
    0.5749235474006116,
    0.6241590214067279
  ],
  "val_acc_true": [
    0.9985243482538121,
    0.985735366453517,
    0.9990162321692081,
    0.9945892769306444,
    0.9985243482538121,
    0.999508116084604,
    0.9990162321692081,
    0.999508116084604,
    0.6507624200688638,
    1.0
  ],
  "val_acc_false": [
    0.08407437348423606,
    0.08084074373484236,
    0.04203718674211803,
    0.06952303961196443,
    0.029911075181891674,
    0.012126111560226353,
    0.02910266774454325,
    0.016976556184316895,
    0.45028294260307195,
    0.0064672594987873885
  ],
  "prompt_ppl_ppx": [
    117293.96939598447,
    117293.96939598447,
    117293.96939598447,
    117293.96939598447,
    117293.96939598447,
    117293.96939598447,
    117293.96939598447,
    117293.96939598447,
    117293.96939598447,
    117293.96939598447
  ]
}