{
  "lambda_ppl": 1.0,
  "train_joint": [
    24.905028816823208,
    24.94612254453509,
    24.895895947231335,
    24.895711980241067,
    24.903999028580913,
    24.924659729003906,
    24.910531466194755,
    24.90059116663558,
    24.885272692562488,
    24.928701593634788
  ],
  "train_task": [
    16.35936593687936,
    16.40045965601889,
    16.350233118721608,
    16.350049121728105,
    16.358336193641918,
    16.378996889778737,
    16.364868676260617,
    16.35492834884129,
    16.339609943347032,
    16.383038818702268
  ],
  "train_ppl_loss": [
    8.545662879943848,
    8.545662879943848,
    8.545662879943848,
    8.545662879943848,
    8.545662879943848,
    8.545662879943848,
    8.545662879943848,
    8.545662879943848,
    8.545662879943848,
    8.545662879943848
  ],
  "train_ppl_ppx": [
    5144.394117649016,
    5144.394117649016,
    5144.394117649016,
    5144.394117649016,
    5144.394117649016,
    5144.394117649016,
    5144.394117649016,
    5144.394117649016,
    5144.394117649016,
    5144.394117649016
  ],
  "val_loss": [
    0.18851107693300015,
    0.18341887535118476,
    0.17039075631920883,
    0.17220676832082796,
    0.1631833982176897,
    0.1705001506136685,
    0.16800782048120733,
    0.18696448890174308,
    0.17099522337680909,
    0.18345648428288902
  ],
  "val_acc": [
    0.3819571865443425,
    0.38623853211009174,
    0.6015290519877676,
    0.5608562691131499,
    0.6299694189602446,
    0.591743119266055,
    0.6241590214067279,
    0.3798165137614679,
    0.6042813455657492,
    0.382262996941896
  ],
  "val_acc_true": [
    0.014756517461878997,
    0.02016724053123463,
    0.6979832759468766,
    0.6296114117068372,
    1.0,
    0.8327594687653713,
    0.9872110181997049,
    0.003443187407771766,
    0.88293162813576,
    0.008853910477127398
  ],
  "val_acc_false": [
    0.9854486661277284,
    0.9878738884397736,
    0.44300727566693615,
    0.44785772029102666,
    0.021827000808407437,
    0.19563459983831852,
    0.0274858528698464,
    0.9983831851253031,
    0.1463217461600647,
    0.9959579628132579
  ],
  "prompt_ppl_ppx": [
    5144.39411764904,
    5144.39411764904,
    5144.39411764904,
    5144.39411764904,
    5144.39411764904,
    5144.39411764904,
    5144.39411764904,
    5144.39411764904,
    5144.39411764904,
    5144.39411764904
  ]
}