{
  "lambda_ppl": 0.75,
  "train_joint": [
    25.319741636983466,
    25.29838529008158,
    25.296640846166717,
    25.338161005598774,
    25.305450542321367,
    25.332985785837923,
    25.32056932770804,
    25.35202970611915,
    25.346342343962593,
    25.305439634001658
  ],
  "train_task": [
    17.467969317918413,
    17.446612968873442,
    17.444868531387844,
    17.4863886908199,
    17.45367822968558,
    17.48121346677287,
    17.468797012929166,
    17.500257393483366,
    17.49457003132681,
    17.45366731922278
  ],
  "train_ppl_loss": [
    10.469030380249023,
    10.469030380249023,
    10.469030380249023,
    10.469030380249023,
    10.469030380249023,
    10.469030380249023,
    10.469030380249023,
    10.469030380249023,
    10.469030380249023,
    10.469030380249023
  ],
  "train_ppl_ppx": [
    35208.062380114476,
    35208.062380114476,
    35208.062380114476,
    35208.062380114476,
    35208.062380114476,
    35208.062380114476,
    35208.062380114476,
    35208.062380114476,
    35208.062380114476,
    35208.062380114476
  ],
  "val_loss": [
    16.275740865381753,
    12.452407809001643,
    12.002039653498953,
    11.80391930836003,
    11.386849668549328,
    10.905027640738139,
    10.362783990255217,
    9.845238648391351,
    9.326401943113746,
    8.812783134274367
  ],
  "val_acc": [
    0.7470948012232416,
    0.5868501529051988,
    0.5281345565749236,
    0.5009174311926605,
    0.47706422018348627,
    0.47889908256880737,
    0.48990825688073397,
    0.5067278287461774,
    0.5269113149847094,
    0.5535168195718655
  ],
  "val_acc_true": [
    0.6807673389080177,
    0.3635022134776193,
    0.2538121003443187,
    0.20609936055091,
    0.16576487948844074,
    0.16871618298081653,
    0.18789965568125921,
    0.2159370388588293,
    0.25184456468273486,
    0.30201672405312346
  ],
  "val_acc_false": [
    0.8561034761519806,
    0.9539207760711399,
    0.978981406628941,
    0.9854486661277284,
    0.9886822958771221,
    0.9886822958771221,
    0.9862570735650767,
    0.98464025869038,
    0.978981406628941,
    0.9668552950687146
  ],
  "prompt_ppl_ppx": [
    35208.06238011431,
    35208.06238011431,
    35208.06238011431,
    35208.06238011431,
    35208.06238011431,
    35208.06238011431,
    35208.06238011431,
    35208.06238011431,
    35208.06238011431,
    35208.06238011431
  ]
}