{
  "lambda_ppl": 1.0,
  "train_joint": [
    24.944910323753785,
    24.903863551107687,
    24.92044955907243,
    24.877661930041366,
    24.961691091301734,
    24.87916293626421,
    24.937183075808406,
    24.878997879885556,
    24.930414769890604,
    24.858844397041235
  ],
  "train_task": [
    16.56085425816225,
    16.51980747265762,
    16.536393465620748,
    16.493605866592922,
    16.57763502785329,
    16.495106872815764,
    16.55312697592746,
    16.49494178000461,
    16.546358672152746,
    16.474788312161905
  ],
  "train_ppl_loss": [
    8.384056091308594,
    8.384056091308594,
    8.384056091308594,
    8.384056091308594,
    8.384056091308594,
    8.384056091308594,
    8.384056091308594,
    8.384056091308594,
    8.384056091308594,
    8.384056091308594
  ],
  "train_ppl_ppx": [
    4376.725369889239,
    4376.725369889239,
    4376.725369889239,
    4376.725369889239,
    4376.725369889239,
    4376.725369889239,
    4376.725369889239,
    4376.725369889239,
    4376.725369889239,
    4376.725369889239
  ],
  "val_loss": [
    12.251464960051745,
    11.484952279998035,
    10.909190624516185,
    10.390509289066966,
    9.933050513849025,
    9.532319110777319,
    9.144027714613006,
    8.672551271392077,
    8.241826229560665,
    7.782906848628347
  ],
  "val_acc": [
    0.46422018348623856,
    0.41773700305810396,
    0.40611620795107034,
    0.41131498470948014,
    0.43180428134556575,
    0.4669724770642202,
    0.5140672782874618,
    0.5740061162079511,
    0.6743119266055045,
    0.728440366972477
  ],
  "val_acc_true": [
    0.14756517461878996,
    0.06640432857845549,
    0.04574520413182489,
    0.05558288243974422,
    0.09050664043285785,
    0.15248401377274964,
    0.23905558288243975,
    0.35956714215445157,
    0.5986227250368913,
    0.7584849975405804
  ],
  "val_acc_false": [
    0.98464025869038,
    0.9951495553759094,
    0.9983831851253031,
    0.9959579628132579,
    0.9927243330638642,
    0.9838318512530315,
    0.9660468876313663,
    0.9264349232012935,
    0.7987065481002426,
    0.6790622473726758
  ],
  "prompt_ppl_ppx": [
    4376.72536988921,
    4376.72536988921,
    4376.72536988921,
    4376.72536988921,
    4376.72536988921,
    4376.72536988921,
    4376.72536988921,
    4376.72536988921,
    4376.72536988921,
    4376.72536988921
  ]
}