{
  "lambda_ppl": 1.0,
  "train_joint": [
    26.23928931161259,
    26.26890291792623,
    26.239862544884843,
    26.260459235544953,
    26.276206640179236,
    26.216583359107542,
    26.23087733836656,
    26.22720135892375,
    26.247504095013223,
    26.225649681519926
  ],
  "train_task": [
    17.302815465177044,
    17.332429069347597,
    17.30338870487856,
    17.323985382680142,
    17.339732804459132,
    17.280109516958174,
    17.294403504789546,
    17.290727512488203,
    17.311030244291498,
    17.28917583294129
  ],
  "train_ppl_loss": [
    8.936473846435547,
    8.936473846435547,
    8.936473846435547,
    8.936473846435547,
    8.936473846435547,
    8.936473846435547,
    8.936473846435547,
    8.936473846435547,
    8.936473846435547,
    8.936473846435547
  ],
  "train_ppl_ppx": [
    7604.335669466869,
    7604.335669466869,
    7604.335669466869,
    7604.335669466869,
    7604.335669466869,
    7604.335669466869,
    7604.335669466869,
    7604.335669466869,
    7604.335669466869,
    7604.335669466869
  ],
  "val_loss": [
    0.17000861316919327,
    0.13945372835165118,
    0.12690883900334196,
    0.13330109087614025,
    0.1258609949815564,
    0.1350466175868017,
    0.12833216140364728,
    0.11881048968288957,
    0.11760033833362707,
    0.11620635373018137
  ],
  "val_acc": [
    0.5963302752293578,
    0.7125382262996942,
    0.753822629969419,
    0.7345565749235474,
    0.7522935779816514,
    0.7345565749235474,
    0.7495412844036697,
    0.7776758409785933,
    0.7770642201834862,
    0.7886850152905199
  ],
  "val_acc_true": [
    0.41859321200196753,
    0.9739301524840138,
    0.9301524840137727,
    0.9675356615838662,
    0.9444171175602558,
    0.9636005902606984,
    0.9537629119527792,
    0.9065420560747663,
    0.9208066896212493,
    0.9001475651746188
  ],
  "val_acc_false": [
    0.8884397736459175,
    0.28294260307194824,
    0.46402586903799514,
    0.3516572352465643,
    0.43654001616814875,
    0.3581244947453517,
    0.41390460792239286,
    0.5658852061438965,
    0.5408245755860954,
    0.6054971705739692
  ],
  "prompt_ppl_ppx": [
    7604.33566946688,
    7604.33566946688,
    7604.33566946688,
    7604.33566946688,
    7604.33566946688,
    7604.33566946688,
    7604.33566946688,
    7604.33566946688,
    7604.33566946688,
    7604.33566946688
  ]
}