{
  "lambda_ppl": 1.0,
  "train_joint": [
    29.020624430795735,
    28.95172110139654,
    29.07303390074312,
    29.033327484130858,
    28.99343985653995,
    28.95685564534048,
    29.015674848235054,
    29.03763501885232,
    29.00202961610944,
    28.997400425257307
  ],
  "train_task": [
    16.960426609167893,
    16.891523254051638,
    17.01283605982748,
    16.973129651787577,
    16.933242030625934,
    16.896657830141905,
    16.955477011605595,
    16.97743719722448,
    16.94183179233851,
    16.93720259934329
  ],
  "train_ppl_loss": [
    12.060197830200195,
    12.060197830200195,
    12.060197830200195,
    12.060197830200195,
    12.060197830200195,
    12.060197830200195,
    12.060197830200195,
    12.060197830200195,
    12.060197830200195,
    12.060197830200195
  ],
  "train_ppl_ppx": [
    172853.17785060895,
    172853.17785060895,
    172853.17785060895,
    172853.17785060895,
    172853.17785060895,
    172853.17785060895,
    172853.17785060895,
    172853.17785060895,
    172853.17785060895,
    172853.17785060895
  ],
  "val_loss": [
    7.53531777916885,
    2.711302893336226,
    0.41897955217012545,
    0.19134375474801876,
    0.17503707590626508,
    0.15717790257640002,
    0.14930029202525208,
    0.1476404145359993,
    0.15701730552969909,
    0.16251580933245216
  ],
  "val_acc": [
    0.7480122324159021,
    0.6333333333333333,
    0.6394495412844037,
    0.6737003058103975,
    0.6648318042813456,
    0.6752293577981652,
    0.6920489296636085,
    0.7006116207951071,
    0.6730886850152905,
    0.6669724770642201
  ],
  "val_acc_true": [
    0.9542547958681751,
    1.0,
    0.999508116084604,
    0.9886866699458927,
    0.9827840629611412,
    0.9822921790457452,
    0.9237579931136252,
    0.9385145105755042,
    0.9911460895228726,
    0.9926217412690606
  ],
  "val_acc_false": [
    0.40905416329830235,
    0.030719482619240096,
    0.047696038803556995,
    0.15602263540824576,
    0.14227970897332257,
    0.17057396928051738,
    0.3112368633791431,
    0.30962004850444624,
    0.15036378334680678,
    0.13177041228779304
  ],
  "prompt_ppl_ppx": [
    172853.177850608,
    172853.177850608,
    172853.177850608,
    172853.177850608,
    172853.177850608,
    172853.177850608,
    172853.177850608,
    172853.177850608,
    172853.177850608,
    172853.177850608
  ]
}