{
  "lambda_ppl": 0.5,
  "train_joint": [
    23.140384506911374,
    23.157884327749187,
    23.111077280794635,
    23.119041052829015,
    23.086202758617617,
    23.08159503293841,
    23.14697425499391,
    23.149412643775513,
    23.18387973656815,
    23.10153232531601
  ],
  "train_task": [
    17.543432072843057,
    17.56093188725161,
    17.514124844583232,
    17.522088610188344,
    17.4892503245493,
    17.484642590297742,
    17.55002181663942,
    17.55246020542102,
    17.58692729821366,
    17.50457988910461
  ],
  "train_ppl_loss": [
    11.193904876708984,
    11.193904876708984,
    11.193904876708984,
    11.193904876708984,
    11.193904876708984,
    11.193904876708984,
    11.193904876708984,
    11.193904876708984,
    11.193904876708984,
    11.193904876708984
  ],
  "train_ppl_ppx": [
    72686.05843566822,
    72686.05843566822,
    72686.05843566822,
    72686.05843566822,
    72686.05843566822,
    72686.05843566822,
    72686.05843566822,
    72686.05843566822,
    72686.05843566822,
    72686.05843566822
  ],
  "val_loss": [
    0.14397203566097633,
    0.12513770224844536,
    0.12522925211162103,
    0.11766936699064766,
    0.11290337610535506,
    0.11165754098172595,
    0.11121136567032919,
    0.1127463046733926,
    0.11082229219013598,
    0.11339198498100769
  ],
  "val_acc": [
    0.7146788990825688,
    0.7743119266055046,
    0.7779816513761468,
    0.7951070336391437,
    0.7935779816513762,
    0.8045871559633028,
    0.8055045871559633,
    0.7993883792048929,
    0.7972477064220184,
    0.808256880733945
  ],
  "val_acc_true": [
    0.661583866207575,
    0.8253812100344319,
    0.793408755533694,
    0.8396458435809149,
    0.8770290211510083,
    0.8548942449581899,
    0.853910477127398,
    0.8445646827348746,
    0.8745696015740285,
    0.8283325135268077
  ],
  "val_acc_false": [
    0.8019401778496362,
    0.6903799514955538,
    0.7526273241713823,
    0.7219078415521423,
    0.65642683912692,
    0.7219078415521423,
    0.7259498787388844,
    0.725141471301536,
    0.6701697655618432,
    0.7752627324171383
  ],
  "prompt_ppl_ppx": [
    72686.05843566889,
    72686.05843566889,
    72686.05843566889,
    72686.05843566889,
    72686.05843566889,
    72686.05843566889,
    72686.05843566889,
    72686.05843566889,
    72686.05843566889,
    72686.05843566889
  ]
}