{
  "lambda_ppl": 0.5,
  "train_joint": [
    20.775269613373144,
    20.732604144664293,
    20.77060248128484,
    20.702487654096625,
    20.807074758979713,
    20.795395664686566,
    20.737067927671283,
    20.79702997529105,
    20.75854425751761,
    20.746955554404956
  ],
  "train_task": [
    16.184193711870172,
    16.141528238875143,
    16.179526577638775,
    16.11141175687983,
    16.21599884247512,
    16.204319776042123,
    16.1459920090236,
    16.205954101648224,
    16.167468334583752,
    16.1558797043361
  ],
  "train_ppl_loss": [
    9.182151794433594,
    9.182151794433594,
    9.182151794433594,
    9.182151794433594,
    9.182151794433594,
    9.182151794433594,
    9.182151794433594,
    9.182151794433594,
    9.182151794433594,
    9.182151794433594
  ],
  "train_ppl_ppx": [
    9722.050134812964,
    9722.050134812964,
    9722.050134812964,
    9722.050134812964,
    9722.050134812964,
    9722.050134812964,
    9722.050134812964,
    9722.050134812964,
    9722.050134812964,
    9722.050134812964
  ],
  "val_loss": [
    14.876282152315465,
    12.486382233224264,
    11.630181661466272,
    11.022563189994997,
    10.543243245380681,
    10.113546338895473,
    9.718682489162537,
    9.36785544883914,
    8.95507981835342,
    8.635105370312202
  ],
  "val_acc": [
    0.736697247706422,
    0.6140672782874618,
    0.5318042813455658,
    0.4758409785932722,
    0.44587155963302755,
    0.42568807339449544,
    0.41926605504587156,
    0.42232415902140674,
    0.4327217125382263,
    0.43944954128440367
  ],
  "val_acc_true": [
    0.6576487948844073,
    0.42006886374815544,
    0.2705361534677816,
    0.1677324151500246,
    0.11559272011805213,
    0.08116084604033448,
    0.07033939990162322,
    0.07624200688637482,
    0.09444171175602557,
    0.10723069355632071
  ],
  "val_acc_false": [
    0.8666127728375101,
    0.9329021827000809,
    0.9611964430072757,
    0.9822150363783346,
    0.9886822958771221,
    0.9919159256265158,
    0.9927243330638642,
    0.9911075181891673,
    0.9886822958771221,
    0.9854486661277284
  ],
  "prompt_ppl_ppx": [
    9722.05013481296,
    9722.05013481296,
    9722.05013481296,
    9722.05013481296,
    9722.05013481296,
    9722.05013481296,
    9722.05013481296,
    9722.05013481296,
    9722.05013481296,
    9722.05013481296
  ]
}