{
  "lambda_ppl": 0.0,
  "train_joint": [
    16.412160509088068,
    16.41992996087235,
    16.464126764790397,
    16.399689211470356,
    16.364830953619453,
    16.43862395554446,
    16.438818830854437,
    16.468019819795416,
    16.423960055662004,
    16.441599410839295
  ],
  "train_task": [
    16.412160509088068,
    16.41992996087235,
    16.464126764790397,
    16.399689211470356,
    16.364830953619453,
    16.43862395554446,
    16.438818830854437,
    16.468019819795416,
    16.423960055662004,
    16.441599410839295
  ],
  "train_ppl_loss": [
    0.0,
    0.0,
    0.0,
    0.0,
    0.0,
    0.0,
    0.0,
    0.0,
    0.0,
    0.0
  ],
  "train_ppl_ppx": [
    0.0,
    0.0,
    0.0,
    0.0,
    0.0,
    0.0,
    0.0,
    0.0,
    0.0,
    0.0
  ],
  "val_loss": [
    15.945433919022722,
    12.02194653487787,
    10.779488442583782,
    10.1429153721507,
    9.786113748317812,
    9.482545308368962,
    9.244278489089593,
    9.029243152897532,
    8.78200600786907,
    8.51467909929229
  ],
  "val_acc": [
    0.7755351681957187,
    0.6577981651376147,
    0.5474006116207951,
    0.5091743119266054,
    0.4840978593272171,
    0.4654434250764526,
    0.46055045871559636,
    0.4577981651376147,
    0.45902140672782876,
    0.4929663608562691
  ],
  "val_acc_true": [
    0.750122970978849,
    0.49827840629611414,
    0.29217904574520415,
    0.2218396458435809,
    0.1780619773733399,
    0.14658140678799803,
    0.1382193802262666,
    0.13330054107230693,
    0.13625184456468273,
    0.19724545007378258
  ],
  "val_acc_false": [
    0.8172999191592563,
    0.919967663702506,
    0.9668552950687146,
    0.9814066289409863,
    0.9870654810024252,
    0.9894907033144705,
    0.9902991107518189,
    0.9911075181891673,
    0.9894907033144705,
    0.978981406628941
  ],
  "prompt_ppl_ppx": [
    0.0,
    0.0,
    0.0,
    0.0,
    0.0,
    0.0,
    0.0,
    0.0,
    0.0,
    0.0
  ]
}