{
  "lambda_ppl": 0.0,
  "train_joint": [
    16.64386239855477,
    16.618686150968745,
    16.58946958606163,
    16.5931338535266,
    16.641907953412346,
    16.635876496990075,
    16.614228072862947,
    16.58532010410609,
    16.635689439666404,
    16.63152318161525
  ],
  "train_task": [
    16.64386239855477,
    16.618686150968745,
    16.58946958606163,
    16.5931338535266,
    16.641907953412346,
    16.635876496990075,
    16.614228072862947,
    16.58532010410609,
    16.635689439666404,
    16.63152318161525
  ],
  "train_ppl_loss": [
    0.0,
    0.0,
    0.0,
    0.0,
    0.0,
    0.0,
    0.0,
    0.0,
    0.0,
    0.0
  ],
  "train_ppl_ppx": [
    0.0,
    0.0,
    0.0,
    0.0,
    0.0,
    0.0,
    0.0,
    0.0,
    0.0,
    0.0
  ],
  "val_loss": [
    0.15633016175976613,
    0.1494935917963342,
    0.13728413756300764,
    0.12879649333474114,
    0.12858838793344615,
    0.1270976519257557,
    0.12412904800801743,
    0.12934712812122776,
    0.12352810711032007,
    0.12426098281653916
  ],
  "val_acc": [
    0.6844036697247706,
    0.6932721712538227,
    0.7259938837920489,
    0.7510703363914373,
    0.7501529051987768,
    0.7516819571865443,
    0.7568807339449541,
    0.7513761467889908,
    0.772782874617737,
    0.7730886850152905
  ],
  "val_acc_true": [
    0.9867191342843089,
    0.9827840629611412,
    0.9567142154451549,
    0.9217904574520414,
    0.9350713231677324,
    0.9340875553369404,
    0.9217904574520414,
    0.9532710280373832,
    0.8947368421052632,
    0.8593212001967536
  ],
  "val_acc_false": [
    0.18755052546483428,
    0.21746160064672596,
    0.3468067906224737,
    0.47049312853678255,
    0.4462409054163298,
    0.4518997574777688,
    0.4858528698464026,
    0.4195634599838319,
    0.5723524656426839,
    0.6313662085691188
  ],
  "prompt_ppl_ppx": [
    0.0,
    0.0,
    0.0,
    0.0,
    0.0,
    0.0,
    0.0,
    0.0,
    0.0,
    0.0
  ]
}