{
  "lambda_ppl": 0.0,
  "train_joint": [
    17.235176862223764,
    17.21014716330539,
    17.16765795932727,
    17.256836348972964,
    17.199659861875386,
    17.23657193773248,
    17.251575504260117,
    17.247070282496765,
    17.18057331985302,
    17.233424799629812
  ],
  "train_task": [
    17.235176862223764,
    17.21014716330539,
    17.16765795932727,
    17.256836348972964,
    17.199659861875386,
    17.23657193773248,
    17.251575504260117,
    17.247070282496765,
    17.18057331985302,
    17.233424799629812
  ],
  "train_ppl_loss": [
    0.0,
    0.0,
    0.0,
    0.0,
    0.0,
    0.0,
    0.0,
    0.0,
    0.0,
    0.0
  ],
  "train_ppl_ppx": [
    0.0,
    0.0,
    0.0,
    0.0,
    0.0,
    0.0,
    0.0,
    0.0,
    0.0,
    0.0
  ],
  "val_loss": [
    9.332445507514768,
    6.004708031910222,
    0.6984756024872384,
    0.16420477617804596,
    0.17233972409512938,
    0.17199835303898264,
    0.15678162261298517,
    0.15786418457765405,
    0.17593035927814682,
    0.15878070889994866
  ],
  "val_acc": [
    0.5461773700305811,
    0.7006116207951071,
    0.7275229357798165,
    0.7201834862385321,
    0.7030581039755351,
    0.7015290519877676,
    0.7143730886850153,
    0.7116207951070337,
    0.6993883792048929,
    0.7134556574923547
  ],
  "val_acc_true": [
    0.30398425971470733,
    0.6276438760452533,
    0.9611411706837186,
    0.9837678307919331,
    0.9881947860304968,
    0.9877029021151008,
    0.9822921790457452,
    0.9832759468765372,
    0.9877029021151008,
    0.9818002951303493
  ],
  "val_acc_false": [
    0.9442198868229588,
    0.8205335489086499,
    0.34357316087308004,
    0.28698464025869036,
    0.23443815683104285,
    0.23120452708164915,
    0.2740501212611156,
    0.2651576394502829,
    0.2255456750202102,
    0.27243330638641877
  ],
  "prompt_ppl_ppx": [
    0.0,
    0.0,
    0.0,
    0.0,
    0.0,
    0.0,
    0.0,
    0.0,
    0.0,
    0.0
  ]
}