{
  "lambda_ppl": 0.5,
  "train_joint": [
    21.173012174113413,
    21.158559940638167,
    21.18269765618142,
    21.173392490858443,
    21.12364354937264,
    21.16743639828114,
    21.1561777693502,
    21.156183019916664,
    21.158091885856027,
    21.135427753577073
  ],
  "train_task": [
    16.58722914149252,
    16.57277693159125,
    16.596914634275972,
    16.58760950324241,
    16.5378605446119,
    16.58165340209275,
    16.570394756017105,
    16.570399985152683,
    16.57230888752455,
    16.54964474667324
  ],
  "train_ppl_loss": [
    9.171566009521484,
    9.171566009521484,
    9.171566009521484,
    9.171566009521484,
    9.171566009521484,
    9.171566009521484,
    9.171566009521484,
    9.171566009521484,
    9.171566009521484,
    9.171566009521484
  ],
  "train_ppl_ppx": [
    9619.677406998828,
    9619.677406998828,
    9619.677406998828,
    9619.677406998828,
    9619.677406998828,
    9619.677406998828,
    9619.677406998828,
    9619.677406998828,
    9619.677406998828,
    9619.677406998828
  ],
  "val_loss": [
    0.16314354720639018,
    0.15452230480022547,
    0.1453775318839201,
    0.13101228477387894,
    0.13989904928134708,
    0.13403813172040915,
    0.1304649242177242,
    0.127403883172608,
    0.13178830221295357,
    0.12618778110822526
  ],
  "val_acc": [
    0.674006116207951,
    0.6862385321100918,
    0.7030581039755351,
    0.7351681957186544,
    0.7189602446483181,
    0.7314984709480122,
    0.7394495412844037,
    0.7470948012232416,
    0.7388379204892966,
    0.7495412844036697
  ],
  "val_acc_true": [
    0.9872110181997049,
    0.984751598622725,
    0.9739301524840138,
    0.9444171175602558,
    0.9729463846532218,
    0.9645843580914905,
    0.9532710280373832,
    0.9468765371372356,
    0.9601574028529267,
    0.9508116084604034
  ],
  "val_acc_false": [
    0.15925626515763944,
    0.19563459983831852,
    0.25788197251414713,
    0.39126919967663704,
    0.301535974130962,
    0.34842360549717055,
    0.3880355699272433,
    0.41875505254648343,
    0.37510105092966856,
    0.41875505254648343
  ],
  "prompt_ppl_ppx": [
    9619.677406998833,
    9619.677406998833,
    9619.677406998833,
    9619.677406998833,
    9619.677406998833,
    9619.677406998833,
    9619.677406998833,
    9619.677406998833,
    9619.677406998833,
    9619.677406998833
  ]
}