{
  "lambda_ppl": 0.5,
  "train_joint": [
    20.892239598477826,
    20.90171897116672,
    20.883422080050693,
    20.8602795161558,
    20.910798057813324,
    20.893697978673355,
    20.889351045415644,
    20.854323646459687,
    20.84810593422879,
    20.884657951955045
  ],
  "train_task": [
    16.54854501231333,
    16.55802437428678,
    16.53972750031546,
    16.516584938563657,
    16.56710346950574,
    16.550003386079595,
    16.54565645710806,
    16.51062906029519,
    16.504411348064295,
    16.540963359361285
  ],
  "train_ppl_loss": [
    8.68738842010498,
    8.68738842010498,
    8.68738842010498,
    8.68738842010498,
    8.68738842010498,
    8.68738842010498,
    8.68738842010498,
    8.68738842010498,
    8.68738842010498,
    8.68738842010498
  ],
  "train_ppl_ppx": [
    5927.68139711112,
    5927.68139711112,
    5927.68139711112,
    5927.68139711112,
    5927.68139711112,
    5927.68139711112,
    5927.68139711112,
    5927.68139711112,
    5927.68139711112,
    5927.68139711112
  ],
  "val_loss": [
    0.20264220022391982,
    0.1440361975624067,
    0.13571366706817614,
    0.11710418654469455,
    0.11483275185271007,
    0.11602490604287241,
    0.12145686688855654,
    0.11645481053103761,
    0.11398449958097644,
    0.11617740583492489
  ],
  "val_acc": [
    0.6633027522935779,
    0.7201834862385321,
    0.7406727828746177,
    0.7825688073394496,
    0.7920489296636085,
    0.8018348623853211,
    0.772782874617737,
    0.8,
    0.8030581039755351,
    0.8021406727828746
  ],
  "val_acc_true": [
    0.9945892769306444,
    0.9739301524840138,
    0.9621249385145105,
    0.9168716182980816,
    0.9011313330054107,
    0.8603049680275455,
    0.9276930644367929,
    0.8514510575504181,
    0.8770290211510083,
    0.8322675848499754
  ],
  "val_acc_false": [
    0.11883589329021826,
    0.30315278900565884,
    0.3767178658043654,
    0.5618431689571544,
    0.6127728375101051,
    0.7057396928051738,
    0.5181891673403395,
    0.7154405820533549,
    0.6814874696847211,
    0.7526273241713823
  ],
  "prompt_ppl_ppx": [
    5927.681397111085,
    5927.681397111085,
    5927.681397111085,
    5927.681397111085,
    5927.681397111085,
    5927.681397111085,
    5927.681397111085,
    5927.681397111085,
    5927.681397111085,
    5927.681397111085
  ]
}