{
  "lambda_ppl": 0.5,
  "train_joint": [
    21.683433194106883,
    21.785544277576918,
    21.729313243908827,
    21.711696269003195,
    21.71040083638738,
    21.73026208770409,
    21.760262765777245,
    21.68858793022927,
    21.72759910754943,
    21.736293394110177
  ],
  "train_task": [
    17.416538737864975,
    17.5186499520634,
    17.46241890553678,
    17.444801812761284,
    17.443506465869003,
    17.463367670037773,
    17.493368418832844,
    17.421693548995457,
    17.46070464702135,
    17.4693989507268
  ],
  "train_ppl_loss": [
    8.533788681030273,
    8.533788681030273,
    8.533788681030273,
    8.533788681030273,
    8.533788681030273,
    8.533788681030273,
    8.533788681030273,
    8.533788681030273,
    8.533788681030273,
    8.533788681030273
  ],
  "train_ppl_ppx": [
    5083.669798420786,
    5083.669798420786,
    5083.669798420786,
    5083.669798420786,
    5083.669798420786,
    5083.669798420786,
    5083.669798420786,
    5083.669798420786,
    5083.669798420786,
    5083.669798420786
  ],
  "val_loss": [
    0.15390740026061128,
    0.15347024654833283,
    0.12291024334546996,
    0.12011307332573867,
    0.12023219593414446,
    0.1138111677111649,
    0.11203274695066417,
    0.11856329340215137,
    0.11078259700500384,
    0.11201742591745242
  ],
  "val_acc": [
    0.6718654434250765,
    0.6801223241590214,
    0.7666666666666667,
    0.77217125382263,
    0.7807339449541284,
    0.7850152905198777,
    0.791743119266055,
    0.791131498470948,
    0.8003058103975536,
    0.7993883792048929
  ],
  "val_acc_true": [
    0.9906542056074766,
    0.9896704377766847,
    0.9163797343826857,
    0.9144121987211018,
    0.8524348253812101,
    0.8794884407279882,
    0.8814559763895721,
    0.7993113625184457,
    0.8647319232661091,
    0.8780127889818002
  ],
  "val_acc_false": [
    0.14793856103476152,
    0.1713823767178658,
    0.5206143896523848,
    0.5383993532740501,
    0.6628940986257074,
    0.629749393694422,
    0.6443007275666937,
    0.7776879547291835,
    0.6944219886822959,
    0.6701697655618432
  ],
  "prompt_ppl_ppx": [
    5083.669798420826,
    5083.669798420826,
    5083.669798420826,
    5083.669798420826,
    5083.669798420826,
    5083.669798420826,
    5083.669798420826,
    5083.669798420826,
    5083.669798420826,
    5083.669798420826
  ]
}