{
  "lambda_ppl": 0.0,
  "train_joint": [
    17.151836650291187,
    17.050951715533653,
    17.102487943413553,
    17.46338706927353,
    17.492633954594645,
    17.356826936528925,
    17.457363850882885,
    17.41939114774211,
    17.389378819840676,
    17.409365546837282
  ],
  "train_task": [
    17.151836650291187,
    17.050951715533653,
    17.102487943413553,
    17.46338706927353,
    17.492633954594645,
    17.356826936528925,
    17.457363850882885,
    17.41939114774211,
    17.389378819840676,
    17.409365546837282
  ],
  "train_ppl_loss": [
    0.0,
    0.0,
    0.0,
    0.0,
    0.0,
    0.0,
    0.0,
    0.0,
    0.0,
    0.0
  ],
  "train_ppl_ppx": [
    0.0,
    0.0,
    0.0,
    0.0,
    0.0,
    0.0,
    0.0,
    0.0,
    0.0,
    0.0
  ],
  "val_loss": [
    20.81896827511671,
    20.271292588768937,
    17.439459014520413,
    6.438321546228921,
    2.369271877335339,
    1.0607355958077966,
    0.3731095125035542,
    0.25108933121692845,
    0.21656871645188913,
    0.19649483761409434
  ],
  "val_acc": [
    0.3782874617737003,
    0.3782874617737003,
    0.3782874617737003,
    0.3782874617737003,
    0.3782874617737003,
    0.48990825688073397,
    0.6152905198776758,
    0.6198776758409786,
    0.618960244648318,
    0.617125382262997
  ],
  "val_acc_true": [
    0.0,
    0.0,
    0.0,
    0.0,
    0.0,
    0.4087555336940482,
    0.9842597147073291,
    0.9931136251844564,
    0.9911460895228726,
    0.9832759468765372
  ],
  "val_acc_false": [
    1.0,
    1.0,
    1.0,
    1.0,
    1.0,
    0.6232821341956346,
    0.00889248181083266,
    0.0064672594987873885,
    0.007275666936135812,
    0.015359741309620048
  ],
  "prompt_ppl_ppx": [
    0.0,
    0.0,
    0.0,
    0.0,
    0.0,
    0.0,
    0.0,
    0.0,
    0.0,
    0.0
  ]
}