{
  "lambda_ppl": 1.0,
  "train_joint": [
    24.06605184319314,
    23.924829341588396,
    24.016892409592533,
    23.95972038869108,
    23.933270683717193,
    23.917969924412418,
    23.961064417978353,
    23.889088264208162,
    23.981674078609167,
    23.97044074669313
  ],
  "train_task": [
    16.43513816662049,
    16.29391560500927,
    16.385978758736943,
    16.328806652111954,
    16.302356992142922,
    16.287056164259322,
    16.33015066639761,
    16.258174617638748,
    16.350760367747103,
    16.339527104409893
  ],
  "train_ppl_loss": [
    7.630913734436035,
    7.630913734436035,
    7.630913734436035,
    7.630913734436035,
    7.630913734436035,
    7.630913734436035,
    7.630913734436035,
    7.630913734436035,
    7.630913734436035,
    7.630913734436035
  ],
  "train_ppl_ppx": [
    2060.9323045692017,
    2060.9323045692017,
    2060.9323045692017,
    2060.9323045692017,
    2060.9323045692017,
    2060.9323045692017,
    2060.9323045692017,
    2060.9323045692017,
    2060.9323045692017,
    2060.9323045692017
  ],
  "val_loss": [
    12.905847898343714,
    11.811256636642828,
    11.380593588294053,
    10.929495755637564,
    10.576510033956389,
    10.244460617623679,
    9.96252982441972,
    9.72625590998952,
    9.48370503216255,
    9.22655113034132
  ],
  "val_acc": [
    0.5871559633027523,
    0.4954128440366973,
    0.45351681957186546,
    0.42599388379204894,
    0.40122324159021405,
    0.39235474006116206,
    0.38318042813455655,
    0.38103975535168194,
    0.3804281345565749,
    0.38073394495412843
  ],
  "val_acc_true": [
    0.37284800787014266,
    0.2016724053123463,
    0.12739793408755534,
    0.07870142646335465,
    0.037383177570093455,
    0.023118544023610427,
    0.008362026561731432,
    0.004918839153959666,
    0.003935071323167732,
    0.004426955238563699
  ],
  "val_acc_false": [
    0.9393694421988682,
    0.9781729991915926,
    0.9894907033144705,
    0.9967663702506063,
    0.9991915925626516,
    0.9991915925626516,
    0.9991915925626516,
    0.9991915925626516,
    0.9991915925626516,
    0.9991915925626516
  ],
  "prompt_ppl_ppx": [
    2060.932304569216,
    2060.932304569216,
    2060.932304569216,
    2060.932304569216,
    2060.932304569216,
    2060.932304569216,
    2060.932304569216,
    2060.932304569216,
    2060.932304569216,
    2060.932304569216
  ]
}