{
  "lambda_ppl": 1.0,
  "train_joint": [
    26.842240211401094,
    26.82688515052367,
    26.8544608555483,
    26.859685794958907,
    26.912779000100127,
    26.86566066099017,
    26.848501462614937,
    26.90597542752041,
    26.877734966492383,
    26.896203840448614
  ],
  "train_task": [
    16.999185420689958,
    16.983830383386504,
    17.011406051978636,
    17.0166309806738,
    17.06972406794516,
    17.022605895996094,
    17.00544667833307,
    17.062920658240156,
    17.03468021221375,
    17.053149013304978
  ],
  "train_ppl_loss": [
    9.84305477142334,
    9.84305477142334,
    9.84305477142334,
    9.84305477142334,
    9.84305477142334,
    9.84305477142334,
    9.84305477142334,
    9.84305477142334,
    9.84305477142334,
    9.84305477142334
  ],
  "train_ppl_ppx": [
    18827.140877294296,
    18827.140877294296,
    18827.140877294296,
    18827.140877294296,
    18827.140877294296,
    18827.140877294296,
    18827.140877294296,
    18827.140877294296,
    18827.140877294296,
    18827.140877294296
  ],
  "val_loss": [
    0.15267742331616763,
    0.11885077166484623,
    0.12177936858156832,
    0.1138599432005388,
    0.11570493369931129,
    0.10982367324120387,
    0.1109510177973567,
    0.11275546076911978,
    0.11011458483592766,
    0.1194518030689257
  ],
  "val_acc": [
    0.7,
    0.7810397553516819,
    0.7923547400611621,
    0.7813455657492355,
    0.7972477064220184,
    0.8006116207951071,
    0.8055045871559633,
    0.8061162079510703,
    0.8024464831804281,
    0.7993883792048929
  ],
  "val_acc_true": [
    0.9867191342843089,
    0.8809640924741761,
    0.8214461387112642,
    0.9129365469749139,
    0.8180029513034923,
    0.8730939498278406,
    0.852926709296606,
    0.838662075750123,
    0.8750614854894245,
    0.7909493359567142
  ],
  "val_acc_false": [
    0.22877930476960387,
    0.6168148746968473,
    0.7445432497978981,
    0.5650767987065481,
    0.7631366208569119,
    0.6814874696847211,
    0.7275666936135813,
    0.7526273241713823,
    0.683104284559418,
    0.8132578819725141
  ],
  "prompt_ppl_ppx": [
    18827.14087729414,
    18827.14087729414,
    18827.14087729414,
    18827.14087729414,
    18827.14087729414,
    18827.14087729414,
    18827.14087729414,
    18827.14087729414,
    18827.14087729414,
    18827.14087729414
  ]
}