{
  "lambda_ppl": 0.5,
  "train_joint": [
    21.717043673054555,
    21.662819573048797,
    21.713010170754423,
    21.762761289617988,
    21.733707766586477,
    21.695854697066746,
    21.655657358919637,
    21.690928607040576,
    21.756857145502327,
    21.696871601061876
  ],
  "train_task": [
    16.68033387687769,
    16.626109866881638,
    16.676300402437704,
    16.7260514784395,
    16.696997895401516,
    16.65914489017444,
    16.61894761417689,
    16.654218866584007,
    16.72014746505223,
    16.660161843460596
  ],
  "train_ppl_loss": [
    10.073419570922852,
    10.073419570922852,
    10.073419570922852,
    10.073419570922852,
    10.073419570922852,
    10.073419570922852,
    10.073419570922852,
    10.073419570922852,
    10.073419570922852,
    10.073419570922852
  ],
  "train_ppl_ppx": [
    23704.485502464686,
    23704.485502464686,
    23704.485502464686,
    23704.485502464686,
    23704.485502464686,
    23704.485502464686,
    23704.485502464686,
    23704.485502464686,
    23704.485502464686,
    23704.485502464686
  ],
  "val_loss": [
    7.305032532389571,
    0.16736486365155476,
    0.170451991659839,
    0.14566523387301258,
    0.1330506023110413,
    0.15463553299991095,
    0.13235191075903613,
    0.13019081548583217,
    0.13032277773429707,
    0.13139800273063706
  ],
  "val_acc": [
    0.37951070336391435,
    0.7434250764525994,
    0.6617737003058104,
    0.6966360856269113,
    0.7351681957186544,
    0.6853211009174311,
    0.7351681957186544,
    0.736697247706422,
    0.7400611620795107,
    0.7324159021406728
  ],
  "val_acc_true": [
    0.001967535661583866,
    0.8406296114117069,
    0.9911460895228726,
    0.9813084112149533,
    0.9321200196753566,
    0.9886866699458927,
    0.9380226266601082,
    0.9301524840137727,
    0.9340875553369404,
    0.9547466797835711
  ],
  "val_acc_false": [
    1.0,
    0.5836701697655619,
    0.12045270816491511,
    0.22877930476960387,
    0.41147938561034764,
    0.18674211802748586,
    0.40177849636216656,
    0.41875505254648343,
    0.4211802748585287,
    0.3670169765561843
  ],
  "prompt_ppl_ppx": [
    23704.485502464584,
    23704.485502464584,
    23704.485502464584,
    23704.485502464584,
    23704.485502464584,
    23704.485502464584,
    23704.485502464584,
    23704.485502464584,
    23704.485502464584,
    23704.485502464584
  ]
}