{
  "lambda_ppl": 1.0,
  "train_joint": [
    27.173233417982466,
    27.17533553048466,
    27.169697009311633,
    27.14249190855562,
    27.151734272817546,
    27.131277782997387,
    27.209976513466138,
    27.181114479665005,
    27.12317525027843,
    27.183583917510642
  ],
  "train_task": [
    17.197956479533335,
    17.200058589892443,
    17.194420066576324,
    17.167214965820314,
    17.176457334368415,
    17.15600083811899,
    17.234699570730832,
    17.205837528357346,
    17.147898309686212,
    17.208306974775336
  ],
  "train_ppl_loss": [
    9.975276947021484,
    9.975276947021484,
    9.975276947021484,
    9.975276947021484,
    9.975276947021484,
    9.975276947021484,
    9.975276947021484,
    9.975276947021484,
    9.975276947021484,
    9.975276947021484
  ],
  "train_ppl_ppx": [
    21488.58079106671,
    21488.58079106671,
    21488.58079106671,
    21488.58079106671,
    21488.58079106671,
    21488.58079106671,
    21488.58079106671,
    21488.58079106671,
    21488.58079106671,
    21488.58079106671
  ],
  "val_loss": [
    0.1335244867496374,
    0.12596470826282735,
    0.1175687841162449,
    0.11463905747343854,
    0.11364217209743291,
    0.11326392432901917,
    0.11197284886204614,
    0.11413843509990995,
    0.11120657592830134,
    0.11031426275830443
  ],
  "val_acc": [
    0.7562691131498471,
    0.7657492354740061,
    0.7844036697247706,
    0.7969418960244649,
    0.7932721712538227,
    0.8009174311926606,
    0.8024464831804281,
    0.8012232415902141,
    0.8055045871559633,
    0.8045871559633028
  ],
  "val_acc_true": [
    0.9394982784062961,
    0.9286768322675848,
    0.9139203148057059,
    0.8898180029513035,
    0.9144121987211018,
    0.8814559763895721,
    0.8627643876045253,
    0.8337432365961633,
    0.852926709296606,
    0.8804722085587802
  ],
  "val_acc_false": [
    0.4551333872271625,
    0.49797898140662894,
    0.5715440582053355,
    0.6443007275666937,
    0.5941794664510913,
    0.6685529506871464,
    0.7033144704931286,
    0.7477768795472919,
    0.7275666936135813,
    0.6798706548100243
  ],
  "prompt_ppl_ppx": [
    21488.580791066757,
    21488.580791066757,
    21488.580791066757,
    21488.580791066757,
    21488.580791066757,
    21488.580791066757,
    21488.580791066757,
    21488.580791066757,
    21488.580791066757,
    21488.580791066757
  ]
}