{
  "lambda_ppl": 0.0,
  "train_joint": [
    16.58360834871785,
    16.591177777493936,
    16.61757384739565,
    16.646063236708052,
    16.644260361489284,
    16.670524419291635,
    16.608659716402546,
    16.612700755944413,
    16.66014385866315,
    16.636529011672803
  ],
  "train_task": [
    16.58360834871785,
    16.591177777493936,
    16.61757384739565,
    16.646063236708052,
    16.644260361489284,
    16.670524419291635,
    16.608659716402546,
    16.612700755944413,
    16.66014385866315,
    16.636529011672803
  ],
  "train_ppl_loss": [
    0.0,
    0.0,
    0.0,
    0.0,
    0.0,
    0.0,
    0.0,
    0.0,
    0.0,
    0.0
  ],
  "train_ppl_ppx": [
    0.0,
    0.0,
    0.0,
    0.0,
    0.0,
    0.0,
    0.0,
    0.0,
    0.0,
    0.0
  ],
  "val_loss": [
    0.21574859504656094,
    0.15637107735000005,
    0.15092700941533577,
    0.14640807880134118,
    0.14508454432574713,
    0.13979775743877015,
    0.13519635880138817,
    0.13217230659069085,
    0.13017575133864473,
    0.12777220545018592
  ],
  "val_acc": [
    0.6281345565749236,
    0.653211009174312,
    0.7168195718654434,
    0.7024464831804281,
    0.6987767584097859,
    0.7146788990825688,
    0.7486238532110092,
    0.7327217125382263,
    0.7574923547400612,
    0.7660550458715596
  ],
  "val_acc_true": [
    1.0,
    0.9960649286768323,
    0.9075258239055582,
    0.9724545007378259,
    0.9783571077225774,
    0.970978848991638,
    0.8632562715199213,
    0.955730447614363,
    0.8489916379734382,
    0.8416133792424988
  ],
  "val_acc_false": [
    0.016976556184316895,
    0.08973322554567502,
    0.4033953112368634,
    0.2586903799514956,
    0.2392886014551334,
    0.29345189975747776,
    0.5602263540824576,
    0.36620856911883587,
    0.6071139854486661,
    0.6418755052546483
  ],
  "prompt_ppl_ppx": [
    0.0,
    0.0,
    0.0,
    0.0,
    0.0,
    0.0,
    0.0,
    0.0,
    0.0,
    0.0
  ]
}