{
  "lambda_ppl": 1.0,
  "train_joint": [
    25.88593053067668,
    25.84619412368603,
    25.804695257979834,
    25.714379878526323,
    25.857484581765164,
    26.111989224894664,
    25.990819318107004,
    25.714620727367617,
    25.72894913748409,
    25.66236208369223
  ],
  "train_task": [
    16.976481889874748,
    16.942689597740603,
    16.911497079656364,
    16.862171674578377,
    16.923117560483096,
    16.942015920060403,
    16.88624881358629,
    16.766555421807794,
    16.833052219433732,
    16.766465197788197
  ],
  "train_ppl_loss": [
    8.909448623657227,
    8.90350452380234,
    8.893198174037291,
    8.852208233951183,
    8.934367029854421,
    9.169973304834258,
    9.104570504520716,
    8.948065309846,
    8.895896911621094,
    8.895896911621094
  ],
  "train_ppl_ppx": [
    7401.57891746144,
    7366.000103305072,
    7287.563552633519,
    6999.972557769079,
    7935.775052293343,
    9605.693612655747,
    9080.30597428667,
    7746.540071711984,
    7301.951437520473,
    7301.951437520473
  ],
  "val_loss": [
    4.854268967233053,
    8.191195006486847,
    1.856176194330541,
    0.4952981760589088,
    0.28575619052096113,
    0.2185886702522999,
    0.22589314049336967,
    0.19811668228812335,
    0.19043359283993883,
    0.1934849137940058
  ],
  "val_acc": [
    0.6220183486238532,
    0.3782874617737003,
    0.3782874617737003,
    0.6217125382262997,
    0.6128440366972477,
    0.6217125382262997,
    0.6211009174311927,
    0.6217125382262997,
    0.6217125382262997,
    0.6217125382262997
  ],
  "val_acc_true": [
    0.999508116084604,
    0.0,
    0.0,
    1.0,
    0.9424495818986719,
    1.0,
    0.9985243482538121,
    1.0,
    1.0,
    1.0
  ],
  "val_acc_false": [
    0.0016168148746968471,
    1.0,
    1.0,
    0.0,
    0.07113985448666128,
    0.0,
    0.0008084074373484236,
    0.0,
    0.0,
    0.0
  ],
  "prompt_ppl_ppx": [
    7401.578917461406,
    7401.578917461406,
    6644.312688380529,
    6644.312688380529,
    9508.729164689521,
    9871.32731044556,
    9871.32731044556,
    7301.951437520531,
    7301.951437520531,
    7301.951437520531
  ]
}