{
  "lambda_ppl": 0.0,
  "train_joint": [
    15.845570009210137,
    15.884531462594364,
    15.856776768973704,
    15.810290253028441,
    15.829795500937472,
    15.890636939145207,
    15.8918909437201,
    15.821498832274019,
    15.831264457274019,
    15.886386682746116
  ],
  "train_task": [
    15.845570009210137,
    15.884531462594364,
    15.856776768973704,
    15.810290253028441,
    15.829795500937472,
    15.890636939145207,
    15.8918909437201,
    15.821498832274019,
    15.831264457274019,
    15.886386682746116
  ],
  "train_ppl_loss": [
    0.0,
    0.0,
    0.0,
    0.0,
    0.0,
    0.0,
    0.0,
    0.0,
    0.0,
    0.0
  ],
  "train_ppl_ppx": [
    0.0,
    0.0,
    0.0,
    0.0,
    0.0,
    0.0,
    0.0,
    0.0,
    0.0,
    0.0
  ],
  "val_loss": [
    0.14931441143881985,
    0.12475856064659793,
    0.1310399524776674,
    0.12338219491265169,
    0.1156372062680198,
    0.1154360368120961,
    0.11625697044882832,
    0.114663587783168,
    0.11282738535324248,
    0.11358302332824323
  ],
  "val_acc": [
    0.6902140672782875,
    0.7678899082568807,
    0.7363914373088685,
    0.7599388379204893,
    0.7880733944954128,
    0.7834862385321101,
    0.7782874617737003,
    0.7941896024464832,
    0.7923547400611621,
    0.7853211009174312
  ],
  "val_acc_true": [
    0.9886866699458927,
    0.9217904574520414,
    0.9636005902606984,
    0.9498278406296115,
    0.8986719134284309,
    0.911952779144122,
    0.9257255287752091,
    0.8632562715199213,
    0.9040826364977865,
    0.9173635022134776
  ],
  "val_acc_false": [
    0.19967663702506064,
    0.5149555375909458,
    0.3629749393694422,
    0.44785772029102666,
    0.6063055780113177,
    0.5723524656426839,
    0.5359741309620049,
    0.6806790622473726,
    0.608730800323363,
    0.5683104284559418
  ],
  "prompt_ppl_ppx": [
    0.0,
    0.0,
    0.0,
    0.0,
    0.0,
    0.0,
    0.0,
    0.0,
    0.0,
    0.0
  ]
}