{
  "lambda_ppl": 0.75,
  "train_joint": [
    22.812762815496896,
    22.825910349642292,
    22.875597437312095,
    22.7121589017718,
    22.90043892163909
  ],
  "train_task": [
    16.290650809213016,
    16.29425268494681,
    16.339111812462967,
    16.23574196247572,
    16.380311408739413
  ],
  "train_ppl_loss": [
    8.696149339568748,
    8.708876981628075,
    8.71531414289153,
    8.635222612873891,
    8.69350344197134
  ],
  "train_ppl_ppx": [
    10714.612162317173,
    10756.389519928478,
    10329.800624152813,
    8845.31306216559,
    10336.728026169725
  ],
  "val_loss": [
    20.73103003152987,
    21.82063641431855,
    21.418030092192858,
    19.544849135236042,
    21.88414822089963
  ],
  "val_acc": [
    0.789908256880734,
    0.7996941896024465,
    0.7920489296636085,
    0.7914373088685015,
    0.8012232415902141
  ],
  "val_acc_true": [
    0.7919331037875061,
    0.8165272995573045,
    0.7978357107722578,
    0.7899655681259223,
    0.8111165764879489
  ],
  "val_acc_false": [
    0.7865804365400162,
    0.7720291026677445,
    0.7825383993532741,
    0.793856103476152,
    0.7849636216653193
  ],
  "prompt_ppl_ppx": [
    1342.2571368144017,
    33103.75630874372,
    3679.535223256895,
    13389.35658246579,
    5632.183073508744
  ]
}