{
  "lambda_ppl": 0.5,
  "train_joint": [
    20.672941585069292,
    20.662637599130694,
    20.630903934093006,
    20.723130836915434,
    20.59405135679781
  ],
  "train_task": [
    16.32170727547635,
    16.307112415185134,
    16.315687005975274,
    16.403337620081526,
    16.305373245410706
  ],
  "train_ppl_loss": [
    8.702468657761477,
    8.711050364676487,
    8.630433890524875,
    8.639586435810903,
    8.57735621634494
  ],
  "train_ppl_ppx": [
    10766.666759012074,
    9591.53240748075,
    8635.940776574234,
    9587.230534429851,
    9125.274928846127
  ],
  "val_loss": [
    21.305608702868952,
    21.559229604209342,
    21.930536232925043,
    21.779818772106637,
    22.122205343479063
  ],
  "val_acc": [
    0.7923547400611621,
    0.7935779816513762,
    0.7960244648318043,
    0.8003058103975536,
    0.7935779816513762
  ],
  "val_acc_true": [
    0.7879980324643384,
    0.7953762911952779,
    0.8081652729955731,
    0.8209542547958681,
    0.8037383177570093
  ],
  "val_acc_false": [
    0.799514955537591,
    0.7906224737267583,
    0.7760711398544866,
    0.7663702506063056,
    0.7768795472918351
  ],
  "prompt_ppl_ppx": [
    2892.7808900819464,
    11489.641880087986,
    16416.000397025324,
    16518.234847736927,
    8815.338925227084
  ]
}