{
  "lambda_ppl": 0.05,
  "train_joint": [
    16.759300904863338,
    16.723042993866997,
    16.821329601159256,
    16.759711160552637,
    16.698132461376403
  ],
  "train_task": [
    16.328107484538904,
    16.2905400201176,
    16.38866719449504,
    16.323740136221552,
    16.262721552473774
  ],
  "train_ppl_loss": [
    8.62386859508043,
    8.65005932068557,
    8.653248044346157,
    8.719420344106267,
    8.708217853374695
  ],
  "train_ppl_ppx": [
    9862.330340235581,
    9557.131377263811,
    9700.557130542613,
    10542.040341850467,
    10245.718103198096
  ],
  "val_loss": [
    21.822356368274225,
    21.5895473108059,
    22.196658529886385,
    21.78977961656524,
    20.403563764618664
  ],
  "val_acc": [
    0.7966360856269113,
    0.790519877675841,
    0.7923547400611621,
    0.7938837920489297,
    0.7960244648318043
  ],
  "val_acc_true": [
    0.8066896212493851,
    0.7884899163797344,
    0.7978357107722578,
    0.7993113625184457,
    0.809149040826365
  ],
  "val_acc_false": [
    0.7801131770412287,
    0.793856103476152,
    0.7833468067906225,
    0.7849636216653193,
    0.7744543249797898
  ],
  "prompt_ppl_ppx": [
    5498.90210392237,
    4558.6630117492605,
    17242.173367710853,
    3766.1930212239704,
    6750.7091638602
  ]
}