{
  "lambda_ppl": 0.1,
  "train_joint": [
    17.191863790790688,
    17.186135926407374,
    17.136821744683083,
    17.232720415779713,
    17.146874721398515
  ],
  "train_task": [
    16.313097878788295,
    16.321267893073266,
    16.271658631656948,
    16.36631461582827,
    16.285688453845765
  ],
  "train_ppl_loss": [
    8.787659238965324,
    8.648680969838345,
    8.651631147406075,
    8.664058376698012,
    8.61186274517788
  ],
  "train_ppl_ppx": [
    11508.503613463521,
    10412.452397688163,
    10060.564404508334,
    10153.855490381115,
    10494.175113890931
  ],
  "val_loss": [
    21.527562583365093,
    22.09511573605421,
    21.406778400700265,
    20.413945919129908,
    22.418191202675423
  ],
  "val_acc": [
    0.7969418960244649,
    0.7908256880733945,
    0.791743119266055,
    0.7801223241590214,
    0.7972477064220184
  ],
  "val_acc_true": [
    0.8116084604033448,
    0.7988194786030497,
    0.7830791933103788,
    0.7447122479094933,
    0.8209542547958681
  ],
  "val_acc_false": [
    0.7728375101050929,
    0.7776879547291835,
    0.8059822150363783,
    0.8383185125303153,
    0.7582861762328214
  ],
  "prompt_ppl_ppx": [
    10731.853139531398,
    8026.059399797693,
    1104.4886817615836,
    7904.7170736299695,
    5061.079209109004
  ]
}