{
  "lambda_ppl": 0.0,
  "train_joint": [
    16.398423503489976,
    16.296864057390877,
    16.2928280241034,
    16.239968417735582,
    16.261095460613124
  ],
  "train_task": [
    16.398423503489976,
    16.296864057390877,
    16.2928280241034,
    16.239968417735582,
    16.261095460613124
  ],
  "train_ppl_loss": [
    0.0,
    0.0,
    0.0,
    0.0,
    0.0
  ],
  "train_ppl_ppx": [
    0.0,
    0.0,
    0.0,
    0.0,
    0.0
  ],
  "val_loss": [
    20.987981591573575,
    21.75222644340701,
    21.35739317172911,
    21.188474227160942,
    21.26207441934725
  ],
  "val_acc": [
    0.7920489296636085,
    0.7932721712538227,
    0.7923547400611621,
    0.7880733944954128,
    0.7877675840978593
  ],
  "val_acc_true": [
    0.7968519429414658,
    0.7983275946876537,
    0.7958681751106739,
    0.7875061485489424,
    0.7914412198721101
  ],
  "val_acc_false": [
    0.7841552142279709,
    0.7849636216653193,
    0.7865804365400162,
    0.7890056588520614,
    0.7817299919159256
  ],
  "prompt_ppl_ppx": [
    0.0,
    0.0,
    0.0,
    0.0,
    0.0
  ]
}