{
  "lambda_ppl": 1.0,
  "train_joint": [
    24.901983256822223,
    25.02543282240964,
    24.946606059556597,
    24.98193001907863,
    25.008943056256584
  ],
  "train_task": [
    16.312811253579813,
    16.347593648246164,
    16.253063345491217,
    16.29858701470193,
    16.311775449688515
  ],
  "train_ppl_loss": [
    8.589172041817998,
    8.677839166662666,
    8.69354271620847,
    8.683342994732802,
    8.697167595852626
  ],
  "train_ppl_ppx": [
    8480.29683322423,
    9997.847456317126,
    16412.275364703117,
    27577.829326334726,
    10968.729683383795
  ],
  "val_loss": [
    20.935385187660774,
    21.55991721734768,
    21.43860663437262,
    21.334436509667373,
    20.84476321150617
  ],
  "val_acc": [
    0.7960244648318043,
    0.7932721712538227,
    0.7902140672782875,
    0.7889908256880734,
    0.7957186544342507
  ],
  "val_acc_true": [
    0.8017707820954255,
    0.7939006394490901,
    0.7791441219872111,
    0.7860304968027545,
    0.8135759960649287
  ],
  "val_acc_false": [
    0.7865804365400162,
    0.7922392886014551,
    0.8084074373484236,
    0.793856103476152,
    0.7663702506063056
  ],
  "prompt_ppl_ppx": [
    3634.805394881715,
    5372.708767320242,
    4261.461755772882,
    13084.045481212075,
    4483.2775993685345
  ]
}