{
  "lambda_ppl": 0.25,
  "train_joint": [
    18.49488484671946,
    18.44527017400506,
    18.502587166261137,
    18.465900856189513,
    18.48163330421019
  ],
  "train_task": [
    16.318470918462516,
    16.276330079925195,
    16.35251306255212,
    16.30718945063902,
    16.32210156515743
  ],
  "train_ppl_loss": [
    8.705655741959475,
    8.67576021558783,
    8.600296575567695,
    8.634845476471975,
    8.638126745116844
  ],
  "train_ppl_ppx": [
    9463.299811728832,
    10615.125998515094,
    9062.644283066375,
    9090.49110139182,
    9535.092021353163
  ],
  "val_loss": [
    20.743179981882978,
    21.755025528698432,
    21.482220338030558,
    21.320426140761956,
    20.777156736792588
  ],
  "val_acc": [
    0.7923547400611621,
    0.7990825688073394,
    0.8003058103975536,
    0.8009174311926606,
    0.7993883792048929
  ],
  "val_acc_true": [
    0.7939006394490901,
    0.8101328086571569,
    0.8307919331037875,
    0.8160354156419085,
    0.8057058534185932
  ],
  "val_acc_false": [
    0.7898140662894099,
    0.7809215844785772,
    0.7502021018593371,
    0.7760711398544866,
    0.7890056588520614
  ],
  "prompt_ppl_ppx": [
    2654.032115749873,
    18004.311691871553,
    4193.189921392611,
    8874.943121742834,
    16366.057144075701
  ]
}