{
  "lambda_ppl": 0.01,
  "train_joint": [
    16.36105973747339,
    16.374888921587655,
    16.381289287095658,
    16.33061750819174,
    16.399449764208846
  ],
  "train_task": [
    16.273780057671363,
    16.289353092065017,
    16.294986540547917,
    16.24415778470843,
    16.312794147448592
  ],
  "train_ppl_loss": [
    8.727968554550342,
    8.553584603513224,
    8.630271495861953,
    8.645973293433029,
    8.665559514720789
  ],
  "train_ppl_ppx": [
    10380.889363388893,
    9350.711249519994,
    9139.009269328953,
    9969.19928356355,
    13025.322992450117
  ],
  "val_loss": [
    20.63165316698028,
    20.379725349240186,
    20.978736914657965,
    21.920898056030275,
    19.597901116347895
  ],
  "val_acc": [
    0.7941896024464832,
    0.7856269113149847,
    0.7929663608562691,
    0.7914373088685015,
    0.7957186544342507
  ],
  "val_acc_true": [
    0.8022626660108214,
    0.7850467289719626,
    0.7914412198721101,
    0.7855386128873586,
    0.8042302016724053
  ],
  "val_acc_false": [
    0.7809215844785772,
    0.7865804365400162,
    0.7954729183508489,
    0.8011317704122878,
    0.7817299919159256
  ],
  "prompt_ppl_ppx": [
    14170.370264665835,
    9013.886453112362,
    98562.62561872517,
    2245.81030014679,
    713.0428054562107
  ]
}