{
  "lambda_ppl": 0.0,
  "train_joint": [
    17.27179034372394,
    17.238603666927037,
    17.24721500096696,
    17.30937849752019,
    17.228490107246998
  ],
  "train_task": [
    17.27179034372394,
    17.238603666927037,
    17.24721500096696,
    17.30937849752019,
    17.228490107246998
  ],
  "train_ppl_loss": [
    0.0,
    0.0,
    0.0,
    0.0,
    0.0
  ],
  "train_ppl_ppx": [
    0.0,
    0.0,
    0.0,
    0.0,
    0.0
  ],
  "val_loss": [
    9.803811212865318,
    5.160985767550585,
    0.7300449100936331,
    0.19327732762548983,
    0.1686459505703391
  ],
  "val_acc": [
    0.3804281345565749,
    0.3782874617737003,
    0.4504587155963303,
    0.6889908256880733,
    0.7021406727828746
  ],
  "val_acc_true": [
    0.003443187407771766,
    0.0,
    0.1485489424495819,
    0.984751598622725,
    0.9754058042302016
  ],
  "val_acc_false": [
    1.0,
    1.0,
    0.946645109135004,
    0.2029102667744543,
    0.25303152789005656
  ],
  "prompt_ppl_ppx": [
    0.0,
    0.0,
    0.0,
    0.0,
    0.0
  ]
}