{
  "lambda_ppl": 0.5,
  "train_joint": [
    22.37849725873283,
    22.34858527022801,
    22.387043839358213,
    22.39704366105326,
    22.342886626854373
  ],
  "train_task": [
    16.856748647368356,
    16.826836753159427,
    16.865295418728603,
    16.8752950111132,
    16.82113813335976
  ],
  "train_ppl_loss": [
    11.043497085571289,
    11.043497085571289,
    11.043497085571289,
    11.043497085571289,
    11.043497085571289
  ],
  "train_ppl_ppx": [
    62535.96345841971,
    62535.96345841971,
    62535.96345841971,
    62535.96345841971,
    62535.96345841971
  ],
  "val_loss": [
    0.18261993091280868,
    0.1641261860364821,
    0.17268021571926953,
    0.2023898497223854,
    0.1728504174002787
  ],
  "val_acc": [
    0.6443425076452599,
    0.6452599388379205,
    0.6284403669724771,
    0.6235474006116208,
    0.627217125382263
  ],
  "val_acc_true": [
    0.9975405804230202,
    0.9955730447614363,
    0.999508116084604,
    1.0,
    0.999508116084604
  ],
  "val_acc_false": [
    0.06386418755052546,
    0.06952303961196443,
    0.018593371059013743,
    0.004850444624090542,
    0.015359741309620048
  ],
  "prompt_ppl_ppx": [
    62535.96345842,
    62535.96345842,
    62535.96345842,
    62535.96345842,
    62535.96345842
  ]
}