{
  "lambda_ppl": 0.5,
  "train_joint": [
    22.963172629709995,
    23.006511915399788,
    22.956436765863653,
    22.97588191085987,
    22.966172151887015
  ],
  "train_task": [
    17.40182658206211,
    17.44516586132264,
    17.395090711786505,
    17.41453585678272,
    17.404826095666778
  ],
  "train_ppl_loss": [
    11.122692108154297,
    11.122692108154297,
    11.122692108154297,
    11.122692108154297,
    11.122692108154297
  ],
  "train_ppl_ppx": [
    67689.889709499,
    67689.889709499,
    67689.889709499,
    67689.889709499,
    67689.889709499
  ],
  "val_loss": [
    0.16531477123498917,
    0.24270919503235236,
    0.17824711341683458,
    0.18732532382738298,
    0.18016393755267307
  ],
  "val_acc": [
    0.6483180428134556,
    0.3782874617737003,
    0.6223241590214067,
    0.6220183486238532,
    0.6220183486238532
  ],
  "val_acc_true": [
    0.9975405804230202,
    0.0,
    1.0,
    1.0,
    1.0
  ],
  "val_acc_false": [
    0.07437348423605497,
    1.0,
    0.0016168148746968471,
    0.0008084074373484236,
    0.0008084074373484236
  ],
  "prompt_ppl_ppx": [
    67689.8897094996,
    67689.8897094996,
    67689.8897094996,
    67689.8897094996,
    67689.8897094996
  ]
}