{
  "lambda_ppl": 1.0,
  "train_joint": [
    25.95479089972678,
    26.00238870342126,
    26.001935907428184,
    26.010945069388058,
    26.039925251650008
  ],
  "train_task": [
    16.82992526922333,
    16.87752316507061,
    16.8770702640662,
    16.88607948388946,
    16.915059736873328
  ],
  "train_ppl_loss": [
    9.124865531921387,
    9.124865531921387,
    9.124865531921387,
    9.124865531921387,
    9.124865531921387
  ],
  "train_ppl_ppx": [
    9180.76241511516,
    9180.76241511516,
    9180.76241511516,
    9180.76241511516,
    9180.76241511516
  ],
  "val_loss": [
    9.326724936322469,
    3.472317567685755,
    0.38722569753484026,
    0.16132371000400403,
    0.15526156734402588
  ],
  "val_acc": [
    0.41253822629969417,
    0.3785932721712538,
    0.5314984709480123,
    0.7134556574923547,
    0.6752293577981652
  ],
  "val_acc_true": [
    0.05656665027053615,
    0.0004918839153959665,
    0.29365469749139206,
    0.941957697983276,
    0.9837678307919331
  ],
  "val_acc_false": [
    0.9975747776879548,
    1.0,
    0.9223928860145514,
    0.3379143088116411,
    0.16814874696847212
  ],
  "prompt_ppl_ppx": [
    9180.762415115092,
    9180.762415115092,
    9180.762415115092,
    9180.762415115092,
    9180.762415115092
  ]
}