{
  "lambda_ppl": 1.0,
  "train_joint": [
    25.76356132593048,
    25.739482489596593,
    25.75568230018187,
    25.730568215016568,
    25.791469256797534
  ],
  "train_task": [
    17.636990562181794,
    17.612911770852765,
    17.629111555720982,
    17.603997509131272,
    17.664898514479734
  ],
  "train_ppl_loss": [
    8.126570701599121,
    8.126570701599121,
    8.126570701599121,
    8.126570701599121,
    8.126570701599121
  ],
  "train_ppl_ppx": [
    3383.177723192824,
    3383.177723192824,
    3383.177723192824,
    3383.177723192824,
    3383.177723192824
  ],
  "val_loss": [
    0.1832709087467775,
    0.17244644790160946,
    0.18688100416485856,
    0.1753509984147258,
    0.17274975267852224
  ],
  "val_acc": [
    0.6220183486238532,
    0.5299694189602446,
    0.3798165137614679,
    0.6217125382262997,
    0.5425076452599389
  ],
  "val_acc_true": [
    1.0,
    0.3954746679783571,
    0.003443187407771766,
    1.0,
    0.4894244958189867
  ],
  "val_acc_false": [
    0.0008084074373484236,
    0.7510105092966856,
    0.9983831851253031,
    0.0,
    0.629749393694422
  ],
  "prompt_ppl_ppx": [
    3383.177723192799,
    3383.177723192799,
    3383.177723192799,
    3383.177723192799,
    3383.177723192799
  ]
}