{
  "lambda_ppl": 0.5,
  "train_joint": [
    22.243547070964,
    22.313185625397757,
    22.31006687464339,
    22.305331442329322,
    22.32184260507648
  ],
  "train_task": [
    17.23000872965609,
    17.29964728194676,
    17.296528529049304,
    17.2917931031645,
    17.30830424876695
  ],
  "train_ppl_loss": [
    10.02707576751709,
    10.02707576751709,
    10.02707576751709,
    10.02707576751709,
    10.02707576751709
  ],
  "train_ppl_ppx": [
    22630.996395704533,
    22630.996395704533,
    22630.996395704533,
    22630.996395704533,
    22630.996395704533
  ],
  "val_loss": [
    9.609152859013255,
    5.028269169970256,
    1.9786425817303541,
    0.22412107197976694,
    0.1311868004137423
  ],
  "val_acc": [
    0.40428134556574924,
    0.5437308868501529,
    0.6581039755351682,
    0.7250764525993884,
    0.7574923547400612
  ],
  "val_acc_true": [
    0.04279390063944909,
    0.29906542056074764,
    0.5627151992129857,
    0.9645843580914905,
    0.9178553861288736
  ],
  "val_acc_false": [
    0.9983831851253031,
    0.9458367016976557,
    0.814874696847211,
    0.3314470493128537,
    0.4939369442198868
  ],
  "prompt_ppl_ppx": [
    22630.996395704475,
    22630.996395704475,
    22630.996395704475,
    22630.996395704475,
    22630.996395704475
  ]
}