{
  "lambda_ppl": 1.0,
  "train_joint": [
    24.941137858187215,
    24.92109289276466,
    24.989877096454748,
    24.929746863547336,
    24.90421905946196
  ],
  "train_task": [
    15.851671733213275,
    15.831626817081752,
    15.900410992911693,
    15.840280762147367,
    15.81475298377905
  ],
  "train_ppl_loss": [
    9.089466094970703,
    9.089466094970703,
    9.089466094970703,
    9.089466094970703,
    9.089466094970703
  ],
  "train_ppl_ppx": [
    8861.453614382564,
    8861.453614382564,
    8861.453614382564,
    8861.453614382564,
    8861.453614382564
  ],
  "val_loss": [
    0.1515842244029045,
    0.15171274106676985,
    0.18906074831398523,
    0.15233435481786728,
    0.15671902208066568
  ],
  "val_acc": [
    0.6889908256880733,
    0.6737003058103975,
    0.6345565749235474,
    0.710703363914373,
    0.6492354740061163
  ],
  "val_acc_true": [
    0.9877029021151008,
    0.9906542056074766,
    0.999508116084604,
    0.9104771273979341,
    0.9970486965076242
  ],
  "val_acc_false": [
    0.19805982215036377,
    0.15278900565885206,
    0.034761519805982216,
    0.38237671786580435,
    0.07760711398544867
  ],
  "prompt_ppl_ppx": [
    8861.453614382624,
    8861.453614382624,
    8861.453614382624,
    8861.453614382624,
    8861.453614382624
  ]
}