{
  "lambda_ppl": 0.0,
  "train_joint": [
    16.062837564275505,
    16.07112510552567,
    16.08404310847936,
    16.062709647617982,
    16.14084675821026
  ],
  "train_task": [
    16.062837564275505,
    16.07112510552567,
    16.08404310847936,
    16.062709647617982,
    16.14084675821026
  ],
  "train_ppl_loss": [
    0.0,
    0.0,
    0.0,
    0.0,
    0.0
  ],
  "train_ppl_ppx": [
    0.0,
    0.0,
    0.0,
    0.0,
    0.0
  ],
  "val_loss": [
    0.1727666742191082,
    0.1675385337777254,
    0.17748745112884334,
    0.16749327488061858,
    0.1661345059551844
  ],
  "val_acc": [
    0.6220183486238532,
    0.6195718654434251,
    0.6217125382262997,
    0.6223241590214067,
    0.6217125382262997
  ],
  "val_acc_true": [
    1.0,
    0.9660600098376783,
    1.0,
    0.9955730447614363,
    1.0
  ],
  "val_acc_false": [
    0.0008084074373484236,
    0.050121261115602264,
    0.0,
    0.00889248181083266,
    0.0
  ],
  "prompt_ppl_ppx": [
    0.0,
    0.0,
    0.0,
    0.0,
    0.0
  ]
}