{
  "lambda_ppl": 1.0,
  "train_joint": [
    26.383870607011772,
    26.47175482846378,
    26.416669506973093,
    26.544433053691737,
    26.456919899415436
  ],
  "train_task": [
    17.645402436845757,
    17.733286660440854,
    17.678201336807078,
    17.80596488352572,
    17.71845172924942
  ],
  "train_ppl_loss": [
    8.738468170166016,
    8.738468170166016,
    8.738468170166016,
    8.738468170166016,
    8.738468170166016
  ],
  "train_ppl_ppx": [
    6238.3323258151795,
    6238.3323258151795,
    6238.3323258151795,
    6238.3323258151795,
    6238.3323258151795
  ],
  "val_loss": [
    0.18499715815230114,
    0.16464411172924973,
    0.1630085545342143,
    0.16171622966847768,
    0.16686995167557786
  ],
  "val_acc": [
    0.46452599388379207,
    0.6195718654434251,
    0.6324159021406728,
    0.6865443425076453,
    0.6425076452599389
  ],
  "val_acc_true": [
    0.18298081652729956,
    0.6055090998524348,
    0.5676340383669454,
    0.897688145597639,
    0.6876537137235612
  ],
  "val_acc_false": [
    0.9272433306386418,
    0.6426839126919968,
    0.7388843977364592,
    0.3395311236863379,
    0.5683104284559418
  ],
  "prompt_ppl_ppx": [
    6238.332325815108,
    6238.332325815108,
    6238.332325815108,
    6238.332325815108,
    6238.332325815108
  ]
}