{
  "lambda_ppl": 0.0,
  "train_joint": [
    16.560653403635776,
    16.542453148659696,
    16.562724790680274,
    16.53227874455827,
    16.615716211983326
  ],
  "train_task": [
    16.560653403635776,
    16.542453148659696,
    16.562724790680274,
    16.53227874455827,
    16.615716211983326
  ],
  "train_ppl_loss": [
    0.0,
    0.0,
    0.0,
    0.0,
    0.0
  ],
  "train_ppl_ppx": [
    0.0,
    0.0,
    0.0,
    0.0,
    0.0
  ],
  "val_loss": [
    0.1976637317821747,
    0.22459258124595735,
    0.16272304821305159,
    0.16837773875492376,
    0.18008466043123386
  ],
  "val_acc": [
    0.6507645259938838,
    0.41529051987767585,
    0.645565749235474,
    0.634862385321101,
    0.6266055045871559
  ],
  "val_acc_true": [
    0.9970486965076242,
    0.07181505164781112,
    0.9975405804230202,
    1.0,
    1.0
  ],
  "val_acc_false": [
    0.08164915117219078,
    0.9797898140662894,
    0.06709781729991916,
    0.034761519805982216,
    0.012934518997574777
  ],
  "prompt_ppl_ppx": [
    0.0,
    0.0,
    0.0,
    0.0,
    0.0
  ]
}