{
  "lambda_ppl": 0.5,
  "train_joint": [
    21.714712725864366,
    21.67660270862365,
    21.698752889740334,
    21.719296101773722,
    21.727504177307814
  ],
  "train_task": [
    17.51487598847807,
    17.47676597766662,
    17.498916152354038,
    17.519459364387426,
    17.527667442064608
  ],
  "train_ppl_loss": [
    8.399674415588379,
    8.399674415588379,
    8.399674415588379,
    8.399674415588379,
    8.399674415588379
  ],
  "train_ppl_ppx": [
    4445.619087769887,
    4445.619087769887,
    4445.619087769887,
    4445.619087769887,
    4445.619087769887
  ],
  "val_loss": [
    0.3119671094708326,
    0.17310734656525822,
    0.17910089943467117,
    0.1659088267058861,
    0.1652033543077911
  ],
  "val_acc": [
    0.3782874617737003,
    0.6223241590214067,
    0.6220183486238532,
    0.6226299694189602,
    0.6223241590214067
  ],
  "val_acc_true": [
    0.0,
    1.0,
    1.0,
    1.0,
    1.0
  ],
  "val_acc_false": [
    1.0,
    0.0016168148746968471,
    0.0008084074373484236,
    0.002425222312045271,
    0.0016168148746968471
  ],
  "prompt_ppl_ppx": [
    4445.619087769908,
    4445.619087769908,
    4445.619087769908,
    4445.619087769908,
    4445.619087769908
  ]
}