{
  "lambda_ppl": 0.0,
  "train_joint": [
    16.849906394186984,
    16.81302847915821,
    16.886621025171173,
    16.873678511716008,
    16.816162357973248
  ],
  "train_task": [
    16.849906394186984,
    16.81302847915821,
    16.886621025171173,
    16.873678511716008,
    16.816162357973248
  ],
  "train_ppl_loss": [
    0.0,
    0.0,
    0.0,
    0.0,
    0.0
  ],
  "train_ppl_ppx": [
    0.0,
    0.0,
    0.0,
    0.0,
    0.0
  ],
  "val_loss": [
    0.1585720518013326,
    0.16066041588783264,
    0.1689491414442295,
    0.17754752192555404,
    0.1663059529007935
  ],
  "val_acc": [
    0.653211009174312,
    0.6577981651376147,
    0.6226299694189602,
    0.6217125382262997,
    0.6223241590214067
  ],
  "val_acc_true": [
    0.9542547958681751,
    0.9011313330054107,
    1.0,
    1.0,
    1.0
  ],
  "val_acc_false": [
    0.15844785772029102,
    0.25788197251414713,
    0.002425222312045271,
    0.0,
    0.0016168148746968471
  ],
  "prompt_ppl_ppx": [
    0.0,
    0.0,
    0.0,
    0.0,
    0.0
  ]
}