{
  "lambda_ppl": 1000.0,
  "train_joint": [
    9253.82557715941,
    9253.76812017205,
    9253.729353932584,
    9225.672324877107,
    9081.009247717697,
    9080.965844452247,
    9081.036424683989,
    9080.990148788624,
    9080.982476738061,
    9080.977080407303
  ],
  "train_task": [
    16.957415379299206,
    16.89996595275536,
    16.861184870259144,
    16.88738844796513,
    16.896963991743796,
    16.85353866105669,
    16.924126250020574,
    16.877828347281124,
    16.870145043362392,
    16.864757047074566
  ],
  "train_ppl_loss": [
    9.236867904663086,
    9.236867904663086,
    9.236867904663086,
    9.208784791324916,
    9.064112663269043,
    9.064112663269043,
    9.064112663269043,
    9.064112663269043,
    9.064112663269043,
    9.064112663269043
  ],
  "train_ppl_ppx": [
    10268.825197073658,
    10268.825197073658,
    10268.825197073658,
    10003.619192676953,
    8639.609493534106,
    8639.609493534106,
    8639.609493534106,
    8639.609493534106,
    8639.609493534106,
    8639.609493534106
  ],
  "val_loss": [
    0.20203755319845385,
    0.1863314193196413,
    0.17797767127432473,
    0.18913896919750586,
    0.20177860278181914,
    0.1935854889634179,
    0.16948390105148642,
    0.16743651555805672,
    0.16854279103075587,
    0.1697995942903728
  ],
  "val_acc": [
    0.6217125382262997,
    0.6217125382262997,
    0.47217125382263,
    0.5837920489296636,
    0.6217125382262997,
    0.6217125382262997,
    0.6217125382262997,
    0.6217125382262997,
    0.6217125382262997,
    0.6217125382262997
  ],
  "val_acc_true": [
    1.0,
    1.0,
    0.4353172651254304,
    0.8524348253812101,
    1.0,
    1.0,
    1.0,
    1.0,
    1.0,
    1.0
  ],
  "val_acc_false": [
    0.0,
    0.0,
    0.5327405012126112,
    0.14227970897332257,
    0.0,
    0.0,
    0.0,
    0.0,
    0.0,
    0.0
  ],
  "prompt_ppl_ppx": [
    10268.825197073736,
    10268.825197073736,
    10268.825197073736,
    8639.60949353416,
    8639.60949353416,
    8639.60949353416,
    8639.60949353416,
    8639.60949353416,
    8639.60949353416,
    8639.60949353416
  ]
}