{
  "train_joint": [
    4.058073001698162,
    0.4806760320837578,
    0.30514057657022153,
    0.2560251946362217,
    0.22910269323024857,
    0.21354770781786253,
    0.20489379557665816,
    0.2039191798045394,
    0.19658152029085696,
    0.19367887907232462
  ],
  "train_task": [
    4.058073001698162,
    0.4806760320837578,
    0.30514057657022153,
    0.2560251946362217,
    0.22910269323024857,
    0.21354770781786253,
    0.20489379557665816,
    0.2039191798045394,
    0.19658152029085696,
    0.19367887907232462
  ],
  "val_loss": [
    0.15389887370714328,
    0.1447291480695329,
    0.16008169651031495,
    0.13622408669169356,
    0.12384633836222858,
    0.12110250183358424,
    0.11814365032606008,
    0.12652155438937793,
    0.13370531808312347,
    0.11785516071973777
  ],
  "val_acc": [
    0.6844036697247706,
    0.709480122324159,
    0.6308868501529052,
    0.7351681957186544,
    0.7795107033639144,
    0.7785932721712538,
    0.7935779816513762,
    0.7844036697247706,
    0.7516819571865443,
    0.7853211009174312
  ],
  "val_acc_true": [
    0.8057058534185932,
    0.8996556812592228,
    0.47712739793408754,
    0.9340875553369404,
    0.8460403344810624,
    0.897688145597639,
    0.8696507624200689,
    0.7899655681259223,
    0.8283325135268077,
    0.8735858337432366
  ],
  "val_acc_false": [
    0.4850444624090542,
    0.396928051738076,
    0.883589329021827,
    0.4082457558609539,
    0.6701697655618432,
    0.5828617623282134,
    0.6685529506871464,
    0.7752627324171383,
    0.6257073565076798,
    0.6402586903799515
  ],
  "prompt_norm": [
    6.675248146057129,
    8.095138549804688,
    9.290879249572754,
    10.296689987182617,
    11.120495796203613,
    11.83080768585205,
    12.474628448486328,
    13.176380157470703,
    13.747062683105469,
    14.292835235595703
  ]
}