{
  "train_joint": [
    14.024305568652206,
    11.304060691662048,
    10.03066999028238,
    8.125801815075821,
    5.671229365166654,
    4.202265806948201,
    3.189354273174586,
    2.5055077393403216,
    2.0273623514711185,
    1.6776387020443262
  ],
  "train_task": [
    14.024305568652206,
    11.304060691662048,
    10.03066999028238,
    8.125801815075821,
    5.671229365166654,
    4.202265806948201,
    3.189354273174586,
    2.5055077393403216,
    2.0273623514711185,
    1.6776387020443262
  ],
  "val_loss": [
    11.804008432713951,
    9.887218787030475,
    8.021691012964016,
    5.366610682882913,
    0.9690678279574324,
    0.573599866105289,
    0.36190152902428696,
    0.238263191137372,
    0.19328379412976707,
    0.1831643065119662
  ],
  "val_acc": [
    0.4908256880733945,
    0.3837920489296636,
    0.40948012232415903,
    0.6862385321100918,
    0.6587155963302752,
    0.65565749235474,
    0.6529051987767585,
    0.6660550458715596,
    0.6825688073394496,
    0.6788990825688074
  ],
  "val_acc_true": [
    0.20954254795868174,
    0.009837678307919331,
    0.05705853418593212,
    0.9493359567142154,
    0.9931136251844564,
    0.9955730447614363,
    0.9950811608460404,
    0.9921298573536645,
    0.9601574028529267,
    0.9719626168224299
  ],
  "val_acc_false": [
    0.9531123686337915,
    0.9983831851253031,
    0.9886822958771221,
    0.253839935327405,
    0.10913500404203719,
    0.09700889248181083,
    0.09054163298302344,
    0.1301535974130962,
    0.22635408245755861,
    0.19725141471301536
  ],
  "prompt_norm": [
    2.8850760459899902,
    2.8980603218078613,
    2.90963077545166,
    2.9248149394989014,
    2.937955379486084,
    2.951218366622925,
    2.9640419483184814,
    2.977266550064087,
    2.9914629459381104,
    3.0066025257110596
  ]
}