{
  "train_joint": [
    16.019725983866145,
    13.472731071643615,
    12.286473512113764,
    11.378683998879422,
    10.424854700752858,
    9.847674976306015,
    9.398227920960844,
    8.94543936868732,
    8.589080260844712,
    8.298124830910329
  ],
  "train_task": [
    16.019725983866145,
    13.472731071643615,
    12.286473512113764,
    11.378683998879422,
    10.424854700752858,
    9.847674976306015,
    9.398227920960844,
    8.94543936868732,
    8.589080260844712,
    8.298124830910329
  ],
  "val_loss": [
    14.334699342308975,
    12.176767372503512,
    11.18544043564215,
    9.843953048892137,
    9.005239751862316,
    8.517792771502238,
    7.604032467632759,
    6.626251946426019,
    6.018282618173739,
    5.489557242975002
  ],
  "val_acc": [
    0.517125382262997,
    0.42415902140672784,
    0.41192660550458715,
    0.4584097859327217,
    0.4235474006116208,
    0.41467889908256883,
    0.40825688073394495,
    0.40519877675840976,
    0.42232415902140674,
    0.41406727828746176
  ],
  "val_acc_true": [
    0.24249877029021152,
    0.07919331037875062,
    0.06000983767830792,
    0.14067879980324643,
    0.07919331037875062,
    0.06394490900147565,
    0.055090998524348254,
    0.04869650762420069,
    0.08066896212493851,
    0.06492867683226758
  ],
  "val_acc_false": [
    0.9684721099434115,
    0.9911075181891673,
    0.9902991107518189,
    0.9805982215036378,
    0.9894907033144705,
    0.9911075181891673,
    0.9886822958771221,
    0.9911075181891673,
    0.9838318512530315,
    0.9878738884397736
  ],
  "prompt_norm": [
    1.4414533376693726,
    1.4489319324493408,
    1.4528886079788208,
    1.4578381776809692,
    1.467648983001709,
    1.4761762619018555,
    1.4850534200668335,
    1.4916603565216064,
    1.4976413249969482,
    1.5033869743347168
  ]
}