{
  "train_joint": [
    5.369630895571762,
    1.1106405783905071,
    0.7460760412591227,
    0.5919159461942951,
    0.4992378537574511,
    0.4665998090853852,
    0.44062423384591437,
    0.4138610548517677,
    0.3896833246678449,
    0.37514474574434625
  ],
  "train_task": [
    5.369630895571762,
    1.1106405783905071,
    0.7460760412591227,
    0.5919159461942951,
    0.4992378537574511,
    0.4665998090853852,
    0.44062423384591437,
    0.4138610548517677,
    0.3896833246678449,
    0.37514474574434625
  ],
  "val_loss": [
    0.19738991549465715,
    0.17748176375540292,
    0.19043150868539402,
    0.17073004582397094,
    0.15401287911141792,
    0.14368810980785185,
    0.14534515320527844,
    0.1428103770788123,
    0.14896303884139875,
    0.14321148577259807
  ],
  "val_acc": [
    0.6831804281345566,
    0.5981651376146789,
    0.6743119266055045,
    0.6804281345565749,
    0.6807339449541284,
    0.7207951070336391,
    0.7110091743119266,
    0.717737003058104,
    0.692354740061162,
    0.7048929663608563
  ],
  "val_acc_true": [
    0.9739301524840138,
    0.5017215937038859,
    0.9886866699458927,
    0.9818002951303493,
    0.9783571077225774,
    0.7983275946876537,
    0.7747171667486473,
    0.8863748155435317,
    0.6955238563698967,
    0.9473684210526315
  ],
  "val_acc_false": [
    0.2053354890864996,
    0.7566693613581245,
    0.1576394502829426,
    0.185125303152789,
    0.1915925626515764,
    0.5933710590137429,
    0.6063055780113177,
    0.44058205335489087,
    0.6871463217461601,
    0.30638641875505257
  ],
  "prompt_norm": [
    4.2545270919799805,
    5.175304889678955,
    5.933094501495361,
    6.606128215789795,
    7.200449466705322,
    7.770902633666992,
    8.28601360321045,
    8.766194343566895,
    9.216035842895508,
    9.644408226013184
  ]
}