{
  "train_joint": [
    15.494847471258613,
    13.960853394497647,
    12.674784287441982,
    11.518572505136554,
    10.258171407292398,
    8.415431408399947,
    6.78705340288998,
    5.508185381835766,
    4.479501940695088,
    3.715553111172794
  ],
  "train_task": [
    15.494847471258613,
    13.960853394497647,
    12.674784287441982,
    11.518572505136554,
    10.258171407292398,
    8.415431408399947,
    6.78705340288998,
    5.508185381835766,
    4.479501940695088,
    3.715553111172794
  ],
  "val_loss": [
    16.654142272763135,
    14.622791839227444,
    12.037804636141148,
    10.160822221709461,
    8.075891252843345,
    5.249417130540057,
    3.177361287140265,
    1.1382110932978189,
    0.744665496233033,
    0.6117743550277338
  ],
  "val_acc": [
    0.7388379204892966,
    0.6321100917431193,
    0.472782874617737,
    0.40519877675840976,
    0.4559633027522936,
    0.5244648318042814,
    0.7122324159021407,
    0.7030581039755351,
    0.689908256880734,
    0.6926605504587156
  ],
  "val_acc_true": [
    0.661583866207575,
    0.4574520413182489,
    0.16822429906542055,
    0.04771273979340875,
    0.14658140678799803,
    0.28726020659124446,
    0.8165272995573045,
    0.9493359567142154,
    0.9542547958681751,
    0.9532710280373832
  ],
  "val_acc_false": [
    0.8658043654001617,
    0.9191592562651576,
    0.973322554567502,
    0.9927243330638642,
    0.9644300727566694,
    0.9143088116410671,
    0.5408245755860954,
    0.29830234438156833,
    0.25545675020210185,
    0.26434923201293453
  ],
  "prompt_norm": [
    2.0439794063568115,
    2.0508880615234375,
    2.0559113025665283,
    2.0597128868103027,
    2.065739154815674,
    2.074009656906128,
    2.081650733947754,
    2.0910704135894775,
    2.098264455795288,
    2.1076834201812744
  ]
}