{
  "train_joint": [
    2.962602501772763,
    0.3337455306830031,
    0.27389427105362496,
    0.2538575840130281,
    0.25754658151208687,
    0.24276349152741808,
    0.23398881922946888,
    0.230689388111736,
    0.22037757186407453,
    0.22053186568651306
  ],
  "train_task": [
    2.962602501772763,
    0.3337455306830031,
    0.27389427105362496,
    0.2538575840130281,
    0.25754658151208687,
    0.24276349152741808,
    0.23398881922946888,
    0.230689388111736,
    0.22037757186407453,
    0.22053186568651306
  ],
  "val_loss": [
    0.1706034044666988,
    0.18192078304000017,
    0.166732812000484,
    0.17950178690072965,
    0.21493642897140688,
    0.16487137966039705,
    0.16879893250581696,
    0.2172548259903745,
    0.18628299418019084,
    0.18006838778170145
  ],
  "val_acc": [
    0.5712538226299694,
    0.4596330275229358,
    0.6244648318042814,
    0.44770642201834865,
    0.37920489296636084,
    0.6241590214067279,
    0.6155963302752293,
    0.3782874617737003,
    0.3853211009174312,
    0.41559633027522935
  ],
  "val_acc_true": [
    0.5430398425971471,
    0.2705361534677816,
    0.985243482538121,
    0.17461878996556812,
    0.001967535661583866,
    0.9921298573536645,
    0.8509591736350222,
    0.0,
    0.029021151008362025,
    0.13182488932611905
  ],
  "val_acc_false": [
    0.6176232821341956,
    0.7704122877930477,
    0.03152789005658852,
    0.8965238480194018,
    0.9991915925626516,
    0.019401778496362168,
    0.22877930476960387,
    1.0,
    0.9708973322554567,
    0.8819725141471302
  ],
  "prompt_norm": [
    9.404691696166992,
    11.461466789245605,
    13.166459083557129,
    14.684417724609375,
    16.093711853027344,
    17.28789520263672,
    18.428146362304688,
    19.441200256347656,
    20.37655258178711,
    21.2410888671875
  ]
}