{
  "train_joint": [
    3.708140461163574,
    0.48029817302575273,
    0.3449249693516935,
    0.30084315896703956,
    0.2758172502678432,
    0.2701563274759925,
    0.24961322599582458,
    0.2531191045313739,
    0.24087948417395688,
    0.23363054356213367
  ],
  "train_task": [
    3.708140461163574,
    0.48029817302575273,
    0.3449249693516935,
    0.30084315896703956,
    0.2758172502678432,
    0.2701563274759925,
    0.24961322599582458,
    0.2531191045313739,
    0.24087948417395688,
    0.23363054356213367
  ],
  "val_loss": [
    0.1562632333941576,
    0.1653213406844837,
    0.17291210424609302,
    0.1987331806886487,
    0.20631504153333058,
    0.19002629678423813,
    0.1685908217982548,
    0.17257530420291714,
    0.16746376483905606,
    0.1667901527590868
  ],
  "val_acc": [
    0.6657492354740061,
    0.6226299694189602,
    0.5382262996941896,
    0.3785932721712538,
    0.38073394495412843,
    0.38501529051987765,
    0.6110091743119266,
    0.5507645259938838,
    0.617737003058104,
    0.6262996941896024
  ],
  "val_acc_true": [
    0.8711264141662568,
    0.9842597147073291,
    0.40826364977865226,
    0.0004918839153959665,
    0.012297097884899164,
    0.02115100836202656,
    0.8706345302508608,
    0.5415641908509592,
    0.9527791441219872,
    0.9926217412690606
  ],
  "val_acc_false": [
    0.32821341956346,
    0.028294260307194827,
    0.751818916734034,
    1.0,
    0.9862570735650767,
    0.9830234438156831,
    0.18431689571544058,
    0.5658852061438965,
    0.06709781729991916,
    0.024252223120452707
  ],
  "prompt_norm": [
    6.699347496032715,
    8.112302780151367,
    9.355426788330078,
    10.40524673461914,
    11.409613609313965,
    12.32032299041748,
    13.125016212463379,
    13.887288093566895,
    14.566753387451172,
    15.182404518127441
  ]
}