{
  "train_joint": [
    15.511805054311003,
    13.19661326890581,
    11.023007515039337,
    9.071861699993692,
    7.301258390405205,
    5.454715480697289,
    4.272364762124051,
    3.6462820315628908,
    3.1998169347141565,
    2.976462037375804
  ],
  "train_task": [
    15.511805054311003,
    13.19661326890581,
    11.023007515039337,
    9.071861699993692,
    7.301258390405205,
    5.454715480697289,
    4.272364762124051,
    3.6462820315628908,
    3.1998169347141565,
    2.976462037375804
  ],
  "val_loss": [
    16.500744977811486,
    12.0529912855567,
    8.899062807967024,
    6.370688166269442,
    3.2240192227247286,
    1.1469868273269839,
    0.8657677667896923,
    0.7502494220326587,
    0.6798487272204422,
    0.538522318150939
  ],
  "val_acc": [
    0.7171253822629969,
    0.4920489296636086,
    0.39602446483180426,
    0.5211009174311927,
    0.5397553516819572,
    0.5663608562691131,
    0.6847094801223241,
    0.7226299694189603,
    0.7140672782874617,
    0.7162079510703364
  ],
  "val_acc_true": [
    0.617314313821938,
    0.20609936055091,
    0.03246433841613379,
    0.2690605017215937,
    0.3280865715691097,
    0.3851451057550418,
    0.6586325627151992,
    0.8032464338416134,
    0.8283325135268077,
    0.8730939498278406
  ],
  "val_acc_false": [
    0.8811641067097817,
    0.9620048504446241,
    0.9935327405012127,
    0.9353274050121261,
    0.8876313662085691,
    0.8641875505254648,
    0.7275666936135813,
    0.5901374292643492,
    0.5262732417138237,
    0.4583670169765562
  ],
  "prompt_norm": [
    2.0409436225891113,
    2.0430245399475098,
    2.0478906631469727,
    2.0558650493621826,
    2.0679659843444824,
    2.0796778202056885,
    2.0906660556793213,
    2.1014480590820312,
    2.112825870513916,
    2.1234915256500244
  ]
}