{
  "train_joint": [
    13.906784901993998,
    12.934810895598337,
    12.75325229730499,
    12.6481316341443,
    12.31975678861811,
    12.157727260803908,
    12.11386691318469,
    12.044063788853334,
    12.061688963215003,
    11.95571389144726
  ],
  "train_task": [
    13.906784901993998,
    12.934810895598337,
    12.75325229730499,
    12.6481316341443,
    12.31975678861811,
    12.157727260803908,
    12.11386691318469,
    12.044063788853334,
    12.061688963215003,
    11.95571389144726
  ],
  "val_loss": [
    13.148075415448444,
    12.826547557551686,
    12.50728613225425,
    11.81225244940781,
    11.756293994624441,
    11.687613961754776,
    11.641786235716285,
    11.588352370843655,
    11.567274493705936,
    11.52616282672417
  ],
  "val_acc": [
    0.5403669724770642,
    0.5128440366972477,
    0.4489296636085627,
    0.44036697247706424,
    0.445565749235474,
    0.45504587155963305,
    0.4651376146788991,
    0.4636085626911315,
    0.4785932721712538,
    0.4840978593272171
  ],
  "val_acc_true": [
    0.29168716182980814,
    0.23856369896704377,
    0.13477619281849484,
    0.13477619281849484,
    0.15100836202656173,
    0.17166748647319233,
    0.18789965568125921,
    0.190850959173635,
    0.2115100836202656,
    0.22725036891293654
  ],
  "val_acc_false": [
    0.9490703314470493,
    0.9636216653193209,
    0.9652384801940178,
    0.9426030719482619,
    0.9296685529506872,
    0.9207760711398545,
    0.9207760711398545,
    0.9118835893290218,
    0.9175424413904608,
    0.9062247372675829
  ],
  "prompt_norm": [
    0.6353800296783447,
    0.6359336972236633,
    0.6374996900558472,
    0.6404702067375183,
    0.6442690491676331,
    0.6484431028366089,
    0.6514388918876648,
    0.6537975668907166,
    0.6564812660217285,
    0.6589515805244446
  ]
}