{
  "train_joint": [
    11.748335628295212,
    9.849814648574657,
    8.01640428157335,
    5.714658631099744,
    3.780779688545827,
    2.2013213321064296,
    1.2133276925997787,
    0.8345970007475843,
    0.6524049134401793,
    0.5488531494743368
  ],
  "train_task": [
    11.748335628295212,
    9.849814648574657,
    8.01640428157335,
    5.714658631099744,
    3.780779688545827,
    2.2013213321064296,
    1.2133276925997787,
    0.8345970007475843,
    0.6524049134401793,
    0.5488531494743368
  ],
  "val_loss": [
    9.771950391443765,
    8.123560575159585,
    4.57149233934356,
    1.0553513997938575,
    0.37383653739603556,
    0.22976496532195953,
    0.21966050056422629,
    0.21244105827517626,
    0.20042972648289145,
    0.1716467031981887
  ],
  "val_acc": [
    0.39694189602446484,
    0.3871559633027523,
    0.38837920489296635,
    0.38287461773700304,
    0.39908256880733944,
    0.6223241590214067,
    0.6217125382262997,
    0.6220183486238532,
    0.6220183486238532,
    0.6244648318042814
  ],
  "val_acc_true": [
    0.03590752582390556,
    0.02016724053123463,
    0.026069847515986226,
    0.013772749631087064,
    0.06148548942449582,
    1.0,
    1.0,
    1.0,
    0.999508116084604,
    0.999508116084604
  ],
  "val_acc_false": [
    0.9902991107518189,
    0.9902991107518189,
    0.9838318512530315,
    0.9894907033144705,
    0.9539207760711399,
    0.0016168148746968471,
    0.0,
    0.0008084074373484236,
    0.0016168148746968471,
    0.008084074373484237
  ],
  "prompt_norm": [
    4.578192710876465,
    4.59886360168457,
    4.61991548538208,
    4.641687393188477,
    4.662708759307861,
    4.6842122077941895,
    4.706302642822266,
    4.727659702301025,
    4.748524188995361,
    4.76990270614624
  ]
}