{
  "train_joint": [
    1.4402884642729599,
    0.2842375728856312,
    0.2594310468167401,
    0.24769881094774504,
    0.23570950002817626,
    0.24258040859458152,
    0.22580390994468433,
    0.22677236959505617,
    0.2217067556937089,
    0.22507178401679134
  ],
  "train_task": [
    1.4402884642729599,
    0.2842375728856312,
    0.2594310468167401,
    0.24769881094774504,
    0.23570950002817626,
    0.24258040859458152,
    0.22580390994468433,
    0.22677236959505617,
    0.2217067556937089,
    0.22507178401679134
  ],
  "val_loss": [
    0.16953802464938744,
    0.14697632724192083,
    0.16776283041733067,
    0.19153027105622175,
    0.15738913576777389,
    0.18045371167543459,
    0.1961929011635664,
    0.14910052316944775,
    0.1606201577113896,
    0.16092326364866116
  ],
  "val_acc": [
    0.5611620795107034,
    0.7244648318042813,
    0.5853211009174312,
    0.38470948012232414,
    0.6504587155963303,
    0.4666666666666667,
    0.41957186544342506,
    0.6892966360856269,
    0.6412844036697247,
    0.6342507645259939
  ],
  "val_acc_true": [
    0.37629119527791444,
    0.7830791933103788,
    0.441219872110182,
    0.012297097884899164,
    0.9778652238071815,
    0.1824889326119036,
    0.07181505164781112,
    0.9576979832759469,
    0.5312346286276439,
    0.5415641908509592
  ],
  "val_acc_false": [
    0.8649959579628133,
    0.6281325788197252,
    0.8221503637833468,
    0.9967663702506063,
    0.11236863379143087,
    0.9337105901374293,
    0.9911075181891673,
    0.24818108326596605,
    0.8221503637833468,
    0.7865804365400162
  ],
  "prompt_norm": [
    60.765663146972656,
    73.0922622680664,
    80.62959289550781,
    87.07222747802734,
    93.5701675415039,
    103.2762680053711,
    107.7195816040039,
    112.46522521972656,
    117.25051879882812,
    124.98770904541016
  ]
}