{
  "train_joint": [
    11.316095752930373,
    7.964786277728134,
    3.335924383227745,
    1.0599679291918036,
    0.5768251169263647,
    0.41545879372050254,
    0.3603921493787444,
    0.3213577223627755,
    0.28882497167319393,
    0.27453852613990226
  ],
  "train_task": [
    11.316095752930373,
    7.964786277728134,
    3.335924383227745,
    1.0599679291918036,
    0.5768251169263647,
    0.41545879372050254,
    0.3603921493787444,
    0.3213577223627755,
    0.28882497167319393,
    0.27453852613990226
  ],
  "val_loss": [
    9.140646059920147,
    1.7563822635790196,
    0.23449585706722445,
    0.24586750472464214,
    0.19942260762540306,
    0.18696645585502067,
    0.19843575961706114,
    0.17686814484072894,
    0.1827719032764435,
    0.182596660968734
  ],
  "val_acc": [
    0.3801223241590214,
    0.5706422018348624,
    0.41345565749235474,
    0.38654434250764524,
    0.41162079510703364,
    0.44984709480122326,
    0.40305810397553515,
    0.5024464831804282,
    0.44403669724770645,
    0.42935779816513764
  ],
  "val_acc_true": [
    0.010821446138711265,
    0.47614363010329563,
    0.08755533694048205,
    0.019183472700442697,
    0.09099852434825381,
    0.22725036891293654,
    0.07525823905558288,
    0.4028529267092966,
    0.2523364485981308,
    0.18986719134284308
  ],
  "val_acc_false": [
    0.9870654810024252,
    0.7259498787388844,
    0.9490703314470493,
    0.9902991107518189,
    0.9385610347615198,
    0.8156831042845594,
    0.9417946645109135,
    0.666127728375101,
    0.7590945836701698,
    0.8229587712206953
  ],
  "prompt_norm": [
    6.469358921051025,
    6.501091003417969,
    6.532406330108643,
    6.561566352844238,
    6.590342044830322,
    6.620684623718262,
    6.650118350982666,
    6.680260181427002,
    6.71087121963501,
    6.740907669067383
  ]
}