{
  "train_joint": [
    3.2517450956481224,
    0.32465631245227344,
    0.2728791961006904,
    0.25026879402693736,
    0.22047528934277846,
    0.20529821958769573,
    0.19299930353345496,
    0.18457634497559472,
    0.19707064865512794,
    0.18149502473265938
  ],
  "train_task": [
    3.2517450956481224,
    0.32465631245227344,
    0.2728791961006904,
    0.25026879402693736,
    0.22047528934277846,
    0.20529821958769573,
    0.19299930353345496,
    0.18457634497559472,
    0.19707064865512794,
    0.18149502473265938
  ],
  "val_loss": [
    0.1997262590542072,
    0.17185868657216793,
    0.1492837105945843,
    0.12542947912361563,
    0.12447250614442476,
    0.13002666158647072,
    0.12354879748167061,
    0.13204057211192644,
    0.14618793106297168,
    0.11724321734977931
  ],
  "val_acc": [
    0.40764525993883793,
    0.537308868501529,
    0.7238532110091743,
    0.7847094801223241,
    0.7853211009174312,
    0.7785932721712538,
    0.7944954128440367,
    0.7810397553516819,
    0.7357798165137615,
    0.8051987767584098
  ],
  "val_acc_true": [
    0.06394490900147565,
    0.46876537137235613,
    0.8627643876045253,
    0.8622725036891293,
    0.8716182980816527,
    0.7811116576487949,
    0.809640924741761,
    0.7550418101328087,
    0.6546974913920315,
    0.8303000491883915
  ],
  "val_acc_false": [
    0.9725141471301536,
    0.6499595796281326,
    0.49555375909458366,
    0.6572352465642683,
    0.6434923201293452,
    0.7744543249797898,
    0.7696038803556993,
    0.8237671786580436,
    0.8690379951495554,
    0.7639450282942603
  ],
  "prompt_norm": [
    9.446676254272461,
    11.45771598815918,
    13.138282775878906,
    14.533858299255371,
    15.705172538757324,
    16.714998245239258,
    17.57781219482422,
    18.38971519470215,
    19.327552795410156,
    20.201169967651367
  ]
}