{
  "train_joint": [
    1.6284903799549917,
    0.3300026870510551,
    0.28527748072415254,
    0.2810112283805783,
    0.26853294747599055,
    0.25852465736732055,
    0.23612118065357207,
    0.23482632767618372,
    0.22556853257538229,
    0.22412899344992102
  ],
  "train_task": [
    1.6284903799549917,
    0.3300026870510551,
    0.28527748072415254,
    0.2810112283805783,
    0.26853294747599055,
    0.25852465736732055,
    0.23612118065357207,
    0.23482632767618372,
    0.22556853257538229,
    0.22412899344992102
  ],
  "val_loss": [
    0.18140790502472623,
    0.1467933056558051,
    0.15867782685814835,
    0.13994681355429858,
    0.13807379348975857,
    0.13027042146863008,
    0.12476924334357424,
    0.1311211504587313,
    0.11994881475480591,
    0.1274155075411971
  ],
  "val_acc": [
    0.5266055045871559,
    0.7143730886850153,
    0.6278287461773701,
    0.7211009174311926,
    0.717737003058104,
    0.763302752293578,
    0.7681957186544343,
    0.7605504587155963,
    0.7767584097859327,
    0.7642201834862385
  ],
  "val_acc_true": [
    0.3605509099852435,
    0.8283325135268077,
    0.49581898671913427,
    0.9286768322675848,
    0.9498278406296115,
    0.8922774225282833,
    0.9153959665518937,
    0.7761928184948352,
    0.8962124938514511,
    0.8519429414658141
  ],
  "val_acc_false": [
    0.799514955537591,
    0.5270816491511722,
    0.8447857720291027,
    0.3799514955537591,
    0.33629749393694425,
    0.5513338722716249,
    0.5262732417138237,
    0.7348423605497171,
    0.5804365400161682,
    0.6200485044462409
  ],
  "prompt_norm": [
    44.573734283447266,
    53.48459243774414,
    58.50925064086914,
    64.2147216796875,
    70.08279418945312,
    75.23235321044922,
    77.15106964111328,
    82.19635772705078,
    84.80780792236328,
    89.7643051147461
  ]
}