{
  "train_joint": [
    11.29949433830347,
    8.739548814966437,
    4.689681323726526,
    1.9220105564996097,
    1.0713874618658858,
    0.6751661429579339,
    0.4949445122413421,
    0.4139728950985362,
    0.35055153544029494,
    0.3229511967535769
  ],
  "train_task": [
    11.29949433830347,
    8.739548814966437,
    4.689681323726526,
    1.9220105564996097,
    1.0713874618658858,
    0.6751661429579339,
    0.4949445122413421,
    0.4139728950985362,
    0.35055153544029494,
    0.3229511967535769
  ],
  "val_loss": [
    9.233369171328661,
    5.331955937641423,
    0.7810397228089775,
    0.23195152500780616,
    0.17422724911352483,
    0.17231259131576956,
    0.16623802290457051,
    0.16804032885446782,
    0.1673501596218202,
    0.16564062379482317
  ],
  "val_acc": [
    0.40458715596330275,
    0.39541284403669724,
    0.3798165137614679,
    0.6097859327217126,
    0.5862385321100917,
    0.6204892966360857,
    0.6204892966360857,
    0.5899082568807339,
    0.6039755351681957,
    0.6100917431192661
  ],
  "val_acc_true": [
    0.07033939990162322,
    0.051647811116576486,
    0.003935071323167732,
    0.9291687161829808,
    0.7875061485489424,
    0.9793408755533693,
    0.940973930152484,
    0.7442203639940974,
    0.8214461387112642,
    0.8922774225282833
  ],
  "val_acc_false": [
    0.9539207760711399,
    0.9603880355699272,
    0.9975747776879548,
    0.08488278092158448,
    0.25545675020210185,
    0.030719482619240096,
    0.09377526273241714,
    0.33629749393694425,
    0.2465642683912692,
    0.1463217461600647
  ],
  "prompt_norm": [
    6.47062349319458,
    6.500657081604004,
    6.53225040435791,
    6.5631561279296875,
    6.594028949737549,
    6.623760223388672,
    6.653519630432129,
    6.683769702911377,
    6.712206840515137,
    6.7424821853637695
  ]
}