{
  "train_joint": [
    13.672765506787247,
    12.778696675247021,
    12.623765604683522,
    12.640667231699053,
    12.440444759840377,
    12.144861769944095,
    12.10072099492791,
    11.956617046741957,
    11.936074529069193,
    11.95249928249402
  ],
  "train_task": [
    13.672765506787247,
    12.778696675247021,
    12.623765604683522,
    12.640667231699053,
    12.440444759840377,
    12.144861769944095,
    12.10072099492791,
    11.956617046741957,
    11.936074529069193,
    11.95249928249402
  ],
  "val_loss": [
    13.15930689834967,
    12.896632529468071,
    12.755231936384991,
    11.914228839409061,
    11.752944043787513,
    11.715586015654774,
    11.66161231994629,
    11.633240253169362,
    11.602791362855493,
    11.541904375029773
  ],
  "val_acc": [
    0.5376146788990825,
    0.5241590214067279,
    0.46636085626911317,
    0.45565749235474007,
    0.4507645259938838,
    0.4541284403669725,
    0.4620795107033639,
    0.4620795107033639,
    0.4709480122324159,
    0.4785932721712538
  ],
  "val_acc_true": [
    0.2867683226758485,
    0.25676340383669455,
    0.161829808165273,
    0.1500245941957698,
    0.1529758976881456,
    0.16379734382685687,
    0.18199704869650762,
    0.18298081652729956,
    0.20462370880472208,
    0.21495327102803738
  ],
  "val_acc_false": [
    0.9498787388843978,
    0.9636216653193209,
    0.9668552950687146,
    0.957962813257882,
    0.9401778496362166,
    0.931285367825384,
    0.9223928860145514,
    0.9207760711398545,
    0.9086499595796281,
    0.9118835893290218
  ],
  "prompt_norm": [
    0.6368409395217896,
    0.6371593475341797,
    0.6396925449371338,
    0.6416207551956177,
    0.6448860168457031,
    0.6490968465805054,
    0.65262770652771,
    0.6559645533561707,
    0.6592198014259338,
    0.6615277528762817
  ]
}