{
  "train_joint": [
    12.270010841026735,
    9.69848054392954,
    6.6138000091809905,
    4.043124262670453,
    2.5427951022480313,
    1.655766982041048,
    1.141706337620703,
    0.8182799520117513,
    0.6212133443422532,
    0.5354486849200859
  ],
  "train_task": [
    12.270010841026735,
    9.69848054392954,
    6.6138000091809905,
    4.043124262670453,
    2.5427951022480313,
    1.655766982041048,
    1.141706337620703,
    0.8182799520117513,
    0.6212133443422532,
    0.5354486849200859
  ],
  "val_loss": [
    10.222936606988675,
    6.784613504642394,
    1.7619766764524507,
    0.518431460566637,
    0.2541144232197506,
    0.2363687638829394,
    0.1708940401673317,
    0.16662981332075305,
    0.16762801554144882,
    0.16544448409865542
  ],
  "val_acc": [
    0.4773700305810398,
    0.41834862385321103,
    0.5981651376146789,
    0.7061162079510703,
    0.689908256880734,
    0.6403669724770642,
    0.6452599388379205,
    0.6464831804281346,
    0.637308868501529,
    0.6302752293577981
  ],
  "val_acc_true": [
    0.19970486965076242,
    0.08116084604033448,
    0.4894244958189867,
    0.9385145105755042,
    0.9055582882439744,
    0.9945892769306444,
    0.9153959665518937,
    0.9675356615838662,
    0.9793408755533693,
    0.926709296606001
  ],
  "val_acc_false": [
    0.9337105901374293,
    0.9725141471301536,
    0.7768795472918351,
    0.3241713823767179,
    0.3354890864995958,
    0.0582053354890865,
    0.20129345189975748,
    0.11883589329021826,
    0.07518189167340339,
    0.14308811641067098
  ],
  "prompt_norm": [
    4.577696323394775,
    4.59791374206543,
    4.6211466789245605,
    4.64351224899292,
    4.665038585662842,
    4.686610221862793,
    4.707596302032471,
    4.728788375854492,
    4.750513553619385,
    4.771396636962891
  ]
}