{
  "train_joint": [
    15.837066168195745,
    13.106672113397149,
    12.318964242399408,
    11.853435010588571,
    10.45695989373025,
    9.510849061173,
    8.91966016962287,
    8.29610464331809,
    7.692137660337298,
    7.161996870362357
  ],
  "train_task": [
    15.837066168195745,
    13.106672113397149,
    12.318964242399408,
    11.853435010588571,
    10.45695989373025,
    9.510849061173,
    8.91966016962287,
    8.29610464331809,
    7.692137660337298,
    7.161996870362357
  ],
  "val_loss": [
    13.016546537817979,
    12.175367113439048,
    11.731009408904285,
    10.206494108060511,
    8.805733536510933,
    7.635905644951797,
    6.110326739055354,
    5.0462158296166395,
    3.543364089872779,
    2.2598629509530417
  ],
  "val_acc": [
    0.5434250764525994,
    0.4675840978593272,
    0.42201834862385323,
    0.41773700305810396,
    0.39877675840978594,
    0.40886850152905196,
    0.4474006116207951,
    0.4917431192660551,
    0.5678899082568807,
    0.5507645259938838
  ],
  "val_acc_true": [
    0.2926709296606001,
    0.15789473684210525,
    0.07870142646335465,
    0.06886374815543532,
    0.03590752582390556,
    0.05656665027053615,
    0.12887358583374323,
    0.21446138711264143,
    0.37137235612395475,
    0.35169699950811606
  ],
  "val_acc_false": [
    0.9555375909458367,
    0.9765561843168957,
    0.9862570735650767,
    0.9911075181891673,
    0.9951495553759094,
    0.9878738884397736,
    0.9708973322554567,
    0.9474535165723524,
    0.8908649959579629,
    0.8779304769603881
  ],
  "prompt_norm": [
    1.4386764764785767,
    1.4439126253128052,
    1.4486347436904907,
    1.4528346061706543,
    1.4632186889648438,
    1.4760611057281494,
    1.4843690395355225,
    1.493321180343628,
    1.502396583557129,
    1.5101152658462524
  ]
}