{
  "train_joint": [
    4.753898337182035,
    1.1606328251656521,
    0.744302136375663,
    0.6210682096106283,
    0.5251496420817429,
    0.5311687192555224,
    0.48857045890240186,
    0.4721069461843941,
    0.4392164756073041,
    0.4195099543654517
  ],
  "train_task": [
    4.753898337182035,
    1.1606328251656521,
    0.744302136375663,
    0.6210682096106283,
    0.5251496420817429,
    0.5311687192555224,
    0.48857045890240186,
    0.4721069461843941,
    0.4392164756073041,
    0.4195099543654517
  ],
  "val_loss": [
    0.2811691745297938,
    0.1782287688153546,
    0.1651384256598426,
    0.16537749632829574,
    0.17312074645263392,
    0.15344080310769198,
    0.16390385442390676,
    0.16346078100727826,
    0.1648414240741148,
    0.16385089602412248
  ],
  "val_acc": [
    0.6409785932721712,
    0.6311926605504588,
    0.6314984709480123,
    0.637308868501529,
    0.6278287461773701,
    0.6752293577981652,
    0.6376146788990825,
    0.6388379204892967,
    0.6324159021406728,
    0.636085626911315
  ],
  "val_acc_true": [
    0.9945892769306444,
    0.8583374323659616,
    0.8563698967043778,
    0.9872110181997049,
    0.9955730447614363,
    0.9695031972454501,
    0.9955730447614363,
    0.9803246433841614,
    0.9754058042302016,
    0.8711264141662568
  ],
  "val_acc_false": [
    0.05982215036378335,
    0.25788197251414713,
    0.26192400970088925,
    0.06224737267582862,
    0.023443815683104285,
    0.1915925626515764,
    0.04931285367825384,
    0.07760711398544867,
    0.068714632174616,
    0.2497978981406629
  ],
  "prompt_norm": [
    4.313624382019043,
    5.211530685424805,
    5.985135078430176,
    6.662248611450195,
    7.240577697753906,
    7.79340124130249,
    8.299554824829102,
    8.78048324584961,
    9.22316837310791,
    9.654853820800781
  ]
}