{
  "train_joint": [
    13.993014584230574,
    11.102215070403025,
    10.236427131395661,
    9.089859184522307,
    7.312667353769367,
    5.179758388540718,
    3.469948873894938,
    2.5063608788372425,
    2.037468557545308,
    1.687475249606572
  ],
  "train_task": [
    13.993014584230574,
    11.102215070403025,
    10.236427131395661,
    9.089859184522307,
    7.312667353769367,
    5.179758388540718,
    3.469948873894938,
    2.5063608788372425,
    2.037468557545308,
    1.687475249606572
  ],
  "val_loss": [
    10.860628216441084,
    9.679646771128585,
    8.481059269788789,
    6.777245482002817,
    4.165804095384551,
    0.8071995264146387,
    0.28995764204641666,
    0.19580503055235235,
    0.18164040362689554,
    0.1701092525226314
  ],
  "val_acc": [
    0.40244648318042814,
    0.38440366972477064,
    0.38623853211009174,
    0.3908256880733945,
    0.37889908256880733,
    0.3853211009174312,
    0.4724770642201835,
    0.5908256880733945,
    0.636085626911315,
    0.6305810397553517
  ],
  "val_acc_true": [
    0.046237088047220855,
    0.010329562223315297,
    0.01426463354648303,
    0.026069847515986226,
    0.0014756517461878996,
    0.01721593703885883,
    0.29070339399901624,
    0.6851942941465814,
    0.8922774225282833,
    0.8199704869650762
  ],
  "val_acc_false": [
    0.9878738884397736,
    0.9991915925626516,
    0.9975747776879548,
    0.9902991107518189,
    0.9991915925626516,
    0.9902991107518189,
    0.7712206952303962,
    0.4357316087308003,
    0.21503637833468067,
    0.3193209377526273
  ],
  "prompt_norm": [
    2.8868796825408936,
    2.8959290981292725,
    2.906998634338379,
    2.9202377796173096,
    2.935208320617676,
    2.9506237506866455,
    2.9637482166290283,
    2.97584867477417,
    2.9885337352752686,
    3.0026533603668213
  ]
}